date,classification,Account,daily_pnl,win_rate,avg_trade_size,trade_count,long_short_ratio,archetype,next_day_pnl,is_profitable_next
2024-11-11,Extreme Greed,0x083384f897ee0f19899168e3b1bec365f52a9012,0.0,0.0,5089.718248587571,177,0.33691756272401435,0,0.0,0
2024-11-17,Extreme Greed,0x083384f897ee0f19899168e3b1bec365f52a9012,0.0,0.0,7976.664411764705,68,0.5367647058823529,0,0.0,0
2024-11-18,Extreme Greed,0x083384f897ee0f19899168e3b1bec365f52a9012,0.0,0.0,23734.5,40,0.5656108597285068,2,-21227.0,0
2024-11-22,Extreme Greed,0x083384f897ee0f19899168e3b1bec365f52a9012,-21227.0,0.0,28186.666666666668,12,0.9289772727272727,2,1603.1,1
2024-11-26,Extreme Greed,0x083384f897ee0f19899168e3b1bec365f52a9012,1603.1,0.4444444444444444,17248.14814814815,27,1.8761904761904762,0,-132271.0,0
2024-11-28,Extreme Greed,0x083384f897ee0f19899168e3b1bec365f52a9012,-132271.0,0.0,16058.536341463414,82,1.656,0,0.0,0
2024-11-30,Extreme Greed,0x083384f897ee0f19899168e3b1bec365f52a9012,0.0,0.0,48561.68565217392,23,0.3814814814814815,2,-175611.00005600002,0
2024-12-06,Greed,0x083384f897ee0f19899168e3b1bec365f52a9012,-175611.00005600002,0.0,36736.36242424243,33,1.0353535353535352,2,71393.964098,1
2025-01-19,Extreme Greed,0x083384f897ee0f19899168e3b1bec365f52a9012,71393.964098,0.04946236559139785,11410.954021505377,465,1.1584022038567494,0,40218.599998,1
2025-01-20,Extreme Greed,0x083384f897ee0f19899168e3b1bec365f52a9012,40218.599998,0.5490196078431373,9400.588039215687,51,1.3482142857142858,0,76710.0,1
2025-02-02,Greed,0x083384f897ee0f19899168e3b1bec365f52a9012,76710.0,0.9,185847.0,10,1.713991769547325,2,101011.685664,1
2025-02-03,Fear,0x083384f897ee0f19899168e3b1bec365f52a9012,101011.685664,0.30512514898688914,23593.019856972587,839,0.8463925523661753,2,375620.270243,1
2025-02-04,Greed,0x083384f897ee0f19899168e3b1bec365f52a9012,375620.270243,0.15630885122410546,10576.687156308852,531,0.8349159970781592,0,44400.9058,1
2025-02-05,Neutral,0x083384f897ee0f19899168e3b1bec365f52a9012,44400.9058,0.37142857142857144,26585.06338095238,210,1.1332236842105263,2,30897.0887,1
2025-02-09,Neutral,0x083384f897ee0f19899168e3b1bec365f52a9012,30897.0887,0.9361702127659575,10161.056241134751,141,1.2738095238095237,0,55086.0,1
2025-02-10,Fear,0x083384f897ee0f19899168e3b1bec365f52a9012,55086.0,0.3333333333333333,32032.5,48,0.6805293005671077,2,0.0,0
2025-02-11,Neutral,0x083384f897ee0f19899168e3b1bec365f52a9012,0.0,0.0,134600.00166666668,6,0.7448559670781894,2,10152.12224,1
2025-02-24,Neutral,0x083384f897ee0f19899168e3b1bec365f52a9012,10152.12224,0.5254237288135594,27178.041694915253,59,1.3786531130876747,2,115445.395538,1
2025-02-25,Fear,0x083384f897ee0f19899168e3b1bec365f52a9012,115445.395538,0.4246575342465753,13233.776894977169,219,2.1074626865671644,0,115287.0,1
2025-02-28,Extreme Fear,0x083384f897ee0f19899168e3b1bec365f52a9012,115287.0,0.01818181818181818,24958.908545454546,55,1.0838445807770962,2,9482.221441,1
2025-03-01,Extreme Fear,0x083384f897ee0f19899168e3b1bec365f52a9012,9482.221441,0.8,2985.797555555556,45,1.5217391304347827,0,533974.662903,1
2025-03-03,Fear,0x083384f897ee0f19899168e3b1bec365f52a9012,533974.662903,0.8424336973478939,8371.136099843994,641,2.5883777239709445,0,40200.0,1
2025-03-24,Neutral,0x083384f897ee0f19899168e3b1bec365f52a9012,40200.0,0.8,79640.0,5,0.2616707616707617,2,307855.80341,1
2025-04-12,Fear,0x083384f897ee0f19899168e3b1bec365f52a9012,307855.80341,1.0,21491.640322580646,31,0.6111535523300229,0,,0
2024-11-30,Extreme Greed,0x23e7a7f8d14b550961925fbfdaa92f5d195ba5bd,11715.94323,0.8363636363636363,2469.9509090909087,55,0.3814814814814815,0,0.0,0
2024-12-01,Extreme Greed,0x23e7a7f8d14b550961925fbfdaa92f5d195ba5bd,0.0,0.0,0.06,1,0.5294117647058824,0,0.0,0
2024-12-06,Greed,0x23e7a7f8d14b550961925fbfdaa92f5d195ba5bd,0.0,0.0,1426.8700000000001,34,1.0353535353535352,0,3515.031065,1
2024-12-07,Extreme Greed,0x23e7a7f8d14b550961925fbfdaa92f5d195ba5bd,3515.031065,0.9615384615384616,2001.101153846154,26,0.5670103092783505,0,0.0,0
2024-12-09,Extreme Greed,0x23e7a7f8d14b550961925fbfdaa92f5d195ba5bd,0.0,0.0,1131.888695652174,46,5.416666666666667,0,2517.787385,1
2024-12-10,Extreme Greed,0x23e7a7f8d14b550961925fbfdaa92f5d195ba5bd,2517.787385,0.984375,852.88625,64,0.4971857410881801,0,1613.165903,1
2024-12-18,Extreme Greed,0x23e7a7f8d14b550961925fbfdaa92f5d195ba5bd,1613.165903,0.2542372881355932,1913.523898305085,59,1.0014005602240896,0,0.0,0
2024-12-19,Extreme Greed,0x23e7a7f8d14b550961925fbfdaa92f5d195ba5bd,0.0,0.0,0.11,1,0.5617399438727783,0,1245.51851,1
2024-12-20,Greed,0x23e7a7f8d14b550961925fbfdaa92f5d195ba5bd,1245.51851,0.6176470588235294,10051.199411764705,34,0.8307579102281089,0,0.0,0
2025-01-13,Greed,0x23e7a7f8d14b550961925fbfdaa92f5d195ba5bd,0.0,0.0,2845.9646153846156,13,1.4285714285714286,0,4493.232479,1
2025-01-17,Extreme Greed,0x23e7a7f8d14b550961925fbfdaa92f5d195ba5bd,4493.232479,1.0,2440.6282352941175,17,0.6643356643356644,0,1047.030992,1
2025-01-18,Extreme Greed,0x23e7a7f8d14b550961925fbfdaa92f5d195ba5bd,1047.030992,0.717948717948718,2154.3915384615384,39,1.1845637583892616,0,4842.054317,1
2025-01-19,Extreme Greed,0x23e7a7f8d14b550961925fbfdaa92f5d195ba5bd,4842.054317,0.6451612903225806,2194.294758064516,124,1.1584022038567494,0,1693.493165,1
2025-01-24,Extreme Greed,0x23e7a7f8d14b550961925fbfdaa92f5d195ba5bd,1693.493165,0.584070796460177,1737.369557522124,339,0.6937984496124031,0,4221.156399,1
2025-01-25,Extreme Greed,0x23e7a7f8d14b550961925fbfdaa92f5d195ba5bd,4221.156399,0.07407407407407407,2398.331666666667,54,1.649214659685864,0,0.0,0
2025-01-27,Greed,0x23e7a7f8d14b550961925fbfdaa92f5d195ba5bd,0.0,0.0,1519.465681818182,44,1.9391634980988592,0,6899.2458320000005,1
2025-01-28,Greed,0x23e7a7f8d14b550961925fbfdaa92f5d195ba5bd,6899.2458320000005,1.0,1317.0667857142857,56,0.4604105571847507,0,0.0,0
2025-01-29,Greed,0x23e7a7f8d14b550961925fbfdaa92f5d195ba5bd,0.0,0.0,1602.9452173913044,46,0.9279661016949152,0,7372.485101,1
2025-01-30,Greed,0x23e7a7f8d14b550961925fbfdaa92f5d195ba5bd,7372.485101,1.0,1474.6896363636365,55,0.33375,0,1162.002541,1
2025-02-01,Greed,0x23e7a7f8d14b550961925fbfdaa92f5d195ba5bd,1162.002541,0.32051282051282054,2094.719358974359,78,1.24822695035461,0,6352.452613,1
2025-02-02,Greed,0x23e7a7f8d14b550961925fbfdaa92f5d195ba5bd,6352.452613,0.4506769825918762,2792.42166344294,517,1.713991769547325,0,-12346.990829,0
2025-02-11,Neutral,0x23e7a7f8d14b550961925fbfdaa92f5d195ba5bd,-12346.990829,0.0,612.1092741935485,124,0.7448559670781894,0,355.5854,1
2025-02-12,Neutral,0x23e7a7f8d14b550961925fbfdaa92f5d195ba5bd,355.5854,0.7987421383647799,2687.4032704402516,159,0.6496,0,1129.8489260000001,1
2025-02-24,Neutral,0x23e7a7f8d14b550961925fbfdaa92f5d195ba5bd,1129.8489260000001,0.325,1641.2224999999999,160,1.3786531130876747,0,-6820.76955,0
2025-02-25,Fear,0x23e7a7f8d14b550961925fbfdaa92f5d195ba5bd,-6820.76955,0.0,82910.81,1,2.1074626865671644,2,0.0,0
2025-02-28,Extreme Fear,0x23e7a7f8d14b550961925fbfdaa92f5d195ba5bd,0.0,0.0,1462.824423076923,52,1.0838445807770962,0,2480.902379,1
2025-03-03,Fear,0x23e7a7f8d14b550961925fbfdaa92f5d195ba5bd,2480.902379,0.45454545454545453,1999.099181818182,110,2.5883777239709445,0,-3169.3554679999997,0
2025-03-04,Extreme Fear,0x23e7a7f8d14b550961925fbfdaa92f5d195ba5bd,-3169.3554679999997,0.0,1756.5103076923076,65,2.672782874617737,0,0.0,0
2025-03-07,Fear,0x23e7a7f8d14b550961925fbfdaa92f5d195ba5bd,0.0,0.0,1499.4978378378378,37,0.9260377358490566,0,2099.019688,1
2025-03-08,Fear,0x23e7a7f8d14b550961925fbfdaa92f5d195ba5bd,2099.019688,1.0,1225.1170212765958,47,1.1950207468879668,0,656.540742,1
2025-03-09,Fear,0x23e7a7f8d14b550961925fbfdaa92f5d195ba5bd,656.540742,0.8769230769230769,2676.518153846154,65,1.9936842105263157,0,-1065.797583,0
2025-03-10,Extreme Fear,0x23e7a7f8d14b550961925fbfdaa92f5d195ba5bd,-1065.797583,0.9622641509433962,3326.2756603773582,53,1.1707680835197614,0,1591.753271,1
2025-03-12,Fear,0x23e7a7f8d14b550961925fbfdaa92f5d195ba5bd,1591.753271,0.9811320754716981,2184.328113207547,53,0.7096079276174063,0,-2315.377191,0
2025-03-13,Neutral,0x23e7a7f8d14b550961925fbfdaa92f5d195ba5bd,-2315.377191,0.0,4259.311481481482,27,0.9473684210526315,0,0.0,0
2025-03-28,Fear,0x23e7a7f8d14b550961925fbfdaa92f5d195ba5bd,0.0,0.0,1460.115,42,2.7333333333333334,0,-5018.466447,0
2025-03-29,Fear,0x23e7a7f8d14b550961925fbfdaa92f5d195ba5bd,-5018.466447,0.0,580.479381443299,97,1.1114827201783724,0,716.143949,1
2025-03-31,Fear,0x23e7a7f8d14b550961925fbfdaa92f5d195ba5bd,716.143949,0.535483870967742,730.8744516129032,155,0.7615658362989324,0,0.0,0
2025-04-03,Fear,0x23e7a7f8d14b550961925fbfdaa92f5d195ba5bd,0.0,0.0,54768.6,1,1.207070707070707,2,0.0,0
2025-04-15,Fear,0x23e7a7f8d14b550961925fbfdaa92f5d195ba5bd,0.0,0.0,16.37,1,0.4371029224904701,0,-95.985744,0
2025-04-16,Fear,0x23e7a7f8d14b550961925fbfdaa92f5d195ba5bd,-95.985744,0.011363636363636364,780.4484090909092,88,1.0802069857697283,0,-133.41237,0
2025-04-17,Fear,0x23e7a7f8d14b550961925fbfdaa92f5d195ba5bd,-133.41237,0.16,730.92608,125,0.49420289855072463,0,951.934443,1
2025-04-18,Fear,0x23e7a7f8d14b550961925fbfdaa92f5d195ba5bd,951.934443,0.43686502177068215,766.7829027576198,689,0.6628621597892889,0,371.503,1
2025-04-19,Fear,0x23e7a7f8d14b550961925fbfdaa92f5d195ba5bd,371.503,0.7226277372262774,552.0850851581508,411,0.5590374930050364,0,-1892.58947,0
2025-04-20,Fear,0x23e7a7f8d14b550961925fbfdaa92f5d195ba5bd,-1892.58947,0.4129353233830846,963.6022222222223,603,1.194905869324474,0,3434.689308,1
2025-04-21,Fear,0x23e7a7f8d14b550961925fbfdaa92f5d195ba5bd,3434.689308,1.0,887.6931958762888,97,0.5421903052064632,0,2654.14315,1
2025-04-23,Greed,0x23e7a7f8d14b550961925fbfdaa92f5d195ba5bd,2654.14315,0.5915492957746479,2593.2515492957746,568,2.1731066460587325,0,1867.252909,1
2025-04-24,Greed,0x23e7a7f8d14b550961925fbfdaa92f5d195ba5bd,1867.252909,0.48970588235294116,1679.7829852941175,680,1.2120911793855302,0,1969.39321,1
2025-04-25,Greed,0x23e7a7f8d14b550961925fbfdaa92f5d195ba5bd,1969.39321,0.12121212121212122,3782.839757575757,330,0.7006172839506173,0,-4648.8710550000005,0
2025-04-26,Greed,0x23e7a7f8d14b550961925fbfdaa92f5d195ba5bd,-4648.8710550000005,0.0,284.5678402366864,338,1.146110056925996,0,0.0,0
2025-04-27,Greed,0x23e7a7f8d14b550961925fbfdaa92f5d195ba5bd,0.0,0.0,1435.3307462686569,67,1.6328125,0,5179.772745,1
2025-04-30,Greed,0x23e7a7f8d14b550961925fbfdaa92f5d195ba5bd,5179.772745,1.0,1221.0467469879518,83,3.0472727272727274,0,1243.853569,1
2025-05-01,Neutral,0x23e7a7f8d14b550961925fbfdaa92f5d195ba5bd,1243.853569,0.324,815.50576,250,1.2610294117647058,0,,0
2024-07-15,Neutral,0x271b280974205ca63b716753467d5a371de622ab,-1.0,0.0,6070.2,5,0.08333333333333333,0,1584.342755,1
2024-11-29,Extreme Greed,0x271b280974205ca63b716753467d5a371de622ab,1584.342755,1.0,1584.35,1,0.6040816326530613,0,208.81746,1
2024-12-05,Extreme Greed,0x271b280974205ca63b716753467d5a371de622ab,208.81746,0.75,39530.9875,4,0.7272727272727273,2,16706.884912,1
2025-04-09,Extreme Fear,0x271b280974205ca63b716753467d5a371de622ab,16706.884912,0.37641154328732745,6131.710464240904,797,0.8007262823422605,0,13264.043303999999,1
2025-04-10,Fear,0x271b280974205ca63b716753467d5a371de622ab,13264.043303999999,0.5575221238938053,21898.95651917404,339,1.1484848484848484,2,5942.547242,1
2025-04-19,Fear,0x271b280974205ca63b716753467d5a371de622ab,5942.547242,0.12779552715654952,8678.024504792333,313,0.5590374930050364,0,8277.307357,1
2025-04-20,Fear,0x271b280974205ca63b716753467d5a371de622ab,8277.307357,0.49130938586326767,3079.8473348783314,863,1.194905869324474,0,2638.012587,1
2025-04-21,Fear,0x271b280974205ca63b716753467d5a371de622ab,2638.012587,0.17280453257790368,1965.9329745042492,353,0.5421903052064632,0,-19037.340561,0
2025-04-22,Neutral,0x271b280974205ca63b716753467d5a371de622ab,-19037.340561,0.0,8110.89095959596,594,0.899873257287706,0,-108176.9187,0
2025-04-23,Greed,0x271b280974205ca63b716753467d5a371de622ab,-108176.9187,0.14072494669509594,20030.785479744136,469,2.1731066460587325,0,8157.112326,1
2025-04-24,Greed,0x271b280974205ca63b716753467d5a371de622ab,8157.112326,0.9428571428571428,15603.565285714287,70,1.2120911793855302,0,0.0,0
2025-04-25,Greed,0x271b280974205ca63b716753467d5a371de622ab,0.0,0.0,0.17,1,0.7006172839506173,0,,0
2024-11-16,Extreme Greed,0x28736f43f1e871e6aa8b1148d38d4994275d72c4,159.100072,0.17204301075268819,373.7049462365591,93,0.9625,0,161.289904,1
2024-11-17,Extreme Greed,0x28736f43f1e871e6aa8b1148d38d4994275d72c4,161.289904,0.35789473684210527,353.5228421052631,95,0.5367647058823529,0,147.410285,1
2024-11-18,Extreme Greed,0x28736f43f1e871e6aa8b1148d38d4994275d72c4,147.410285,0.41358024691358025,666.941975308642,162,0.5656108597285068,0,233.36546,1
2024-11-19,Extreme Greed,0x28736f43f1e871e6aa8b1148d38d4994275d72c4,233.36546,0.48826291079812206,895.9638028169014,213,1.103448275862069,0,-316.245208,0
2024-11-20,Extreme Greed,0x28736f43f1e871e6aa8b1148d38d4994275d72c4,-316.245208,0.3464373464373464,2149.553218673219,407,0.7973856209150327,0,780.001314,1
2024-11-21,Extreme Greed,0x28736f43f1e871e6aa8b1148d38d4994275d72c4,780.001314,0.34977578475336324,729.007130044843,446,0.7833333333333333,0,141.21958999999998,1
2024-11-22,Extreme Greed,0x28736f43f1e871e6aa8b1148d38d4994275d72c4,141.21958999999998,0.3117782909930716,422.0099076212471,433,0.9289772727272727,0,673.6312,1
2024-11-23,Extreme Greed,0x28736f43f1e871e6aa8b1148d38d4994275d72c4,673.6312,0.40384615384615385,333.45923076923077,156,0.704225352112676,0,108.321127,1
2024-11-24,Extreme Greed,0x28736f43f1e871e6aa8b1148d38d4994275d72c4,108.321127,0.42028985507246375,200.7391304347826,69,1.4927536231884058,0,464.281002,1
2024-11-25,Extreme Greed,0x28736f43f1e871e6aa8b1148d38d4994275d72c4,464.281002,0.4222222222222222,324.3673333333333,225,0.9767441860465116,0,-508.290641,0
2024-11-26,Extreme Greed,0x28736f43f1e871e6aa8b1148d38d4994275d72c4,-508.290641,0.35023041474654376,1012.5778341013826,217,1.8761904761904762,0,193.66415899999998,1
2024-11-27,Extreme Greed,0x28736f43f1e871e6aa8b1148d38d4994275d72c4,193.66415899999998,0.4378698224852071,1110.83224852071,169,0.5106382978723404,0,165.532644,1
2024-11-28,Extreme Greed,0x28736f43f1e871e6aa8b1148d38d4994275d72c4,165.532644,0.37681159420289856,946.0768115942029,207,1.656,0,9551.73423,1
2024-11-29,Extreme Greed,0x28736f43f1e871e6aa8b1148d38d4994275d72c4,9551.73423,0.44660194174757284,388.948786407767,206,0.6040816326530613,0,5590.528248,1
2024-11-30,Extreme Greed,0x28736f43f1e871e6aa8b1148d38d4994275d72c4,5590.528248,0.461038961038961,315.52253246753247,154,0.3814814814814815,0,4458.25495,1
2024-12-01,Extreme Greed,0x28736f43f1e871e6aa8b1148d38d4994275d72c4,4458.25495,0.5025906735751295,247.12725388601035,193,0.5294117647058824,0,1283.846047,1
2024-12-02,Extreme Greed,0x28736f43f1e871e6aa8b1148d38d4994275d72c4,1283.846047,0.5214285714285715,140.36935714285713,140,1.368421052631579,0,1190.358719,1
2024-12-03,Extreme Greed,0x28736f43f1e871e6aa8b1148d38d4994275d72c4,1190.358719,0.47435897435897434,92.37217948717948,78,0.8333333333333334,0,9066.169646,1
2024-12-04,Extreme Greed,0x28736f43f1e871e6aa8b1148d38d4994275d72c4,9066.169646,0.5357142857142857,165.78285714285715,112,0.4304932735426009,0,14685.787664,1
2024-12-05,Extreme Greed,0x28736f43f1e871e6aa8b1148d38d4994275d72c4,14685.787664,0.4897959183673469,259.2459183673469,98,0.7272727272727273,0,389.176232,1
2024-12-06,Greed,0x28736f43f1e871e6aa8b1148d38d4994275d72c4,389.176232,0.2318840579710145,129.80536231884057,69,1.0353535353535352,0,4008.012049,1
2024-12-07,Extreme Greed,0x28736f43f1e871e6aa8b1148d38d4994275d72c4,4008.012049,0.4186046511627907,159.67825581395348,86,0.5670103092783505,0,554.009942,1
2024-12-08,Extreme Greed,0x28736f43f1e871e6aa8b1148d38d4994275d72c4,554.009942,0.4215686274509804,77.67176470588235,102,0.24260355029585798,0,768.430838,1
2024-12-09,Extreme Greed,0x28736f43f1e871e6aa8b1148d38d4994275d72c4,768.430838,0.5915492957746479,88.1318309859155,213,5.416666666666667,0,980.557461,1
2024-12-10,Extreme Greed,0x28736f43f1e871e6aa8b1148d38d4994275d72c4,980.557461,0.6751592356687898,119.62222929936306,157,0.4971857410881801,0,1582.001112,1
2024-12-11,Greed,0x28736f43f1e871e6aa8b1148d38d4994275d72c4,1582.001112,0.34408602150537637,124.41204301075268,93,0.16285714285714287,0,5806.86932,1
2024-12-12,Extreme Greed,0x28736f43f1e871e6aa8b1148d38d4994275d72c4,5806.86932,0.5578231292517006,150.14530612244897,147,0.2786234281932495,0,1522.284412,1
2024-12-13,Extreme Greed,0x28736f43f1e871e6aa8b1148d38d4994275d72c4,1522.284412,0.45806451612903226,88.59193548387097,155,1.3601609657947686,0,13281.73126,1
2024-12-14,Extreme Greed,0x28736f43f1e871e6aa8b1148d38d4994275d72c4,13281.73126,0.7727272727272727,187.5361038961039,154,0.9296875,0,5389.96219,1
2024-12-15,Extreme Greed,0x28736f43f1e871e6aa8b1148d38d4994275d72c4,5389.96219,0.49635036496350365,125.00722627737227,137,1.9982332155477032,0,13190.248859,1
2024-12-16,Extreme Greed,0x28736f43f1e871e6aa8b1148d38d4994275d72c4,13190.248859,0.6695652173913044,131.2383043478261,230,0.6693037974683544,0,4454.939378,1
2024-12-17,Extreme Greed,0x28736f43f1e871e6aa8b1148d38d4994275d72c4,4454.939378,0.430939226519337,112.67668508287292,181,0.7807339449541284,0,3624.489655,1
2024-12-18,Extreme Greed,0x28736f43f1e871e6aa8b1148d38d4994275d72c4,3624.489655,0.418848167539267,124.92068062827224,191,1.0014005602240896,0,1525.329937,1
2024-12-19,Extreme Greed,0x28736f43f1e871e6aa8b1148d38d4994275d72c4,1525.329937,0.39215686274509803,197.00485294117647,204,0.5617399438727783,0,7812.716373,1
2024-12-20,Greed,0x28736f43f1e871e6aa8b1148d38d4994275d72c4,7812.716373,0.5721649484536082,289.6046907216495,194,0.8307579102281089,0,7465.899936,1
2024-12-21,Greed,0x28736f43f1e871e6aa8b1148d38d4994275d72c4,7465.899936,0.5046728971962616,215.33785046728974,107,0.5493087557603686,0,1174.025529,1
2024-12-22,Greed,0x28736f43f1e871e6aa8b1148d38d4994275d72c4,1174.025529,0.5189873417721519,174.83481012658228,79,1.3742331288343559,0,122.889996,1
2024-12-23,Greed,0x28736f43f1e871e6aa8b1148d38d4994275d72c4,122.889996,0.30526315789473685,212.30473684210526,95,0.7902364607170099,0,1555.956456,1
2024-12-24,Greed,0x28736f43f1e871e6aa8b1148d38d4994275d72c4,1555.956456,0.3125,282.42354166666667,48,0.5363636363636364,0,1530.919365,1
2024-12-25,Greed,0x28736f43f1e871e6aa8b1148d38d4994275d72c4,1530.919365,0.45454545454545453,284.1157575757576,66,0.7049180327868853,0,101.860928,1
2024-12-26,Extreme Greed,0x28736f43f1e871e6aa8b1148d38d4994275d72c4,101.860928,0.3333333333333333,223.8904761904762,84,1.1512345679012346,0,388.366016,1
2024-12-27,Greed,0x28736f43f1e871e6aa8b1148d38d4994275d72c4,388.366016,0.3561643835616438,221.81794520547948,73,1.113821138211382,0,506.512551,1
2024-12-28,Greed,0x28736f43f1e871e6aa8b1148d38d4994275d72c4,506.512551,0.36507936507936506,166.3415873015873,63,0.5480769230769231,0,115.51218300000001,1
2024-12-29,Greed,0x28736f43f1e871e6aa8b1148d38d4994275d72c4,115.51218300000001,0.5,140.99176470588236,34,0.5227272727272727,0,255.808312,1
2024-12-30,Greed,0x28736f43f1e871e6aa8b1148d38d4994275d72c4,255.808312,0.336,455.63544,125,1.512396694214876,0,496.221792,1
2024-12-31,Greed,0x28736f43f1e871e6aa8b1148d38d4994275d72c4,496.221792,0.29906542056074764,1121.107570093458,107,0.8545454545454545,0,109.82694000000001,1
2025-01-01,Greed,0x28736f43f1e871e6aa8b1148d38d4994275d72c4,109.82694000000001,0.3559322033898305,263.3476271186441,59,2.4285714285714284,0,416.546688,1
2025-01-02,Greed,0x28736f43f1e871e6aa8b1148d38d4994275d72c4,416.546688,0.45544554455445546,217.69336633663366,101,0.421259842519685,0,250.581483,1
2025-01-03,Greed,0x28736f43f1e871e6aa8b1148d38d4994275d72c4,250.581483,0.5217391304347826,217.15115942028987,69,0.49852507374631266,0,232.66549799999999,1
2025-01-04,Greed,0x28736f43f1e871e6aa8b1148d38d4994275d72c4,232.66549799999999,0.49382716049382713,156.68296296296296,81,0.2576271186440678,0,87.752181,1
2025-01-05,Greed,0x28736f43f1e871e6aa8b1148d38d4994275d72c4,87.752181,0.5365853658536586,101.1840243902439,82,0.3735632183908046,0,114.68421000000001,1
2025-01-06,Extreme Greed,0x28736f43f1e871e6aa8b1148d38d4994275d72c4,114.68421000000001,0.2625,82.075375,80,0.34823529411764703,0,267.846227,1
2025-01-07,Extreme Greed,0x28736f43f1e871e6aa8b1148d38d4994275d72c4,267.846227,0.6990291262135923,103.70087378640777,103,7.493333333333333,0,651.469355,1
2025-01-08,Greed,0x28736f43f1e871e6aa8b1148d38d4994275d72c4,651.469355,0.5704697986577181,489.99302013422823,149,2.5340136054421767,0,571.688942,1
2025-01-09,Greed,0x28736f43f1e871e6aa8b1148d38d4994275d72c4,571.688942,0.47572815533980584,728.4078640776698,103,0.6261682242990654,0,401.706348,1
2025-01-10,Neutral,0x28736f43f1e871e6aa8b1148d38d4994275d72c4,401.706348,0.44047619047619047,522.1204761904762,84,0.8079470198675497,0,157.228232,1
2025-01-11,Greed,0x28736f43f1e871e6aa8b1148d38d4994275d72c4,157.228232,0.43243243243243246,484.2756756756757,37,1.4188034188034189,0,274.773033,1
2025-01-12,Greed,0x28736f43f1e871e6aa8b1148d38d4994275d72c4,274.773033,0.6190476190476191,446.3861904761905,63,0.15547024952015356,0,53.846609,1
2025-01-13,Greed,0x28736f43f1e871e6aa8b1148d38d4994275d72c4,53.846609,0.3114754098360656,561.3780327868852,61,1.4285714285714286,0,894.564828,1
2025-01-14,Greed,0x28736f43f1e871e6aa8b1148d38d4994275d72c4,894.564828,0.8095238095238095,995.6730952380951,42,0.5027322404371585,0,55.137803,1
2025-01-15,Greed,0x28736f43f1e871e6aa8b1148d38d4994275d72c4,55.137803,0.42105263157894735,240.01052631578946,19,0.5344827586206896,0,238.995461,1
2025-01-16,Extreme Greed,0x28736f43f1e871e6aa8b1148d38d4994275d72c4,238.995461,0.3218390804597701,136.35540229885058,87,0.44357976653696496,0,168.92152,1
2025-01-17,Extreme Greed,0x28736f43f1e871e6aa8b1148d38d4994275d72c4,168.92152,0.5,118.53914285714285,70,0.6643356643356644,0,594.135892,1
2025-01-18,Extreme Greed,0x28736f43f1e871e6aa8b1148d38d4994275d72c4,594.135892,0.40540540540540543,195.20691119691122,259,1.1845637583892616,0,102.504343,1
2025-01-19,Extreme Greed,0x28736f43f1e871e6aa8b1148d38d4994275d72c4,102.504343,0.42934782608695654,155.71684782608696,184,1.1584022038567494,0,608.885905,1
2025-01-20,Extreme Greed,0x28736f43f1e871e6aa8b1148d38d4994275d72c4,608.885905,0.40828402366863903,169.7668047337278,169,1.3482142857142858,0,428.3738,1
2025-01-21,Extreme Greed,0x28736f43f1e871e6aa8b1148d38d4994275d72c4,428.3738,0.48936170212765956,262.3486170212766,94,0.37662337662337664,0,589.467131,1
2025-01-22,Extreme Greed,0x28736f43f1e871e6aa8b1148d38d4994275d72c4,589.467131,0.45535714285714285,120.82616071428572,112,0.5551401869158878,0,229.609892,1
2025-01-23,Extreme Greed,0x28736f43f1e871e6aa8b1148d38d4994275d72c4,229.609892,0.4672131147540984,128.88065573770493,122,0.8538812785388128,0,347.22838,1
2025-01-24,Extreme Greed,0x28736f43f1e871e6aa8b1148d38d4994275d72c4,347.22838,0.5,145.0465,120,0.6937984496124031,0,124.70498799999999,1
2025-01-25,Extreme Greed,0x28736f43f1e871e6aa8b1148d38d4994275d72c4,124.70498799999999,0.3983050847457627,241.47220338983053,118,1.649214659685864,0,273.211119,1
2025-01-26,Greed,0x28736f43f1e871e6aa8b1148d38d4994275d72c4,273.211119,0.4528301886792453,334.20924528301884,106,0.64,0,838.930696,1
2025-01-27,Greed,0x28736f43f1e871e6aa8b1148d38d4994275d72c4,838.930696,0.4253731343283582,1223.7995522388057,268,1.9391634980988592,0,1019.55769,1
2025-01-28,Greed,0x28736f43f1e871e6aa8b1148d38d4994275d72c4,1019.55769,0.4966887417218543,624.2161589403973,151,0.4604105571847507,0,152.618804,1
2025-01-29,Greed,0x28736f43f1e871e6aa8b1148d38d4994275d72c4,152.618804,0.5,340.8880952380952,42,0.9279661016949152,0,1234.2072,1
2025-01-30,Greed,0x28736f43f1e871e6aa8b1148d38d4994275d72c4,1234.2072,0.6395348837209303,394.06465116279065,86,0.33375,0,755.916254,1
2025-01-31,Extreme Greed,0x28736f43f1e871e6aa8b1148d38d4994275d72c4,755.916254,0.7755102040816326,374.2630612244898,49,0.4660894660894661,0,3.536668000000001,1
2025-02-01,Greed,0x28736f43f1e871e6aa8b1148d38d4994275d72c4,3.536668000000001,0.4117647058823529,1057.5154901960784,51,1.24822695035461,0,-1416.906536,0
2025-02-02,Greed,0x28736f43f1e871e6aa8b1148d38d4994275d72c4,-1416.906536,0.054945054945054944,1328.6620879120878,91,1.713991769547325,0,439.634046,1
2025-02-03,Fear,0x28736f43f1e871e6aa8b1148d38d4994275d72c4,439.634046,0.6,1251.5914666666667,75,0.8463925523661753,0,1291.500575,1
2025-02-04,Greed,0x28736f43f1e871e6aa8b1148d38d4994275d72c4,1291.500575,0.3541666666666667,1139.6597916666667,48,0.8349159970781592,0,696.8107239999999,1
2025-02-05,Neutral,0x28736f43f1e871e6aa8b1148d38d4994275d72c4,696.8107239999999,0.4457831325301205,912.4063855421687,83,1.1332236842105263,0,358.877096,1
2025-02-06,Neutral,0x28736f43f1e871e6aa8b1148d38d4994275d72c4,358.877096,0.37777777777777777,1453.7044444444446,45,2.153703703703704,0,932.4458159999999,1
2025-02-07,Fear,0x28736f43f1e871e6aa8b1148d38d4994275d72c4,932.4458159999999,0.6666666666666666,596.832037037037,54,1.687830687830688,0,0.0,0
2025-02-08,Fear,0x28736f43f1e871e6aa8b1148d38d4994275d72c4,0.0,0.0,630.2528125,32,3.6370967741935485,0,31.14195,1
2025-02-09,Neutral,0x28736f43f1e871e6aa8b1148d38d4994275d72c4,31.14195,0.6470588235294118,685.0323529411764,17,1.2738095238095237,0,436.833818,1
2025-02-10,Fear,0x28736f43f1e871e6aa8b1148d38d4994275d72c4,436.833818,0.6744186046511628,1075.9925581395348,43,0.6805293005671077,0,593.326371,1
2025-02-11,Neutral,0x28736f43f1e871e6aa8b1148d38d4994275d72c4,593.326371,0.4634146341463415,984.2039024390244,41,0.7448559670781894,0,198.780392,1
2025-02-12,Neutral,0x28736f43f1e871e6aa8b1148d38d4994275d72c4,198.780392,0.4576271186440678,717.646779661017,59,0.6496,0,287.27875,1
2025-02-13,Neutral,0x28736f43f1e871e6aa8b1148d38d4994275d72c4,287.27875,0.5,647.7471428571429,42,0.7631917631917632,0,404.813032,1
2025-02-14,Neutral,0x28736f43f1e871e6aa8b1148d38d4994275d72c4,404.813032,0.7872340425531915,536.6263829787234,47,0.47373107747105964,0,64.653448,1
2025-02-15,Neutral,0x28736f43f1e871e6aa8b1148d38d4994275d72c4,64.653448,0.8888888888888888,257.83222222222224,9,1.5961002785515321,0,59.664989,1
2025-02-16,Neutral,0x28736f43f1e871e6aa8b1148d38d4994275d72c4,59.664989,0.36363636363636365,503.33272727272725,11,1.0267857142857142,0,115.824682,1
2025-02-17,Neutral,0x28736f43f1e871e6aa8b1148d38d4994275d72c4,115.824682,0.6428571428571429,466.69214285714287,28,1.9591194968553458,0,45.659497,1
2025-02-18,Neutral,0x28736f43f1e871e6aa8b1148d38d4994275d72c4,45.659497,0.19444444444444445,404.88444444444445,36,1.6816,0,20.62415,1
2025-02-19,Fear,0x28736f43f1e871e6aa8b1148d38d4994275d72c4,20.62415,0.3181818181818182,508.5995454545455,22,1.738430583501006,0,278.142839,1
2025-02-20,Neutral,0x28736f43f1e871e6aa8b1148d38d4994275d72c4,278.142839,0.49056603773584906,429.3352830188679,53,0.6437908496732027,0,591.659533,1
2025-02-21,Greed,0x28736f43f1e871e6aa8b1148d38d4994275d72c4,591.659533,0.6559139784946236,320.8220430107527,93,0.6589902568644819,0,408.03639799999996,1
2025-02-22,Neutral,0x28736f43f1e871e6aa8b1148d38d4994275d72c4,408.03639799999996,0.29310344827586204,523.8093103448275,58,1.1042944785276074,0,39.91436,1
2025-02-23,Neutral,0x28736f43f1e871e6aa8b1148d38d4994275d72c4,39.91436,0.375,550.5720833333334,24,1.1940928270042195,0,180.244855,1
2025-02-24,Neutral,0x28736f43f1e871e6aa8b1148d38d4994275d72c4,180.244855,0.4426229508196721,282.4104918032787,61,1.3786531130876747,0,168.27053,1
2025-02-25,Fear,0x28736f43f1e871e6aa8b1148d38d4994275d72c4,168.27053,0.2653061224489796,883.3975510204082,49,2.1074626865671644,0,64.59776,1
2025-02-26,Extreme Fear,0x28736f43f1e871e6aa8b1148d38d4994275d72c4,64.59776,0.38235294117647056,242.27088235294116,34,0.49049429657794674,0,71.919819,1
2025-02-27,Extreme Fear,0x28736f43f1e871e6aa8b1148d38d4994275d72c4,71.919819,0.43333333333333335,765.107,30,0.8388429752066116,0,-3425.450348,0
2025-02-28,Extreme Fear,0x28736f43f1e871e6aa8b1148d38d4994275d72c4,-3425.450348,0.32098765432098764,1611.6066666666666,81,1.0838445807770962,0,557.9358,1
2025-03-01,Extreme Fear,0x28736f43f1e871e6aa8b1148d38d4994275d72c4,557.9358,0.3783783783783784,840.2127027027027,37,1.5217391304347827,0,8330.21747,1
2025-03-02,Fear,0x28736f43f1e871e6aa8b1148d38d4994275d72c4,8330.21747,0.7671232876712328,1432.3072602739728,73,1.062015503875969,0,494.669357,1
2025-03-03,Fear,0x28736f43f1e871e6aa8b1148d38d4994275d72c4,494.669357,0.3620689655172414,536.928448275862,58,2.5883777239709445,0,163.73415,1
2025-03-04,Extreme Fear,0x28736f43f1e871e6aa8b1148d38d4994275d72c4,163.73415,0.3023255813953488,1091.9493023255814,43,2.672782874617737,0,437.35445200000004,1
2025-03-05,Extreme Fear,0x28736f43f1e871e6aa8b1148d38d4994275d72c4,437.35445200000004,0.7692307692307693,1109.076923076923,26,0.2918287937743191,0,291.46926,1
2025-03-06,Fear,0x28736f43f1e871e6aa8b1148d38d4994275d72c4,291.46926,0.6190476190476191,856.63,21,0.9537275064267352,0,411.824274,1
2025-03-07,Fear,0x28736f43f1e871e6aa8b1148d38d4994275d72c4,411.824274,0.375,748.432,40,0.9260377358490566,0,173.811132,1
2025-03-08,Fear,0x28736f43f1e871e6aa8b1148d38d4994275d72c4,173.811132,0.4,698.2522857142857,35,1.1950207468879668,0,140.953497,1
2025-03-09,Fear,0x28736f43f1e871e6aa8b1148d38d4994275d72c4,140.953497,0.16666666666666666,1118.493611111111,36,1.9936842105263157,0,-4026.754395,0
2025-03-10,Extreme Fear,0x28736f43f1e871e6aa8b1148d38d4994275d72c4,-4026.754395,0.0967741935483871,838.0596774193548,31,1.1707680835197614,0,0.0,0
2025-03-11,Extreme Fear,0x28736f43f1e871e6aa8b1148d38d4994275d72c4,0.0,0.0,538.44125,24,1.8181818181818181,0,33.01095,1
2025-03-12,Fear,0x28736f43f1e871e6aa8b1148d38d4994275d72c4,33.01095,0.4444444444444444,851.8611111111111,9,0.7096079276174063,0,465.046501,1
2025-03-13,Neutral,0x28736f43f1e871e6aa8b1148d38d4994275d72c4,465.046501,0.5454545454545454,881.3063636363636,22,0.9473684210526315,0,0.0,0
2025-03-14,Fear,0x28736f43f1e871e6aa8b1148d38d4994275d72c4,0.0,0.0,262.4975,4,0.15525352848928384,0,106.912886,1
2025-03-16,Fear,0x28736f43f1e871e6aa8b1148d38d4994275d72c4,106.912886,0.6666666666666666,618.9422222222222,27,1.345132743362832,0,0.0,0
2025-03-17,Fear,0x28736f43f1e871e6aa8b1148d38d4994275d72c4,0.0,0.0,653.5999999999999,2,1.105263157894737,0,40.9165,1
2025-03-18,Fear,0x28736f43f1e871e6aa8b1148d38d4994275d72c4,40.9165,0.4666666666666667,703.816,15,0.691683569979716,0,54.9718,1
2025-03-19,Fear,0x28736f43f1e871e6aa8b1148d38d4994275d72c4,54.9718,0.9090909090909091,539.8872727272727,33,0.5367016205910391,0,144.656157,1
2025-03-20,Neutral,0x28736f43f1e871e6aa8b1148d38d4994275d72c4,144.656157,0.5,1620.353,20,0.44652908067542213,0,0.5844,1
2025-03-21,Fear,0x28736f43f1e871e6aa8b1148d38d4994275d72c4,0.5844,0.08333333333333333,187.86083333333332,12,0.9829545454545454,0,132.087931,1
2025-03-22,Fear,0x28736f43f1e871e6aa8b1148d38d4994275d72c4,132.087931,0.5294117647058824,559.405294117647,17,0.7092651757188498,0,79.086899,1
2025-03-23,Fear,0x28736f43f1e871e6aa8b1148d38d4994275d72c4,79.086899,0.9285714285714286,840.6328571428572,14,1.8471337579617835,0,808.135252,1
2025-03-24,Neutral,0x28736f43f1e871e6aa8b1148d38d4994275d72c4,808.135252,0.6888888888888889,1334.7422222222222,45,0.2616707616707617,0,417.38885700000003,1
2025-03-25,Neutral,0x28736f43f1e871e6aa8b1148d38d4994275d72c4,417.38885700000003,0.36363636363636365,530.670303030303,33,1.1436314363143631,0,379.04079,1
2025-03-26,Neutral,0x28736f43f1e871e6aa8b1148d38d4994275d72c4,379.04079,0.45714285714285713,637.0742857142857,35,1.030104712041885,0,-133.035992,0
2025-03-27,Fear,0x28736f43f1e871e6aa8b1148d38d4994275d72c4,-133.035992,0.15789473684210525,1857.9734210526317,38,1.5241157556270097,0,-21.766132,0
2025-03-28,Fear,0x28736f43f1e871e6aa8b1148d38d4994275d72c4,-21.766132,0.024390243902439025,876.1812195121952,41,2.7333333333333334,0,28.499012000000004,1
2025-03-29,Fear,0x28736f43f1e871e6aa8b1148d38d4994275d72c4,28.499012000000004,0.3333333333333333,468.65066666666667,15,1.1114827201783724,0,-743.288757,0
2025-03-30,Fear,0x28736f43f1e871e6aa8b1148d38d4994275d72c4,-743.288757,0.022727272727272728,726.7522727272727,44,5.311111111111111,0,3.5652170000000005,1
2025-03-31,Fear,0x28736f43f1e871e6aa8b1148d38d4994275d72c4,3.5652170000000005,0.1346153846153846,375.1351923076923,52,0.7615658362989324,0,768.351892,1
2025-04-01,Fear,0x28736f43f1e871e6aa8b1148d38d4994275d72c4,768.351892,0.6585365853658537,422.4107317073171,41,0.92,0,669.381363,1
2025-04-02,Fear,0x28736f43f1e871e6aa8b1148d38d4994275d72c4,669.381363,0.6,414.13428571428574,70,0.1350210970464135,0,149.51234499999998,1
2025-04-03,Fear,0x28736f43f1e871e6aa8b1148d38d4994275d72c4,149.51234499999998,0.11764705882352941,453.3190588235294,85,1.207070707070707,0,498.73528200000004,1
2025-04-04,Fear,0x28736f43f1e871e6aa8b1148d38d4994275d72c4,498.73528200000004,0.56,280.5443,100,0.6455368693402329,0,177.049662,1
2025-04-05,Fear,0x28736f43f1e871e6aa8b1148d38d4994275d72c4,177.049662,0.6071428571428571,331.27535714285716,56,0.6216216216216216,0,-476.77056300000004,0
2025-04-06,Fear,0x28736f43f1e871e6aa8b1148d38d4994275d72c4,-476.77056300000004,0.36486486486486486,387.5243243243243,74,1.8324324324324324,0,-19833.530157,0
2025-04-07,Extreme Fear,0x28736f43f1e871e6aa8b1148d38d4994275d72c4,-19833.530157,0.18,830.2844666666666,150,1.0114367405289493,0,230.103259,1
2025-04-08,Extreme Fear,0x28736f43f1e871e6aa8b1148d38d4994275d72c4,230.103259,0.36923076923076925,279.894,65,0.8382066276803118,0,94.077376,1
2025-04-09,Extreme Fear,0x28736f43f1e871e6aa8b1148d38d4994275d72c4,94.077376,0.22641509433962265,244.56867924528302,53,0.8007262823422605,0,73.76740699999999,1
2025-04-10,Fear,0x28736f43f1e871e6aa8b1148d38d4994275d72c4,73.76740699999999,0.5,166.24727272727273,22,1.1484848484848484,0,67.00618399999999,1
2025-04-11,Fear,0x28736f43f1e871e6aa8b1148d38d4994275d72c4,67.00618399999999,0.42857142857142855,335.15785714285715,14,0.3979591836734694,0,10.499265,1
2025-04-12,Fear,0x28736f43f1e871e6aa8b1148d38d4994275d72c4,10.499265,1.0,78.19,3,0.6111535523300229,0,-902.0714839999999,0
2025-04-13,Neutral,0x28736f43f1e871e6aa8b1148d38d4994275d72c4,-902.0714839999999,0.3157894736842105,269.5942105263158,19,1.2697594501718212,0,27.177561,1
2025-04-14,Fear,0x28736f43f1e871e6aa8b1148d38d4994275d72c4,27.177561,0.5,180.60857142857142,14,1.386058981233244,0,-48.794434,0
2025-04-15,Fear,0x28736f43f1e871e6aa8b1148d38d4994275d72c4,-48.794434,0.058823529411764705,186.68235294117648,17,0.4371029224904701,0,8.738942,1
2025-04-16,Fear,0x28736f43f1e871e6aa8b1148d38d4994275d72c4,8.738942,0.3333333333333333,32.69,9,1.0802069857697283,0,-15.688322,0
2025-04-17,Fear,0x28736f43f1e871e6aa8b1148d38d4994275d72c4,-15.688322,0.1,162.429,10,0.49420289855072463,0,22.793679,1
2025-04-18,Fear,0x28736f43f1e871e6aa8b1148d38d4994275d72c4,22.793679,0.75,160.54125,8,0.6628621597892889,0,40.803149000000005,1
2025-04-19,Fear,0x28736f43f1e871e6aa8b1148d38d4994275d72c4,40.803149000000005,0.5714285714285714,75.5942857142857,7,0.5590374930050364,0,7.707293999999999,1
2025-04-20,Fear,0x28736f43f1e871e6aa8b1148d38d4994275d72c4,7.707293999999999,1.0,87.145,2,1.194905869324474,0,19.956089,1
2025-04-21,Fear,0x28736f43f1e871e6aa8b1148d38d4994275d72c4,19.956089,0.8333333333333334,78.33833333333334,6,0.5421903052064632,0,11.839106000000001,1
2025-04-22,Neutral,0x28736f43f1e871e6aa8b1148d38d4994275d72c4,11.839106000000001,0.4,58.678,5,0.899873257287706,0,50.899228,1
2025-04-23,Greed,0x28736f43f1e871e6aa8b1148d38d4994275d72c4,50.899228,0.6153846153846154,91.10846153846154,13,2.1731066460587325,0,1.023851,1
2025-04-24,Greed,0x28736f43f1e871e6aa8b1148d38d4994275d72c4,1.023851,1.0,182.34,1,1.2120911793855302,0,0.265698,1
2025-04-27,Greed,0x28736f43f1e871e6aa8b1148d38d4994275d72c4,0.265698,1.0,49.96,1,1.6328125,0,-0.08516699999999999,0
2025-04-28,Neutral,0x28736f43f1e871e6aa8b1148d38d4994275d72c4,-0.08516699999999999,0.125,156.87,8,0.8968363136176066,0,16.923621,1
2025-05-01,Neutral,0x28736f43f1e871e6aa8b1148d38d4994275d72c4,16.923621,1.0,135.32,2,1.2610294117647058,0,,0
2024-10-31,Extreme Greed,0x2c229d22b100a7beb69122eed721cee9b24011dd,-2.5534149999999998,0.0,3327.722222222222,9,7.0,0,-0.09906000000000104,0
2024-11-01,Extreme Greed,0x2c229d22b100a7beb69122eed721cee9b24011dd,-0.09906000000000104,0.2857142857142857,2139.280714285714,14,1.3,0,-3.41119,0
2024-11-06,Greed,0x2c229d22b100a7beb69122eed721cee9b24011dd,-3.41119,0.0,666.84,3,0.6666666666666666,0,-710.786946,0
2024-11-08,Extreme Greed,0x2c229d22b100a7beb69122eed721cee9b24011dd,-710.786946,0.0,2003.9206666666666,15,1.4375,0,-17.60528,0
2024-11-13,Extreme Greed,0x2c229d22b100a7beb69122eed721cee9b24011dd,-17.60528,0.2,582.841,10,0.5,0,2215.402997,1
2024-11-14,Extreme Greed,0x2c229d22b100a7beb69122eed721cee9b24011dd,2215.402997,0.2028985507246377,1825.0886956521738,69,2.9285714285714284,0,2137.203852,1
2024-11-15,Extreme Greed,0x2c229d22b100a7beb69122eed721cee9b24011dd,2137.203852,0.6666666666666666,1024.2048484848485,33,1.5689655172413792,0,1484.528402,1
2024-11-16,Extreme Greed,0x2c229d22b100a7beb69122eed721cee9b24011dd,1484.528402,0.5909090909090909,1292.3377272727273,22,0.9625,0,-8.138354999999999,0
2024-11-18,Extreme Greed,0x2c229d22b100a7beb69122eed721cee9b24011dd,-8.138354999999999,0.26666666666666666,393.86333333333334,15,0.5656108597285068,0,2626.800865,1
2024-11-20,Extreme Greed,0x2c229d22b100a7beb69122eed721cee9b24011dd,2626.800865,0.631578947368421,2627.9109210526312,76,0.7973856209150327,0,-0.15074600000000027,0
2024-11-21,Extreme Greed,0x2c229d22b100a7beb69122eed721cee9b24011dd,-0.15074600000000027,0.18181818181818182,1508.5563636363636,22,0.7833333333333333,0,-260.909686,0
2024-11-22,Extreme Greed,0x2c229d22b100a7beb69122eed721cee9b24011dd,-260.909686,0.05263157894736842,7077.548245614035,57,0.9289772727272727,0,31.04129,1
2024-11-29,Extreme Greed,0x2c229d22b100a7beb69122eed721cee9b24011dd,31.04129,0.9,525.317,10,0.6040816326530613,0,59.744873999999996,1
2024-11-30,Extreme Greed,0x2c229d22b100a7beb69122eed721cee9b24011dd,59.744873999999996,0.3333333333333333,6943.03,6,0.3814814814814815,0,16196.864846,1
2024-12-02,Extreme Greed,0x2c229d22b100a7beb69122eed721cee9b24011dd,16196.864846,0.5660377358490566,2348.7403773584906,53,1.368421052631579,0,121.535562,1
2024-12-03,Extreme Greed,0x2c229d22b100a7beb69122eed721cee9b24011dd,121.535562,0.23728813559322035,1685.5867796610169,59,0.8333333333333334,0,7591.307059,1
2024-12-04,Extreme Greed,0x2c229d22b100a7beb69122eed721cee9b24011dd,7591.307059,0.6756756756756757,3426.9959459459456,37,0.4304932735426009,0,2069.92634,1
2024-12-05,Extreme Greed,0x2c229d22b100a7beb69122eed721cee9b24011dd,2069.92634,0.9090909090909091,890.1048484848485,33,0.7272727272727273,0,-123.870122,0
2024-12-06,Greed,0x2c229d22b100a7beb69122eed721cee9b24011dd,-123.870122,0.0,2324.0444444444447,9,1.0353535353535352,0,130.883691,1
2024-12-10,Extreme Greed,0x2c229d22b100a7beb69122eed721cee9b24011dd,130.883691,0.5833333333333334,1585.4033333333334,12,0.4971857410881801,0,8544.6855,1
2024-12-11,Greed,0x2c229d22b100a7beb69122eed721cee9b24011dd,8544.6855,0.5263157894736842,6550.684736842106,19,0.16285714285714287,0,7639.595794,1
2024-12-12,Extreme Greed,0x2c229d22b100a7beb69122eed721cee9b24011dd,7639.595794,0.6290322580645161,5565.801451612903,62,0.2786234281932495,0,1966.9289449999999,1
2024-12-13,Extreme Greed,0x2c229d22b100a7beb69122eed721cee9b24011dd,1966.9289449999999,0.7777777777777778,1823.863492063492,63,1.3601609657947686,0,214.770101,1
2024-12-17,Extreme Greed,0x2c229d22b100a7beb69122eed721cee9b24011dd,214.770101,0.7333333333333333,1000.812,15,0.7807339449541284,0,305.55784,1
2024-12-20,Greed,0x2c229d22b100a7beb69122eed721cee9b24011dd,305.55784,0.9090909090909091,2609.3063636363636,11,0.8307579102281089,0,6.476289999999996,1
2024-12-23,Greed,0x2c229d22b100a7beb69122eed721cee9b24011dd,6.476289999999996,0.41379310344827586,7631.325517241379,29,0.7902364607170099,0,343.63336100000004,1
2024-12-24,Greed,0x2c229d22b100a7beb69122eed721cee9b24011dd,343.63336100000004,0.5454545454545454,2630.031818181818,11,0.5363636363636364,0,0.19908,1
2024-12-30,Greed,0x2c229d22b100a7beb69122eed721cee9b24011dd,0.19908,0.5,34.21,2,1.512396694214876,0,2243.319777,1
2024-12-31,Greed,0x2c229d22b100a7beb69122eed721cee9b24011dd,2243.319777,0.9795918367346939,4127.501224489796,49,0.8545454545454545,0,21980.47249,1
2025-01-10,Neutral,0x2c229d22b100a7beb69122eed721cee9b24011dd,21980.47249,0.9191176470588235,2289.4099264705883,136,0.8079470198675497,0,-2.454844,0
2025-01-11,Greed,0x2c229d22b100a7beb69122eed721cee9b24011dd,-2.454844,0.0,1785.1328571428571,7,1.4188034188034189,0,-18.998214,0
2025-01-15,Greed,0x2c229d22b100a7beb69122eed721cee9b24011dd,-18.998214,0.25,1943.5483333333332,12,0.5344827586206896,0,913.985947,1
2025-01-17,Extreme Greed,0x2c229d22b100a7beb69122eed721cee9b24011dd,913.985947,0.6666666666666666,6517.080175438597,57,0.6643356643356644,0,-33.4413,0
2025-01-18,Extreme Greed,0x2c229d22b100a7beb69122eed721cee9b24011dd,-33.4413,0.0,116.66499999999999,2,1.1845637583892616,0,11437.823511999999,1
2025-01-19,Extreme Greed,0x2c229d22b100a7beb69122eed721cee9b24011dd,11437.823511999999,0.6216216216216216,7532.947432432432,74,1.1584022038567494,0,1535.55008,1
2025-01-20,Extreme Greed,0x2c229d22b100a7beb69122eed721cee9b24011dd,1535.55008,0.13414634146341464,8402.275975609757,82,1.3482142857142858,0,59.672564,1
2025-01-21,Extreme Greed,0x2c229d22b100a7beb69122eed721cee9b24011dd,59.672564,0.4,125.14200000000001,15,0.37662337662337664,0,12769.669401000001,1
2025-01-22,Extreme Greed,0x2c229d22b100a7beb69122eed721cee9b24011dd,12769.669401000001,0.2838427947598253,1080.5076419213974,229,0.5551401869158878,0,3776.64959,1
2025-01-23,Extreme Greed,0x2c229d22b100a7beb69122eed721cee9b24011dd,3776.64959,0.5769230769230769,2468.1846153846154,104,0.8538812785388128,0,363.482456,1
2025-01-24,Extreme Greed,0x2c229d22b100a7beb69122eed721cee9b24011dd,363.482456,0.5,2124.9794736842105,38,0.6937984496124031,0,2167.17715,1
2025-01-25,Extreme Greed,0x2c229d22b100a7beb69122eed721cee9b24011dd,2167.17715,0.6226415094339622,5537.374905660377,53,1.649214659685864,0,159.201612,1
2025-01-30,Greed,0x2c229d22b100a7beb69122eed721cee9b24011dd,159.201612,0.4,4589.114666666666,15,0.33375,0,14418.18988,1
2025-01-31,Extreme Greed,0x2c229d22b100a7beb69122eed721cee9b24011dd,14418.18988,0.8560606060606061,5257.4305303030305,132,0.4660894660894661,0,88.50699399999999,1
2025-02-01,Greed,0x2c229d22b100a7beb69122eed721cee9b24011dd,88.50699399999999,0.5714285714285714,5610.000952380952,21,1.24822695035461,0,-639.3510530000001,0
2025-02-06,Neutral,0x2c229d22b100a7beb69122eed721cee9b24011dd,-639.3510530000001,0.5737704918032787,3750.11868852459,61,2.153703703703704,0,-1145.924392,0
2025-02-07,Fear,0x2c229d22b100a7beb69122eed721cee9b24011dd,-1145.924392,0.040268456375838924,2135.150268456376,149,1.687830687830688,0,17378.569333,1
2025-02-13,Neutral,0x2c229d22b100a7beb69122eed721cee9b24011dd,17378.569333,0.6417445482866043,3578.9056074766354,321,0.7631917631917632,0,590.06989,1
2025-02-15,Neutral,0x2c229d22b100a7beb69122eed721cee9b24011dd,590.06989,0.6808510638297872,1285.8944680851064,47,1.5961002785515321,0,3057.28245,1
2025-02-20,Neutral,0x2c229d22b100a7beb69122eed721cee9b24011dd,3057.28245,0.8859060402684564,5680.961208053691,149,0.6437908496732027,0,8502.805925,1
2025-02-21,Greed,0x2c229d22b100a7beb69122eed721cee9b24011dd,8502.805925,0.43333333333333335,2810.3466666666664,60,0.6589902568644819,0,169.617628,1
2025-02-25,Fear,0x2c229d22b100a7beb69122eed721cee9b24011dd,169.617628,0.625,1016.4883333333333,24,2.1074626865671644,0,25.30602,1
2025-02-26,Extreme Fear,0x2c229d22b100a7beb69122eed721cee9b24011dd,25.30602,0.9,156.53799999999998,10,0.49049429657794674,0,11113.173067,1
2025-03-05,Extreme Fear,0x2c229d22b100a7beb69122eed721cee9b24011dd,11113.173067,0.651685393258427,2537.6704494382025,89,0.2918287937743191,0,279.152034,1
2025-03-06,Fear,0x2c229d22b100a7beb69122eed721cee9b24011dd,279.152034,0.7333333333333333,1287.3273333333334,15,0.9537275064267352,0,1.17533,1
2025-03-07,Fear,0x2c229d22b100a7beb69122eed721cee9b24011dd,1.17533,0.3333333333333333,972.65,3,0.9260377358490566,0,276.7687,1
2025-03-11,Extreme Fear,0x2c229d22b100a7beb69122eed721cee9b24011dd,276.7687,0.7692307692307693,3849.383076923077,13,1.8181818181818181,0,924.898908,1
2025-03-13,Neutral,0x2c229d22b100a7beb69122eed721cee9b24011dd,924.898908,0.04,4074.8460000000005,25,0.9473684210526315,0,1215.774424,1
2025-03-21,Fear,0x2c229d22b100a7beb69122eed721cee9b24011dd,1215.774424,0.7162162162162162,1528.0594594594593,74,0.9829545454545454,0,514.5145660000001,1
2025-03-23,Fear,0x2c229d22b100a7beb69122eed721cee9b24011dd,514.5145660000001,0.6,919.33,15,1.8471337579617835,0,-3323.090682,0
2025-03-25,Neutral,0x2c229d22b100a7beb69122eed721cee9b24011dd,-3323.090682,0.018957345971563982,2000.0732701421803,211,1.1436314363143631,0,2323.99174,1
2025-03-26,Neutral,0x2c229d22b100a7beb69122eed721cee9b24011dd,2323.99174,0.7538461538461538,1894.7783076923076,65,1.030104712041885,0,1334.414834,1
2025-04-01,Fear,0x2c229d22b100a7beb69122eed721cee9b24011dd,1334.414834,0.4444444444444444,1193.0444444444445,9,0.92,0,1.1031579999999999,1
2025-04-02,Fear,0x2c229d22b100a7beb69122eed721cee9b24011dd,1.1031579999999999,0.3333333333333333,395.24,6,0.1350210970464135,0,160.127816,1
2025-04-03,Fear,0x2c229d22b100a7beb69122eed721cee9b24011dd,160.127816,0.7307692307692307,739.3319230769231,26,1.207070707070707,0,1419.922474,1
2025-04-11,Fear,0x2c229d22b100a7beb69122eed721cee9b24011dd,1419.922474,0.7555555555555555,1310.5517777777777,45,0.3979591836734694,0,18.103863,1
2025-04-14,Fear,0x2c229d22b100a7beb69122eed721cee9b24011dd,18.103863,0.625,133.5325,8,1.386058981233244,0,11.209037,1
2025-04-18,Fear,0x2c229d22b100a7beb69122eed721cee9b24011dd,11.209037,0.8571428571428571,74.56857142857143,7,0.6628621597892889,0,29.8368,1
2025-04-23,Greed,0x2c229d22b100a7beb69122eed721cee9b24011dd,29.8368,0.5,1284.69,2,2.1731066460587325,0,0.18414,1
2025-04-25,Greed,0x2c229d22b100a7beb69122eed721cee9b24011dd,0.18414,0.6666666666666666,47.086666666666666,3,0.7006172839506173,0,,0
2023-05-01,Greed,0x3998f134d6aaa2b6a5f723806d00fd2bbbbce891,0.0,0.0,159.0,3,inf,0,0.0,0
2024-01-11,Extreme Greed,0x3998f134d6aaa2b6a5f723806d00fd2bbbbce891,0.0,0.0,23066.935,2,1.625,2,152.85358,1
2024-01-15,Neutral,0x3998f134d6aaa2b6a5f723806d00fd2bbbbce891,152.85358,1.0,69.98444444444445,9,0.5555555555555556,0,-3238.8,0
2024-01-16,Greed,0x3998f134d6aaa2b6a5f723806d00fd2bbbbce891,-3238.8,0.0,10580.346666666666,6,0.8,0,-2478.06972,0
2024-01-28,Neutral,0x3998f134d6aaa2b6a5f723806d00fd2bbbbce891,-2478.06972,0.0,1646.2754545454545,11,0.0,0,0.0,0
2024-04-16,Greed,0x3998f134d6aaa2b6a5f723806d00fd2bbbbce891,0.0,0.0,91.08,1,1.9375,0,0.0,0
2024-05-29,Greed,0x3998f134d6aaa2b6a5f723806d00fd2bbbbce891,0.0,0.0,6113.468,5,0.6907216494845361,0,0.0,0
2024-07-24,Greed,0x3998f134d6aaa2b6a5f723806d00fd2bbbbce891,0.0,0.0,0.4266666666666667,3,1.5,0,0.0,0
2024-07-26,Greed,0x3998f134d6aaa2b6a5f723806d00fd2bbbbce891,0.0,0.0,0.81,1,0.3944954128440367,0,0.0,0
2024-08-01,Neutral,0x3998f134d6aaa2b6a5f723806d00fd2bbbbce891,0.0,0.0,0.74,1,4.7,0,0.0,0
2024-08-03,Fear,0x3998f134d6aaa2b6a5f723806d00fd2bbbbce891,0.0,0.0,0.65,1,36.0,0,0.0,0
2024-08-04,Fear,0x3998f134d6aaa2b6a5f723806d00fd2bbbbce891,0.0,0.0,0.01,1,0.8955223880597015,0,215.754798,1
2024-08-06,Extreme Fear,0x3998f134d6aaa2b6a5f723806d00fd2bbbbce891,215.754798,0.2962962962962963,28.555555555555557,27,2.4516129032258065,0,0.0,0
2024-08-07,Fear,0x3998f134d6aaa2b6a5f723806d00fd2bbbbce891,0.0,0.0,0.0036363636363636364,11,0.5714285714285714,0,0.0,0
2024-08-17,Fear,0x3998f134d6aaa2b6a5f723806d00fd2bbbbce891,0.0,0.0,1035.7675862068966,29,29.0,0,0.0,0
2024-08-30,Fear,0x3998f134d6aaa2b6a5f723806d00fd2bbbbce891,0.0,0.0,0.69,1,2.0,0,0.0,0
2024-09-05,Fear,0x3998f134d6aaa2b6a5f723806d00fd2bbbbce891,0.0,0.0,0.84,1,0.0,0,48.185146,1
2024-11-18,Extreme Greed,0x3998f134d6aaa2b6a5f723806d00fd2bbbbce891,48.185146,0.3333333333333333,116.12333333333333,6,0.5656108597285068,0,0.0,0
2024-11-19,Extreme Greed,0x3998f134d6aaa2b6a5f723806d00fd2bbbbce891,0.0,0.0,0.01,1,1.103448275862069,0,17511.326788,1
2024-11-29,Extreme Greed,0x3998f134d6aaa2b6a5f723806d00fd2bbbbce891,17511.326788,0.6428571428571429,1817.6805357142857,56,0.6040816326530613,0,19050.661786,1
2024-11-30,Extreme Greed,0x3998f134d6aaa2b6a5f723806d00fd2bbbbce891,19050.661786,0.6923076923076923,2556.5420512820515,39,0.3814814814814815,0,13.566929,1
2024-12-01,Extreme Greed,0x3998f134d6aaa2b6a5f723806d00fd2bbbbce891,13.566929,0.6666666666666666,11.366666666666667,3,0.5294117647058824,0,0.0,0
2024-12-02,Extreme Greed,0x3998f134d6aaa2b6a5f723806d00fd2bbbbce891,0.0,0.0,0.0,1,1.368421052631579,0,0.0,0
2024-12-14,Extreme Greed,0x3998f134d6aaa2b6a5f723806d00fd2bbbbce891,0.0,0.0,5555.551944444444,36,0.9296875,0,346.827642,1
2024-12-15,Extreme Greed,0x3998f134d6aaa2b6a5f723806d00fd2bbbbce891,346.827642,0.8333333333333334,117.02833333333335,6,1.9982332155477032,0,0.0,0
2024-12-16,Extreme Greed,0x3998f134d6aaa2b6a5f723806d00fd2bbbbce891,0.0,0.0,0.0,4,0.6693037974683544,0,22.80272,1
2024-12-20,Greed,0x3998f134d6aaa2b6a5f723806d00fd2bbbbce891,22.80272,0.3333333333333333,15.183333333333332,3,0.8307579102281089,0,0.0,0
2025-01-20,Extreme Greed,0x3998f134d6aaa2b6a5f723806d00fd2bbbbce891,0.0,0.0,183.07999999999998,2,1.3482142857142858,0,-5978.38652,0
2025-01-23,Extreme Greed,0x3998f134d6aaa2b6a5f723806d00fd2bbbbce891,-5978.38652,0.6666666666666666,6.186666666666667,3,0.8538812785388128,0,0.0,0
2025-01-24,Extreme Greed,0x3998f134d6aaa2b6a5f723806d00fd2bbbbce891,0.0,0.0,0.005,2,0.6937984496124031,0,19.530304,1
2025-02-14,Neutral,0x3998f134d6aaa2b6a5f723806d00fd2bbbbce891,19.530304,1.0,25.39,2,0.47373107747105964,0,-350.632694,0
2025-02-21,Greed,0x3998f134d6aaa2b6a5f723806d00fd2bbbbce891,-350.632694,0.0,184.87857142857143,7,0.6589902568644819,0,600.008922,1
2025-03-06,Fear,0x3998f134d6aaa2b6a5f723806d00fd2bbbbce891,600.008922,0.7027027027027027,1400.675945945946,37,0.9537275064267352,0,-8224.491085,0
2025-03-10,Extreme Fear,0x3998f134d6aaa2b6a5f723806d00fd2bbbbce891,-8224.491085,0.0,1653.866153846154,26,1.1707680835197614,0,-58444.949486,0
2025-03-11,Extreme Fear,0x3998f134d6aaa2b6a5f723806d00fd2bbbbce891,-58444.949486,0.0,1948.151092436975,119,1.8181818181818181,0,0.0,0
2025-04-06,Fear,0x3998f134d6aaa2b6a5f723806d00fd2bbbbce891,0.0,0.0,2105.072105263158,19,1.8324324324324324,0,9485.86,1
2025-04-07,Extreme Fear,0x3998f134d6aaa2b6a5f723806d00fd2bbbbce891,9485.86,0.3442622950819672,1811.634426229508,61,1.0114367405289493,0,0.0,0
2025-04-09,Extreme Fear,0x3998f134d6aaa2b6a5f723806d00fd2bbbbce891,0.0,0.0,1333.3193333333334,30,0.8007262823422605,0,2466.604719,1
2025-04-12,Fear,0x3998f134d6aaa2b6a5f723806d00fd2bbbbce891,2466.604719,1.0,1105.835625,32,0.6111535523300229,0,1076.778732,1
2025-04-13,Neutral,0x3998f134d6aaa2b6a5f723806d00fd2bbbbce891,1076.778732,1.0,2341.0022222222224,9,1.2697594501718212,0,-3533.6725370000004,0
2025-04-21,Fear,0x3998f134d6aaa2b6a5f723806d00fd2bbbbce891,-3533.6725370000004,0.9354838709677419,1459.0874193548386,124,0.5421903052064632,0,0.0,0
2025-04-22,Neutral,0x3998f134d6aaa2b6a5f723806d00fd2bbbbce891,0.0,0.0,0.01,1,0.899873257287706,0,34.63999,1
2025-04-25,Greed,0x3998f134d6aaa2b6a5f723806d00fd2bbbbce891,34.63999,1.0,826.7301369863014,73,0.7006172839506173,0,,0
2024-11-12,Extreme Greed,0x39cef799f8b69da1995852eea189df24eb5cae3c,0.0,0.0,5195.3,2,1.3424657534246576,0,-808.158708,0
2024-11-20,Extreme Greed,0x39cef799f8b69da1995852eea189df24eb5cae3c,-808.158708,0.0,10882.16,2,0.7973856209150327,0,0.0,0
2024-12-01,Extreme Greed,0x39cef799f8b69da1995852eea189df24eb5cae3c,0.0,0.0,199.81,1,0.5294117647058824,0,0.0,0
2024-12-03,Extreme Greed,0x39cef799f8b69da1995852eea189df24eb5cae3c,0.0,0.0,209.94,1,0.8333333333333334,0,0.0,0
2024-12-05,Extreme Greed,0x39cef799f8b69da1995852eea189df24eb5cae3c,0.0,0.0,10238.081666666667,6,0.7272727272727273,0,0.0,0
2024-12-06,Greed,0x39cef799f8b69da1995852eea189df24eb5cae3c,0.0,0.0,1657.5529999999999,20,1.0353535353535352,0,483.662076,1
2024-12-09,Extreme Greed,0x39cef799f8b69da1995852eea189df24eb5cae3c,483.662076,1.0,603.1,8,5.416666666666667,0,0.0,0
2024-12-10,Extreme Greed,0x39cef799f8b69da1995852eea189df24eb5cae3c,0.0,0.0,22522.036666666667,3,0.4971857410881801,2,3721.345649,1
2024-12-11,Greed,0x39cef799f8b69da1995852eea189df24eb5cae3c,3721.345649,1.0,40012.55,4,0.16285714285714287,2,1116.8006,1
2024-12-13,Extreme Greed,0x39cef799f8b69da1995852eea189df24eb5cae3c,1116.8006,0.5,2954.652692307692,26,1.3601609657947686,0,1898.178342,1
2024-12-14,Extreme Greed,0x39cef799f8b69da1995852eea189df24eb5cae3c,1898.178342,1.0,6591.46,1,0.9296875,0,6623.483154,1
2024-12-15,Extreme Greed,0x39cef799f8b69da1995852eea189df24eb5cae3c,6623.483154,0.8214285714285714,1993.9885714285715,28,1.9982332155477032,0,6942.186825,1
2024-12-16,Extreme Greed,0x39cef799f8b69da1995852eea189df24eb5cae3c,6942.186825,0.6428571428571429,5866.705,14,0.6693037974683544,0,136.054186,1
2024-12-18,Extreme Greed,0x39cef799f8b69da1995852eea189df24eb5cae3c,136.054186,0.25,679.3075,12,1.0014005602240896,0,1676.3027260000001,1
2024-12-20,Greed,0x39cef799f8b69da1995852eea189df24eb5cae3c,1676.3027260000001,0.75,2837.6875,4,0.8307579102281089,0,14849.788861,1
2024-12-24,Greed,0x39cef799f8b69da1995852eea189df24eb5cae3c,14849.788861,0.8421052631578947,17744.187894736842,19,0.5363636363636364,0,-9655.676981,0
2025-01-01,Greed,0x39cef799f8b69da1995852eea189df24eb5cae3c,-9655.676981,0.4166666666666667,15270.597499999998,12,2.4285714285714284,0,0.0,0
2025-01-03,Greed,0x39cef799f8b69da1995852eea189df24eb5cae3c,0.0,0.0,6217.48,1,0.49852507374631266,0,0.0,0
2025-01-14,Greed,0x39cef799f8b69da1995852eea189df24eb5cae3c,0.0,0.0,800.29,3,0.5027322404371585,0,-1584.55781,0
2025-01-19,Extreme Greed,0x39cef799f8b69da1995852eea189df24eb5cae3c,-1584.55781,0.0,15271.743333333334,3,1.1584022038567494,0,-401.2638,0
2025-01-20,Extreme Greed,0x39cef799f8b69da1995852eea189df24eb5cae3c,-401.2638,0.0,14949.164999999999,4,1.3482142857142858,0,0.0,0
2025-01-23,Extreme Greed,0x39cef799f8b69da1995852eea189df24eb5cae3c,0.0,0.0,11250.0,4,0.8538812785388128,0,2.9205,1
2025-02-23,Neutral,0x39cef799f8b69da1995852eea189df24eb5cae3c,2.9205,0.16666666666666666,2401.1383333333333,6,1.1940928270042195,0,863.956464,1
2025-03-04,Extreme Fear,0x39cef799f8b69da1995852eea189df24eb5cae3c,863.956464,0.47619047619047616,3213.5458730158734,63,2.672782874617737,0,8187.59426,1
2025-03-05,Extreme Fear,0x39cef799f8b69da1995852eea189df24eb5cae3c,8187.59426,0.5581395348837209,3514.7537209302327,43,0.2918287937743191,0,-37230.786609,0
2025-03-10,Extreme Fear,0x39cef799f8b69da1995852eea189df24eb5cae3c,-37230.786609,0.0,48134.545,2,1.1707680835197614,2,0.0,0
2025-03-12,Fear,0x39cef799f8b69da1995852eea189df24eb5cae3c,0.0,0.0,2549.7482051282054,39,0.7096079276174063,0,17926.355742,1
2025-03-17,Fear,0x39cef799f8b69da1995852eea189df24eb5cae3c,17926.355742,0.5219512195121951,1908.0640975609756,205,1.105263157894737,0,238.31419899999997,1
2025-03-18,Fear,0x39cef799f8b69da1995852eea189df24eb5cae3c,238.31419899999997,0.18021201413427562,2061.155088339223,283,0.691683569979716,0,909.907336,1
2025-03-19,Fear,0x39cef799f8b69da1995852eea189df24eb5cae3c,909.907336,0.01680672268907563,2421.7106722689077,119,0.5367016205910391,0,0.0,0
2025-03-20,Neutral,0x39cef799f8b69da1995852eea189df24eb5cae3c,0.0,0.0,607.7802439024391,82,0.44652908067542213,0,0.0,0
2025-03-21,Fear,0x39cef799f8b69da1995852eea189df24eb5cae3c,0.0,0.0,10058.62,3,0.9829545454545454,0,4988.749429,1
2025-03-23,Fear,0x39cef799f8b69da1995852eea189df24eb5cae3c,4988.749429,0.5591397849462365,4121.473548387096,93,1.8471337579617835,0,3896.627832,1
2025-03-24,Neutral,0x39cef799f8b69da1995852eea189df24eb5cae3c,3896.627832,1.0,1703.6174999999998,20,0.2616707616707617,0,0.0,0
2025-03-25,Neutral,0x39cef799f8b69da1995852eea189df24eb5cae3c,0.0,0.0,100176.1,1,1.1436314363143631,2,3782.33025,1
2025-03-26,Neutral,0x39cef799f8b69da1995852eea189df24eb5cae3c,3782.33025,1.0,2294.2153571428576,28,1.030104712041885,0,6504.316844999999,1
2025-03-27,Fear,0x39cef799f8b69da1995852eea189df24eb5cae3c,6504.316844999999,0.16853932584269662,1543.4331460674157,178,1.5241157556270097,0,0.0,0
2025-04-03,Fear,0x39cef799f8b69da1995852eea189df24eb5cae3c,0.0,0.0,4742.898943661972,142,1.207070707070707,0,266.39774,1
2025-04-04,Fear,0x39cef799f8b69da1995852eea189df24eb5cae3c,266.39774,1.0,19800.740588235294,34,0.6455368693402329,0,24553.541149999997,1
2025-04-06,Fear,0x39cef799f8b69da1995852eea189df24eb5cae3c,24553.541149999997,0.3088235294117647,2824.8166176470586,68,1.8324324324324324,0,25941.716413,1
2025-04-07,Extreme Fear,0x39cef799f8b69da1995852eea189df24eb5cae3c,25941.716413,0.31646932185145316,3895.6048546824545,929,1.0114367405289493,0,3366.444714,1
2025-04-08,Extreme Fear,0x39cef799f8b69da1995852eea189df24eb5cae3c,3366.444714,1.0,10183.131428571429,14,0.8382066276803118,0,-77308.420095,0
2025-04-09,Extreme Fear,0x39cef799f8b69da1995852eea189df24eb5cae3c,-77308.420095,0.23014586709886548,4099.378930307941,617,0.8007262823422605,0,-831.2396219999999,0
2025-04-10,Fear,0x39cef799f8b69da1995852eea189df24eb5cae3c,-831.2396219999999,0.5751633986928104,5795.6883333333335,306,1.1484848484848484,0,3271.3693780000003,1
2025-04-13,Neutral,0x39cef799f8b69da1995852eea189df24eb5cae3c,3271.3693780000003,0.4740740740740741,20019.11111111111,135,1.2697594501718212,0,128.67829,1
2025-04-14,Fear,0x39cef799f8b69da1995852eea189df24eb5cae3c,128.67829,1.0,844654.19,1,1.386058981233244,1,,0
2024-10-03,Fear,0x3f9a0aadc7f04a7c9d75dc1b5a6ddd6e36486cf6,100.375782,0.6,2585.338,5,2.0,0,0.0,0
2024-11-03,Greed,0x3f9a0aadc7f04a7c9d75dc1b5a6ddd6e36486cf6,0.0,0.0,9530.66,2,inf,0,540.05911,1
2024-11-04,Greed,0x3f9a0aadc7f04a7c9d75dc1b5a6ddd6e36486cf6,540.05911,1.0,1960.1330000000003,10,0.5652173913043478,0,503.46257599999996,1
2024-11-07,Extreme Greed,0x3f9a0aadc7f04a7c9d75dc1b5a6ddd6e36486cf6,503.46257599999996,0.6875,1929.28125,16,0.8833333333333333,0,0.0,0
2024-11-10,Extreme Greed,0x3f9a0aadc7f04a7c9d75dc1b5a6ddd6e36486cf6,0.0,0.0,9836.88,1,0.384,0,393.07947,1
2024-11-11,Extreme Greed,0x3f9a0aadc7f04a7c9d75dc1b5a6ddd6e36486cf6,393.07947,1.0,2557.49,4,0.33691756272401435,0,0.0,0
2024-11-12,Extreme Greed,0x3f9a0aadc7f04a7c9d75dc1b5a6ddd6e36486cf6,0.0,0.0,1319.1399999999999,4,1.3424657534246576,0,135.09947,1
2024-11-13,Extreme Greed,0x3f9a0aadc7f04a7c9d75dc1b5a6ddd6e36486cf6,135.09947,0.875,1860.1075,8,0.5,0,0.0,0
2024-11-15,Extreme Greed,0x3f9a0aadc7f04a7c9d75dc1b5a6ddd6e36486cf6,0.0,0.0,930.75,35,1.5689655172413792,0,245.44495999999998,1
2024-11-19,Extreme Greed,0x3f9a0aadc7f04a7c9d75dc1b5a6ddd6e36486cf6,245.44495999999998,1.0,6564.348,5,1.103448275862069,0,1050.894,1
2024-11-22,Extreme Greed,0x3f9a0aadc7f04a7c9d75dc1b5a6ddd6e36486cf6,1050.894,0.3181818181818182,2990.737727272727,22,0.9289772727272727,0,788.45072,1
2024-11-23,Extreme Greed,0x3f9a0aadc7f04a7c9d75dc1b5a6ddd6e36486cf6,788.45072,1.0,3091.247142857143,7,0.704225352112676,0,0.0,0
2024-11-26,Extreme Greed,0x3f9a0aadc7f04a7c9d75dc1b5a6ddd6e36486cf6,0.0,0.0,1012.4008333333334,36,1.8761904761904762,0,3855.7522,1
2024-11-28,Extreme Greed,0x3f9a0aadc7f04a7c9d75dc1b5a6ddd6e36486cf6,3855.7522,1.0,1612.0868,25,1.656,0,0.0,0
2024-11-29,Extreme Greed,0x3f9a0aadc7f04a7c9d75dc1b5a6ddd6e36486cf6,0.0,0.0,13325.11,10,0.6040816326530613,0,0.0,0
2024-12-02,Extreme Greed,0x3f9a0aadc7f04a7c9d75dc1b5a6ddd6e36486cf6,0.0,0.0,46692.72,1,1.368421052631579,2,29897.971695000004,1
2024-12-26,Extreme Greed,0x3f9a0aadc7f04a7c9d75dc1b5a6ddd6e36486cf6,29897.971695000004,0.3125,2297.953125,32,1.1512345679012346,0,0.0,0
2024-12-28,Greed,0x3f9a0aadc7f04a7c9d75dc1b5a6ddd6e36486cf6,0.0,0.0,6154.678,10,0.5480769230769231,0,3699.757273,1
2025-01-12,Greed,0x3f9a0aadc7f04a7c9d75dc1b5a6ddd6e36486cf6,3699.757273,1.0,7958.366666666666,3,0.15547024952015356,0,0.0,0
2025-01-13,Greed,0x3f9a0aadc7f04a7c9d75dc1b5a6ddd6e36486cf6,0.0,0.0,0.22,1,1.4285714285714286,0,8019.163096,1
2025-02-14,Neutral,0x3f9a0aadc7f04a7c9d75dc1b5a6ddd6e36486cf6,8019.163096,1.0,63734.69,1,0.47373107747105964,2,0.0,0
2025-04-04,Fear,0x3f9a0aadc7f04a7c9d75dc1b5a6ddd6e36486cf6,0.0,0.0,63727.4,1,0.6455368693402329,2,562.1943200000001,1
2025-04-05,Fear,0x3f9a0aadc7f04a7c9d75dc1b5a6ddd6e36486cf6,562.1943200000001,1.0,3383.65,19,0.6216216216216216,0,0.0,0
2025-04-06,Fear,0x3f9a0aadc7f04a7c9d75dc1b5a6ddd6e36486cf6,0.0,0.0,3060.3452380952376,21,1.8324324324324324,0,110.553364,1
2025-04-09,Extreme Fear,0x3f9a0aadc7f04a7c9d75dc1b5a6ddd6e36486cf6,110.553364,1.0,3388.287368421053,19,0.8007262823422605,0,0.0,0
2025-04-10,Fear,0x3f9a0aadc7f04a7c9d75dc1b5a6ddd6e36486cf6,0.0,0.0,10728.526666666667,6,1.1484848484848484,0,3593.989207,1
2025-04-12,Fear,0x3f9a0aadc7f04a7c9d75dc1b5a6ddd6e36486cf6,3593.989207,1.0,2517.1996296296297,27,0.6111535523300229,0,0.0,0
2025-04-13,Neutral,0x3f9a0aadc7f04a7c9d75dc1b5a6ddd6e36486cf6,0.0,0.0,0.69,1,1.2697594501718212,0,,0
2024-12-06,Greed,0x420ab45e0bd8863569a5efbb9c05d91f40624641,0.0,0.0,10673.925777777777,45,1.0353535353535352,0,1762.46,1
2024-12-12,Extreme Greed,0x420ab45e0bd8863569a5efbb9c05d91f40624641,1762.46,1.0,6750.81,10,0.2786234281932495,0,27.63736,1
2024-12-17,Extreme Greed,0x420ab45e0bd8863569a5efbb9c05d91f40624641,27.63736,0.55,3976.0629999999996,20,0.7807339449541284,0,0.0,0
2024-12-18,Extreme Greed,0x420ab45e0bd8863569a5efbb9c05d91f40624641,0.0,0.0,3081.5213636363637,44,1.0014005602240896,0,2229.5212300000003,1
2024-12-19,Extreme Greed,0x420ab45e0bd8863569a5efbb9c05d91f40624641,2229.5212300000003,1.0,4987.015,4,0.5617399438727783,0,12082.95,1
2024-12-23,Greed,0x420ab45e0bd8863569a5efbb9c05d91f40624641,12082.95,1.0,13593.75,2,0.7902364607170099,0,0.0,0
2024-12-24,Greed,0x420ab45e0bd8863569a5efbb9c05d91f40624641,0.0,0.0,4312.501428571429,7,0.5363636363636364,0,0.0,0
2025-01-08,Greed,0x420ab45e0bd8863569a5efbb9c05d91f40624641,0.0,0.0,2966.789166666667,12,2.5340136054421767,0,0.0,0
2025-01-15,Greed,0x420ab45e0bd8863569a5efbb9c05d91f40624641,0.0,0.0,48455.0,2,0.5344827586206896,2,0.0,0
2025-01-16,Extreme Greed,0x420ab45e0bd8863569a5efbb9c05d91f40624641,0.0,0.0,1508.392,30,0.44357976653696496,0,0.0,0
2025-02-08,Fear,0x420ab45e0bd8863569a5efbb9c05d91f40624641,0.0,0.0,10322.714,5,3.6370967741935485,0,0.0,0
2025-02-14,Neutral,0x420ab45e0bd8863569a5efbb9c05d91f40624641,0.0,0.0,2078.9283333333333,12,0.47373107747105964,0,11894.061848,1
2025-03-08,Fear,0x420ab45e0bd8863569a5efbb9c05d91f40624641,11894.061848,1.0,5318.463636363636,11,1.1950207468879668,0,9461.082288,1
2025-03-11,Extreme Fear,0x420ab45e0bd8863569a5efbb9c05d91f40624641,9461.082288,0.04918032786885246,2446.7424590163937,61,1.8181818181818181,0,16017.255710000001,1
2025-03-14,Fear,0x420ab45e0bd8863569a5efbb9c05d91f40624641,16017.255710000001,1.0,1201.78,8,0.15525352848928384,0,74293.663505,1
2025-03-15,Neutral,0x420ab45e0bd8863569a5efbb9c05d91f40624641,74293.663505,1.0,3134.3723999999997,25,1.439252336448598,0,63015.976505,1
2025-03-18,Fear,0x420ab45e0bd8863569a5efbb9c05d91f40624641,63015.976505,1.0,22996.97,5,0.691683569979716,2,0.0,0
2025-03-19,Fear,0x420ab45e0bd8863569a5efbb9c05d91f40624641,0.0,0.0,5839.154827586207,58,0.5367016205910391,0,0.0,0
2025-03-25,Neutral,0x420ab45e0bd8863569a5efbb9c05d91f40624641,0.0,0.0,9047.907272727272,11,1.1436314363143631,0,8720.984286,1
2025-04-10,Fear,0x420ab45e0bd8863569a5efbb9c05d91f40624641,8720.984286,1.0,4002.4445454545453,11,1.1484848484848484,0,,0
2024-04-20,Greed,0x430f09841d65beb3f27765503d0f850b8bce7713,0.0,0.0,2436.6825,20,10.0,0,0.0,0
2024-04-25,Greed,0x430f09841d65beb3f27765503d0f850b8bce7713,0.0,0.0,753.8510294117647,68,inf,0,0.0,0
2024-06-19,Greed,0x430f09841d65beb3f27765503d0f850b8bce7713,0.0,0.0,7722.796666666666,3,0.05172413793103448,0,57478.456026,1
2024-06-20,Greed,0x430f09841d65beb3f27765503d0f850b8bce7713,57478.456026,1.0,21188.46875,8,0.0,0,88084.992348,1
2024-07-23,Greed,0x430f09841d65beb3f27765503d0f850b8bce7713,88084.992348,1.0,1072.2595633187773,229,0.5879828326180258,0,0.0,0
2024-07-24,Greed,0x430f09841d65beb3f27765503d0f850b8bce7713,0.0,0.0,0.335,2,1.5,0,0.0,0
2024-07-25,Greed,0x430f09841d65beb3f27765503d0f850b8bce7713,0.0,0.0,0.94,1,77.0,0,0.0,0
2024-08-09,Neutral,0x430f09841d65beb3f27765503d0f850b8bce7713,0.0,0.0,0.12,1,0.6,0,0.0,0
2024-08-10,Fear,0x430f09841d65beb3f27765503d0f850b8bce7713,0.0,0.0,0.68,1,87.0,0,0.0,0
2024-08-12,Fear,0x430f09841d65beb3f27765503d0f850b8bce7713,0.0,0.0,0.61,1,4.333333333333333,0,0.0,0
2024-08-13,Fear,0x430f09841d65beb3f27765503d0f850b8bce7713,0.0,0.0,0.67,1,6.666666666666667,0,0.0,0
2024-08-14,Fear,0x430f09841d65beb3f27765503d0f850b8bce7713,0.0,0.0,0.53,1,3.1666666666666665,0,0.0,0
2024-08-30,Fear,0x430f09841d65beb3f27765503d0f850b8bce7713,0.0,0.0,0.62,1,2.0,0,0.0,0
2024-08-31,Fear,0x430f09841d65beb3f27765503d0f850b8bce7713,0.0,0.0,0.96,1,0.4782608695652174,0,0.0,0
2024-09-11,Fear,0x430f09841d65beb3f27765503d0f850b8bce7713,0.0,0.0,0.54,1,0.0,0,0.0,0
2024-09-14,Neutral,0x430f09841d65beb3f27765503d0f850b8bce7713,0.0,0.0,0.65,1,10.0,0,36165.56933,1
2024-09-21,Neutral,0x430f09841d65beb3f27765503d0f850b8bce7713,36165.56933,1.0,7202.092173913044,23,0.0,0,0.0,0
2024-10-05,Neutral,0x430f09841d65beb3f27765503d0f850b8bce7713,0.0,0.0,0.61,1,0.32142857142857145,0,0.0,0
2024-10-11,Fear,0x430f09841d65beb3f27765503d0f850b8bce7713,0.0,0.0,0.73,1,0.0,0,124284.948775,1
2024-11-29,Extreme Greed,0x430f09841d65beb3f27765503d0f850b8bce7713,124284.948775,1.0,8285.689333333334,15,0.6040816326530613,0,5615.052102,1
2025-02-07,Fear,0x430f09841d65beb3f27765503d0f850b8bce7713,5615.052102,0.25806451612903225,4485.160645161291,93,1.687830687830688,0,22795.8104,1
2025-02-12,Neutral,0x430f09841d65beb3f27765503d0f850b8bce7713,22795.8104,0.4166666666666667,4261.555092592593,108,0.6496,0,82117.04336,1
2025-02-21,Greed,0x430f09841d65beb3f27765503d0f850b8bce7713,82117.04336,1.0,1500.5277647058824,255,0.6589902568644819,0,0.0,0
2025-04-09,Extreme Fear,0x430f09841d65beb3f27765503d0f850b8bce7713,0.0,0.0,5570.2651898734175,79,0.8007262823422605,0,0.0,0
2025-04-16,Fear,0x430f09841d65beb3f27765503d0f850b8bce7713,0.0,0.0,1231.3267948717948,78,1.0802069857697283,0,0.0,0
2025-04-18,Fear,0x430f09841d65beb3f27765503d0f850b8bce7713,0.0,0.0,1514.5613793103448,58,0.6628621597892889,0,0.0,0
2025-04-26,Greed,0x430f09841d65beb3f27765503d0f850b8bce7713,0.0,0.0,838.0906060606061,132,1.146110056925996,0,0.0,0
2025-04-29,Greed,0x430f09841d65beb3f27765503d0f850b8bce7713,0.0,0.0,2655.1648148148147,54,0.9710017574692443,0,,0
2024-11-30,Extreme Greed,0x47add9a56df66b524d5e2c1993a43cde53b6ed85,8.570313,0.125,249.58375,8,0.3814814814814815,0,197.422418,1
2024-12-01,Extreme Greed,0x47add9a56df66b524d5e2c1993a43cde53b6ed85,197.422418,0.5,358.71500000000003,4,0.5294117647058824,0,30.727222,1
2024-12-03,Extreme Greed,0x47add9a56df66b524d5e2c1993a43cde53b6ed85,30.727222,0.023809523809523808,330.0188095238095,42,0.8333333333333334,0,910.584797,1
2024-12-04,Extreme Greed,0x47add9a56df66b524d5e2c1993a43cde53b6ed85,910.584797,0.13725490196078433,795.8152941176471,102,0.4304932735426009,0,3174.023699,1
2024-12-05,Extreme Greed,0x47add9a56df66b524d5e2c1993a43cde53b6ed85,3174.023699,0.36551724137931035,587.6594137931035,290,0.7272727272727273,0,514.886454,1
2024-12-06,Greed,0x47add9a56df66b524d5e2c1993a43cde53b6ed85,514.886454,0.2962962962962963,1009.2267592592593,108,1.0353535353535352,0,1040.616939,1
2024-12-07,Extreme Greed,0x47add9a56df66b524d5e2c1993a43cde53b6ed85,1040.616939,0.35,580.1653888888889,180,0.5670103092783505,0,227.072158,1
2024-12-08,Extreme Greed,0x47add9a56df66b524d5e2c1993a43cde53b6ed85,227.072158,0.36231884057971014,423.3769565217391,69,0.24260355029585798,0,311.290605,1
2024-12-09,Extreme Greed,0x47add9a56df66b524d5e2c1993a43cde53b6ed85,311.290605,0.34545454545454546,399.53854545454544,55,5.416666666666667,0,1474.670598,1
2024-12-10,Extreme Greed,0x47add9a56df66b524d5e2c1993a43cde53b6ed85,1474.670598,0.36813186813186816,512.06510989011,182,0.4971857410881801,0,1157.689489,1
2024-12-11,Greed,0x47add9a56df66b524d5e2c1993a43cde53b6ed85,1157.689489,0.3353846153846154,307.6034769230769,325,0.16285714285714287,0,574.398074,1
2024-12-12,Extreme Greed,0x47add9a56df66b524d5e2c1993a43cde53b6ed85,574.398074,0.2893081761006289,458.38842767295597,159,0.2786234281932495,0,587.630504,1
2024-12-13,Extreme Greed,0x47add9a56df66b524d5e2c1993a43cde53b6ed85,587.630504,0.35135135135135137,573.9341216216217,148,1.3601609657947686,0,1178.021061,1
2024-12-14,Extreme Greed,0x47add9a56df66b524d5e2c1993a43cde53b6ed85,1178.021061,0.45161290322580644,488.356935483871,62,0.9296875,0,10303.889423,1
2024-12-15,Extreme Greed,0x47add9a56df66b524d5e2c1993a43cde53b6ed85,10303.889423,0.40331491712707185,622.4760773480663,181,1.9982332155477032,0,333.398209,1
2024-12-16,Extreme Greed,0x47add9a56df66b524d5e2c1993a43cde53b6ed85,333.398209,0.29347826086956524,574.7419565217391,92,0.6693037974683544,0,21172.081622,1
2024-12-17,Extreme Greed,0x47add9a56df66b524d5e2c1993a43cde53b6ed85,21172.081622,0.29292929292929293,327.79242424242426,396,0.7807339449541284,0,3311.822419,1
2024-12-18,Extreme Greed,0x47add9a56df66b524d5e2c1993a43cde53b6ed85,3311.822419,0.2079646017699115,380.76508849557524,226,1.0014005602240896,0,3491.018544,1
2024-12-19,Extreme Greed,0x47add9a56df66b524d5e2c1993a43cde53b6ed85,3491.018544,0.4666666666666667,427.7865185185185,135,0.5617399438727783,0,6049.6938279999995,1
2024-12-20,Greed,0x47add9a56df66b524d5e2c1993a43cde53b6ed85,6049.6938279999995,0.421875,718.267421875,128,0.8307579102281089,0,7454.276452,1
2024-12-21,Greed,0x47add9a56df66b524d5e2c1993a43cde53b6ed85,7454.276452,0.37554585152838427,475.0544978165939,229,0.5493087557603686,0,1063.854341,1
2024-12-22,Greed,0x47add9a56df66b524d5e2c1993a43cde53b6ed85,1063.854341,0.29411764705882354,441.9328431372549,102,1.3742331288343559,0,4704.4420789999995,1
2024-12-23,Greed,0x47add9a56df66b524d5e2c1993a43cde53b6ed85,4704.4420789999995,0.39711934156378603,478.66473251028805,486,0.7902364607170099,0,1506.989241,1
2024-12-24,Greed,0x47add9a56df66b524d5e2c1993a43cde53b6ed85,1506.989241,0.4214876033057851,393.04826446280987,121,0.5363636363636364,0,271.246809,1
2024-12-25,Greed,0x47add9a56df66b524d5e2c1993a43cde53b6ed85,271.246809,0.30303030303030304,434.2566666666667,99,0.7049180327868853,0,9136.439892,1
2024-12-26,Extreme Greed,0x47add9a56df66b524d5e2c1993a43cde53b6ed85,9136.439892,0.35,875.6657499999999,160,1.1512345679012346,0,1473.2450880000001,1
2024-12-27,Greed,0x47add9a56df66b524d5e2c1993a43cde53b6ed85,1473.2450880000001,0.6086956521739131,439.5926086956522,115,1.113821138211382,0,74.156745,1
2024-12-28,Greed,0x47add9a56df66b524d5e2c1993a43cde53b6ed85,74.156745,0.23255813953488372,286.27116279069764,43,0.5480769230769231,0,1609.679253,1
2024-12-29,Greed,0x47add9a56df66b524d5e2c1993a43cde53b6ed85,1609.679253,0.42391304347826086,473.0703260869565,92,0.5227272727272727,0,240.749155,1
2024-12-30,Greed,0x47add9a56df66b524d5e2c1993a43cde53b6ed85,240.749155,0.5084745762711864,530.9594915254237,59,1.512396694214876,0,97.688169,1
2024-12-31,Greed,0x47add9a56df66b524d5e2c1993a43cde53b6ed85,97.688169,0.0707070707070707,541.9542424242425,99,0.8545454545454545,0,17.784696,1
2025-01-01,Greed,0x47add9a56df66b524d5e2c1993a43cde53b6ed85,17.784696,0.1875,632.90125,16,2.4285714285714284,0,677.276764,1
2025-01-02,Greed,0x47add9a56df66b524d5e2c1993a43cde53b6ed85,677.276764,0.4777777777777778,548.5241111111111,90,0.421259842519685,0,846.655814,1
2025-01-03,Greed,0x47add9a56df66b524d5e2c1993a43cde53b6ed85,846.655814,0.23529411764705882,321.5754901960784,102,0.49852507374631266,0,73.451675,1
2025-01-04,Greed,0x47add9a56df66b524d5e2c1993a43cde53b6ed85,73.451675,0.2631578947368421,628.7080701754386,57,0.2576271186440678,0,8.594753,1
2025-01-05,Greed,0x47add9a56df66b524d5e2c1993a43cde53b6ed85,8.594753,0.10526315789473684,439.9673684210526,38,0.3735632183908046,0,559.643925,1
2025-01-06,Extreme Greed,0x47add9a56df66b524d5e2c1993a43cde53b6ed85,559.643925,0.20238095238095238,414.94607142857143,84,0.34823529411764703,0,289.257865,1
2025-01-07,Extreme Greed,0x47add9a56df66b524d5e2c1993a43cde53b6ed85,289.257865,0.775,1311.98475,40,7.493333333333333,0,1377.989592,1
2025-01-08,Greed,0x47add9a56df66b524d5e2c1993a43cde53b6ed85,1377.989592,0.3155080213903743,524.9171122994652,187,2.5340136054421767,0,279.587921,1
2025-01-09,Greed,0x47add9a56df66b524d5e2c1993a43cde53b6ed85,279.587921,0.18947368421052632,498.5522105263158,95,0.6261682242990654,0,-271.259943,0
2025-01-10,Neutral,0x47add9a56df66b524d5e2c1993a43cde53b6ed85,-271.259943,0.26804123711340205,586.3769072164948,97,0.8079470198675497,0,71.39075800000003,1
2025-01-11,Greed,0x47add9a56df66b524d5e2c1993a43cde53b6ed85,71.39075800000003,0.1794871794871795,484.43128205128204,39,1.4188034188034189,0,103.67729899999999,1
2025-01-12,Greed,0x47add9a56df66b524d5e2c1993a43cde53b6ed85,103.67729899999999,0.13636363636363635,282.01,44,0.15547024952015356,0,218.429393,1
2025-01-13,Greed,0x47add9a56df66b524d5e2c1993a43cde53b6ed85,218.429393,0.11940298507462686,540.2710447761193,67,1.4285714285714286,0,992.803005,1
2025-01-14,Greed,0x47add9a56df66b524d5e2c1993a43cde53b6ed85,992.803005,0.31645569620253167,484.3945569620253,79,0.5027322404371585,0,361.155853,1
2025-01-15,Greed,0x47add9a56df66b524d5e2c1993a43cde53b6ed85,361.155853,0.375,792.0838888888889,72,0.5344827586206896,0,319.22369499999996,1
2025-01-16,Extreme Greed,0x47add9a56df66b524d5e2c1993a43cde53b6ed85,319.22369499999996,0.26136363636363635,467.3454545454546,88,0.44357976653696496,0,498.16985999999997,1
2025-01-17,Extreme Greed,0x47add9a56df66b524d5e2c1993a43cde53b6ed85,498.16985999999997,0.5,558.7280000000001,50,0.6643356643356644,0,307.105046,1
2025-01-18,Extreme Greed,0x47add9a56df66b524d5e2c1993a43cde53b6ed85,307.105046,0.5,583.8729411764706,34,1.1845637583892616,0,541.742729,1
2025-01-19,Extreme Greed,0x47add9a56df66b524d5e2c1993a43cde53b6ed85,541.742729,0.37037037037037035,855.0277777777778,27,1.1584022038567494,0,2262.94445,1
2025-01-20,Extreme Greed,0x47add9a56df66b524d5e2c1993a43cde53b6ed85,2262.94445,0.5606060606060606,1131.5053030303031,66,1.3482142857142858,0,287.821918,1
2025-01-21,Extreme Greed,0x47add9a56df66b524d5e2c1993a43cde53b6ed85,287.821918,0.46153846153846156,645.536153846154,13,0.37662337662337664,0,2867.6138889999997,1
2025-01-22,Extreme Greed,0x47add9a56df66b524d5e2c1993a43cde53b6ed85,2867.6138889999997,0.35714285714285715,587.97,98,0.5551401869158878,0,420.491149,1
2025-01-23,Extreme Greed,0x47add9a56df66b524d5e2c1993a43cde53b6ed85,420.491149,0.46153846153846156,501.15999999999997,26,0.8538812785388128,0,553.5255989999999,1
2025-01-24,Extreme Greed,0x47add9a56df66b524d5e2c1993a43cde53b6ed85,553.5255989999999,0.45,583.839,40,0.6937984496124031,0,416.148576,1
2025-01-25,Extreme Greed,0x47add9a56df66b524d5e2c1993a43cde53b6ed85,416.148576,0.5555555555555556,607.7458333333333,36,1.649214659685864,0,535.938645,1
2025-01-26,Greed,0x47add9a56df66b524d5e2c1993a43cde53b6ed85,535.938645,0.8888888888888888,586.3983333333333,18,0.64,0,1295.825632,1
2025-01-27,Greed,0x47add9a56df66b524d5e2c1993a43cde53b6ed85,1295.825632,0.40963855421686746,600.4903614457832,83,1.9391634980988592,0,475.702642,1
2025-01-28,Greed,0x47add9a56df66b524d5e2c1993a43cde53b6ed85,475.702642,0.627906976744186,577.776511627907,43,0.4604105571847507,0,41.935052,1
2025-01-29,Greed,0x47add9a56df66b524d5e2c1993a43cde53b6ed85,41.935052,0.21428571428571427,446.21642857142854,14,0.9279661016949152,0,783.829317,1
2025-01-30,Greed,0x47add9a56df66b524d5e2c1993a43cde53b6ed85,783.829317,0.4318181818181818,634.8495454545455,44,0.33375,0,488.582241,1
2025-01-31,Extreme Greed,0x47add9a56df66b524d5e2c1993a43cde53b6ed85,488.582241,0.40350877192982454,426.12614035087717,57,0.4660894660894661,0,526.448209,1
2025-02-01,Greed,0x47add9a56df66b524d5e2c1993a43cde53b6ed85,526.448209,0.696969696969697,490.5812121212121,33,1.24822695035461,0,-782.6517170000001,0
2025-02-02,Greed,0x47add9a56df66b524d5e2c1993a43cde53b6ed85,-782.6517170000001,0.25,475.55675925925925,108,1.713991769547325,0,2440.916534,1
2025-02-03,Fear,0x47add9a56df66b524d5e2c1993a43cde53b6ed85,2440.916534,0.4010989010989011,633.5157142857142,182,0.8463925523661753,0,874.3810560000001,1
2025-02-04,Greed,0x47add9a56df66b524d5e2c1993a43cde53b6ed85,874.3810560000001,0.47058823529411764,389.9655882352941,34,0.8349159970781592,0,32.72269,1
2025-02-05,Neutral,0x47add9a56df66b524d5e2c1993a43cde53b6ed85,32.72269,0.3333333333333333,431.90000000000003,3,1.1332236842105263,0,922.6724320000001,1
2025-02-06,Neutral,0x47add9a56df66b524d5e2c1993a43cde53b6ed85,922.6724320000001,0.23809523809523808,414.6168253968254,63,2.153703703703704,0,126.11297599999999,1
2025-02-07,Fear,0x47add9a56df66b524d5e2c1993a43cde53b6ed85,126.11297599999999,0.8235294117647058,288.2288235294118,17,1.687830687830688,0,78.902492,1
2025-02-08,Fear,0x47add9a56df66b524d5e2c1993a43cde53b6ed85,78.902492,0.22727272727272727,532.6045454545455,22,3.6370967741935485,0,378.027954,1
2025-02-09,Neutral,0x47add9a56df66b524d5e2c1993a43cde53b6ed85,378.027954,0.7586206896551724,352.76931034482755,29,1.2738095238095237,0,4.42722,1
2025-02-10,Fear,0x47add9a56df66b524d5e2c1993a43cde53b6ed85,4.42722,0.3333333333333333,521.32,6,0.6805293005671077,0,314.918282,1
2025-02-11,Neutral,0x47add9a56df66b524d5e2c1993a43cde53b6ed85,314.918282,0.4117647058823529,456.26176470588234,17,0.7448559670781894,0,117.09923500000001,1
2025-02-12,Neutral,0x47add9a56df66b524d5e2c1993a43cde53b6ed85,117.09923500000001,0.8,661.658,5,0.6496,0,534.854304,1
2025-02-13,Neutral,0x47add9a56df66b524d5e2c1993a43cde53b6ed85,534.854304,0.574468085106383,383.71595744680855,47,0.7631917631917632,0,-10.630689999999959,0
2025-02-14,Neutral,0x47add9a56df66b524d5e2c1993a43cde53b6ed85,-10.630689999999959,0.6808510638297872,315.5821276595745,47,0.47373107747105964,0,231.07204,1
2025-02-15,Neutral,0x47add9a56df66b524d5e2c1993a43cde53b6ed85,231.07204,0.23809523809523808,367.2038095238095,21,1.5961002785515321,0,278.922501,1
2025-02-16,Neutral,0x47add9a56df66b524d5e2c1993a43cde53b6ed85,278.922501,0.4146341463414634,396.6439024390244,41,1.0267857142857142,0,19.482565,1
2025-02-17,Neutral,0x47add9a56df66b524d5e2c1993a43cde53b6ed85,19.482565,0.38461538461538464,392.2353846153846,13,1.9591194968553458,0,336.64107,1
2025-02-18,Neutral,0x47add9a56df66b524d5e2c1993a43cde53b6ed85,336.64107,0.37037037037037035,415.7527777777778,54,1.6816,0,89.261197,1
2025-02-19,Fear,0x47add9a56df66b524d5e2c1993a43cde53b6ed85,89.261197,0.2727272727272727,303.90090909090907,22,1.738430583501006,0,168.023469,1
2025-02-20,Neutral,0x47add9a56df66b524d5e2c1993a43cde53b6ed85,168.023469,0.8461538461538461,378.7576923076923,13,0.6437908496732027,0,165.776644,1
2025-02-21,Greed,0x47add9a56df66b524d5e2c1993a43cde53b6ed85,165.776644,0.7333333333333333,301.59066666666666,15,0.6589902568644819,0,31.523152,1
2025-02-22,Neutral,0x47add9a56df66b524d5e2c1993a43cde53b6ed85,31.523152,0.1111111111111111,343.53666666666663,18,1.1042944785276074,0,122.057796,1
2025-02-23,Neutral,0x47add9a56df66b524d5e2c1993a43cde53b6ed85,122.057796,0.7142857142857143,369.9928571428572,7,1.1940928270042195,0,437.185458,1
2025-02-24,Neutral,0x47add9a56df66b524d5e2c1993a43cde53b6ed85,437.185458,0.3793103448275862,543.7444827586207,29,1.3786531130876747,0,3455.584856,1
2025-02-25,Fear,0x47add9a56df66b524d5e2c1993a43cde53b6ed85,3455.584856,0.3684210526315789,512.5179473684211,190,2.1074626865671644,0,-200.798196,0
2025-02-26,Extreme Fear,0x47add9a56df66b524d5e2c1993a43cde53b6ed85,-200.798196,0.10714285714285714,603.3185714285713,28,0.49049429657794674,0,-195.841458,0
2025-02-27,Extreme Fear,0x47add9a56df66b524d5e2c1993a43cde53b6ed85,-195.841458,0.05555555555555555,330.11833333333334,18,0.8388429752066116,0,933.170538,1
2025-02-28,Extreme Fear,0x47add9a56df66b524d5e2c1993a43cde53b6ed85,933.170538,0.36619718309859156,514.1759154929578,71,1.0838445807770962,0,109.593094,1
2025-03-01,Extreme Fear,0x47add9a56df66b524d5e2c1993a43cde53b6ed85,109.593094,0.4444444444444444,617.1918518518519,27,1.5217391304347827,0,349.12092600000005,1
2025-03-02,Fear,0x47add9a56df66b524d5e2c1993a43cde53b6ed85,349.12092600000005,0.38095238095238093,1106.6938095238095,21,1.062015503875969,0,376.017126,1
2025-03-03,Fear,0x47add9a56df66b524d5e2c1993a43cde53b6ed85,376.017126,0.36363636363636365,591.2160606060606,33,2.5883777239709445,0,444.266681,1
2025-03-04,Extreme Fear,0x47add9a56df66b524d5e2c1993a43cde53b6ed85,444.266681,0.21875,502.8234375,32,2.672782874617737,0,423.18325600000003,1
2025-03-05,Extreme Fear,0x47add9a56df66b524d5e2c1993a43cde53b6ed85,423.18325600000003,0.2857142857142857,550.0914285714285,21,0.2918287937743191,0,102.92652,1
2025-03-06,Fear,0x47add9a56df66b524d5e2c1993a43cde53b6ed85,102.92652,0.5,742.9966666666666,12,0.9537275064267352,0,781.670551,1
2025-03-07,Fear,0x47add9a56df66b524d5e2c1993a43cde53b6ed85,781.670551,0.25806451612903225,463.668064516129,62,0.9260377358490566,0,119.3611,1
2025-03-08,Fear,0x47add9a56df66b524d5e2c1993a43cde53b6ed85,119.3611,0.22580645161290322,449.9274193548387,31,1.1950207468879668,0,0.0,0
2025-03-09,Fear,0x47add9a56df66b524d5e2c1993a43cde53b6ed85,0.0,0.0,827.6537500000001,8,1.9936842105263157,0,0.0,0
2025-03-10,Extreme Fear,0x47add9a56df66b524d5e2c1993a43cde53b6ed85,0.0,0.0,734.3568750000001,16,1.1707680835197614,0,266.837111,1
2025-03-11,Extreme Fear,0x47add9a56df66b524d5e2c1993a43cde53b6ed85,266.837111,0.125,504.60375,32,1.8181818181818181,0,78.714444,1
2025-03-12,Fear,0x47add9a56df66b524d5e2c1993a43cde53b6ed85,78.714444,0.42857142857142855,738.5457142857142,7,0.7096079276174063,0,-1.2672399999999993,0
2025-03-13,Neutral,0x47add9a56df66b524d5e2c1993a43cde53b6ed85,-1.2672399999999993,0.2222222222222222,364.46555555555557,9,0.9473684210526315,0,202.313183,1
2025-03-15,Neutral,0x47add9a56df66b524d5e2c1993a43cde53b6ed85,202.313183,0.8333333333333334,837.4561111111111,36,1.439252336448598,0,-6.342484000000001,0
2025-03-16,Fear,0x47add9a56df66b524d5e2c1993a43cde53b6ed85,-6.342484000000001,0.2857142857142857,569.8328571428572,7,1.345132743362832,0,-31.277088,0
2025-03-17,Fear,0x47add9a56df66b524d5e2c1993a43cde53b6ed85,-31.277088,0.0,705.3433333333334,3,1.105263157894737,0,-2.8135689999999993,0
2025-03-19,Fear,0x47add9a56df66b524d5e2c1993a43cde53b6ed85,-2.8135689999999993,0.16666666666666666,485.3908333333334,12,0.5367016205910391,0,-147.78931200000002,0
2025-03-20,Neutral,0x47add9a56df66b524d5e2c1993a43cde53b6ed85,-147.78931200000002,0.7,769.2385,20,0.44652908067542213,0,39.1247,1
2025-03-21,Fear,0x47add9a56df66b524d5e2c1993a43cde53b6ed85,39.1247,0.3333333333333333,494.46000000000004,6,0.9829545454545454,0,-1184.046158,0
2025-03-22,Fear,0x47add9a56df66b524d5e2c1993a43cde53b6ed85,-1184.046158,0.0,340.78363636363633,11,0.7092651757188498,0,0.0,0
2025-03-23,Fear,0x47add9a56df66b524d5e2c1993a43cde53b6ed85,0.0,0.0,374.475,2,1.8471337579617835,0,-216.431703,0
2025-03-24,Neutral,0x47add9a56df66b524d5e2c1993a43cde53b6ed85,-216.431703,0.4,545.196,25,0.2616707616707617,0,87.95347999999998,1
2025-03-25,Neutral,0x47add9a56df66b524d5e2c1993a43cde53b6ed85,87.95347999999998,0.3333333333333333,377.80999999999995,3,1.1436314363143631,0,69.285,1
2025-03-26,Neutral,0x47add9a56df66b524d5e2c1993a43cde53b6ed85,69.285,0.3333333333333333,749.9666666666667,3,1.030104712041885,0,0.0,0
2025-03-30,Fear,0x47add9a56df66b524d5e2c1993a43cde53b6ed85,0.0,0.0,250.07333333333335,3,5.311111111111111,0,798.187528,1
2025-03-31,Fear,0x47add9a56df66b524d5e2c1993a43cde53b6ed85,798.187528,0.3125,471.555,16,0.7615658362989324,0,-680.287463,0
2025-04-01,Fear,0x47add9a56df66b524d5e2c1993a43cde53b6ed85,-680.287463,0.3157894736842105,247.43947368421055,19,0.92,0,93.006465,1
2025-04-02,Fear,0x47add9a56df66b524d5e2c1993a43cde53b6ed85,93.006465,0.75,405.9275,4,0.1350210970464135,0,7.052034,1
2025-04-03,Fear,0x47add9a56df66b524d5e2c1993a43cde53b6ed85,7.052034,0.14285714285714285,635.2357142857143,14,1.207070707070707,0,0.0,0
2025-04-04,Fear,0x47add9a56df66b524d5e2c1993a43cde53b6ed85,0.0,0.0,874.78,2,0.6455368693402329,0,-132.88134,0
2025-04-05,Fear,0x47add9a56df66b524d5e2c1993a43cde53b6ed85,-132.88134,0.4,586.6572,25,0.6216216216216216,0,-1400.5515480000001,0
2025-04-06,Fear,0x47add9a56df66b524d5e2c1993a43cde53b6ed85,-1400.5515480000001,0.26666666666666666,661.3813333333333,15,1.8324324324324324,0,-5651.552238,0
2025-04-07,Extreme Fear,0x47add9a56df66b524d5e2c1993a43cde53b6ed85,-5651.552238,0.14583333333333334,569.6545833333333,48,1.0114367405289493,0,-6745.027414,0
2025-04-08,Extreme Fear,0x47add9a56df66b524d5e2c1993a43cde53b6ed85,-6745.027414,0.2619047619047619,700.9559523809525,42,0.8382066276803118,0,-3911.273892,0
2025-04-09,Extreme Fear,0x47add9a56df66b524d5e2c1993a43cde53b6ed85,-3911.273892,0.4642857142857143,638.1583928571429,56,0.8007262823422605,0,258.032458,1
2025-04-10,Fear,0x47add9a56df66b524d5e2c1993a43cde53b6ed85,258.032458,0.38095238095238093,520.317619047619,21,1.1484848484848484,0,608.246567,1
2025-04-11,Fear,0x47add9a56df66b524d5e2c1993a43cde53b6ed85,608.246567,0.6071428571428571,378.8592857142857,28,0.3979591836734694,0,3105.920269,1
2025-04-12,Fear,0x47add9a56df66b524d5e2c1993a43cde53b6ed85,3105.920269,0.5853658536585366,550.1919512195121,41,0.6111535523300229,0,490.32631200000003,1
2025-04-13,Neutral,0x47add9a56df66b524d5e2c1993a43cde53b6ed85,490.32631200000003,0.38461538461538464,601.84,26,1.2697594501718212,0,263.769257,1
2025-04-14,Fear,0x47add9a56df66b524d5e2c1993a43cde53b6ed85,263.769257,0.7142857142857143,377.75428571428574,7,1.386058981233244,0,17.022667,1
2025-04-16,Fear,0x47add9a56df66b524d5e2c1993a43cde53b6ed85,17.022667,0.2727272727272727,768.989090909091,11,1.0802069857697283,0,169.67583499999998,1
2025-04-17,Fear,0x47add9a56df66b524d5e2c1993a43cde53b6ed85,169.67583499999998,0.5172413793103449,456.538275862069,29,0.49420289855072463,0,64.128219,1
2025-04-19,Fear,0x47add9a56df66b524d5e2c1993a43cde53b6ed85,64.128219,1.0,375.075,2,0.5590374930050364,0,12.652267000000005,1
2025-04-20,Fear,0x47add9a56df66b524d5e2c1993a43cde53b6ed85,12.652267000000005,0.5238095238095238,580.8100000000001,21,1.194905869324474,0,-2.1503300000000003,0
2025-04-21,Fear,0x47add9a56df66b524d5e2c1993a43cde53b6ed85,-2.1503300000000003,0.4166666666666667,249.97833333333332,12,0.5421903052064632,0,-282.266207,0
2025-04-22,Neutral,0x47add9a56df66b524d5e2c1993a43cde53b6ed85,-282.266207,0.07142857142857142,343.8335714285714,14,0.899873257287706,0,511.720343,1
2025-04-23,Greed,0x47add9a56df66b524d5e2c1993a43cde53b6ed85,511.720343,0.35555555555555557,336.54622222222224,45,2.1731066460587325,0,350.896638,1
2025-04-24,Greed,0x47add9a56df66b524d5e2c1993a43cde53b6ed85,350.896638,0.25,396.0429166666667,24,1.2120911793855302,0,0.0,0
2025-04-25,Greed,0x47add9a56df66b524d5e2c1993a43cde53b6ed85,0.0,0.0,392.83714285714285,7,0.7006172839506173,0,147.607393,1
2025-04-26,Greed,0x47add9a56df66b524d5e2c1993a43cde53b6ed85,147.607393,0.2222222222222222,288.9161111111111,18,1.146110056925996,0,361.183441,1
2025-04-27,Greed,0x47add9a56df66b524d5e2c1993a43cde53b6ed85,361.183441,0.6923076923076923,370.71153846153845,13,1.6328125,0,146.420556,1
2025-04-28,Neutral,0x47add9a56df66b524d5e2c1993a43cde53b6ed85,146.420556,0.8888888888888888,360.80111111111114,9,0.8968363136176066,0,30.495403,1
2025-04-29,Greed,0x47add9a56df66b524d5e2c1993a43cde53b6ed85,30.495403,0.14285714285714285,356.9714285714286,7,0.9710017574692443,0,37.385304,1
2025-05-01,Neutral,0x47add9a56df66b524d5e2c1993a43cde53b6ed85,37.385304,0.14285714285714285,299.0128571428572,7,1.2610294117647058,0,,0
2024-12-14,Extreme Greed,0x4acb90e786d897ecffb614dc822eb231b4ffb9f4,0.0,0.0,24979.8,1,0.9296875,2,7440.638159,1
2024-12-19,Extreme Greed,0x4acb90e786d897ecffb614dc822eb231b4ffb9f4,7440.638159,0.4044943820224719,5090.390786516854,89,0.5617399438727783,0,53635.529649,1
2024-12-20,Greed,0x4acb90e786d897ecffb614dc822eb231b4ffb9f4,53635.529649,0.41596638655462187,9628.82474789916,238,0.8307579102281089,0,357.346725,1
2024-12-27,Greed,0x4acb90e786d897ecffb614dc822eb231b4ffb9f4,357.346725,0.5,7190.583333333333,18,1.113821138211382,0,2227.18659,1
2024-12-30,Greed,0x4acb90e786d897ecffb614dc822eb231b4ffb9f4,2227.18659,0.6578947368421053,6536.572105263158,38,1.512396694214876,0,0.0,0
2025-01-08,Greed,0x4acb90e786d897ecffb614dc822eb231b4ffb9f4,0.0,0.0,5040.074460431654,139,2.5340136054421767,0,35352.95374,1
2025-01-09,Greed,0x4acb90e786d897ecffb614dc822eb231b4ffb9f4,35352.95374,0.5833333333333334,7755.243541666667,96,0.6261682242990654,0,2812.7685,1
2025-01-10,Neutral,0x4acb90e786d897ecffb614dc822eb231b4ffb9f4,2812.7685,1.0,4195.841481481481,27,0.8079470198675497,0,927.412681,1
2025-01-12,Greed,0x4acb90e786d897ecffb614dc822eb231b4ffb9f4,927.412681,1.0,830.1821794871795,390,0.15547024952015356,0,0.0,0
2025-01-13,Greed,0x4acb90e786d897ecffb614dc822eb231b4ffb9f4,0.0,0.0,6845.160434782609,23,1.4285714285714286,0,13963.52,1
2025-01-16,Extreme Greed,0x4acb90e786d897ecffb614dc822eb231b4ffb9f4,13963.52,1.0,42850.549999999996,4,0.44357976653696496,2,1519.769822,1
2025-01-19,Extreme Greed,0x4acb90e786d897ecffb614dc822eb231b4ffb9f4,1519.769822,0.6666666666666666,3916.7593333333334,30,1.1584022038567494,0,-2427.873799,0
2025-01-20,Extreme Greed,0x4acb90e786d897ecffb614dc822eb231b4ffb9f4,-2427.873799,0.0,2596.646976744186,43,1.3482142857142858,0,0.0,0
2025-02-20,Neutral,0x4acb90e786d897ecffb614dc822eb231b4ffb9f4,0.0,0.0,1538.4553846153844,13,0.6437908496732027,0,856.4737299999999,1
2025-02-24,Neutral,0x4acb90e786d897ecffb614dc822eb231b4ffb9f4,856.4737299999999,0.17073170731707318,5876.914634146341,41,1.3786531130876747,0,11271.895074,1
2025-02-25,Fear,0x4acb90e786d897ecffb614dc822eb231b4ffb9f4,11271.895074,0.5302325581395348,5634.781581395349,215,2.1074626865671644,0,22137.551238,1
2025-02-26,Extreme Fear,0x4acb90e786d897ecffb614dc822eb231b4ffb9f4,22137.551238,1.0,8442.721599999999,50,0.49049429657794674,0,503.31943,1
2025-02-27,Extreme Fear,0x4acb90e786d897ecffb614dc822eb231b4ffb9f4,503.31943,0.3333333333333333,8378.118333333334,12,0.8388429752066116,0,22299.186495,1
2025-02-28,Extreme Fear,0x4acb90e786d897ecffb614dc822eb231b4ffb9f4,22299.186495,0.8089887640449438,14857.899887640451,89,1.0838445807770962,0,0.0,0
2025-03-03,Fear,0x4acb90e786d897ecffb614dc822eb231b4ffb9f4,0.0,0.0,10522.962631578948,19,2.5883777239709445,0,0.0,0
2025-03-04,Extreme Fear,0x4acb90e786d897ecffb614dc822eb231b4ffb9f4,0.0,0.0,5549.306774193548,155,2.672782874617737,0,5109.859504,1
2025-03-06,Fear,0x4acb90e786d897ecffb614dc822eb231b4ffb9f4,5109.859504,0.3333333333333333,9685.342,15,0.9537275064267352,0,0.0,0
2025-03-07,Fear,0x4acb90e786d897ecffb614dc822eb231b4ffb9f4,0.0,0.0,1755.7517543859651,57,0.9260377358490566,0,0.08712,1
2025-03-10,Extreme Fear,0x4acb90e786d897ecffb614dc822eb231b4ffb9f4,0.08712,0.008771929824561403,5590.744561403509,114,1.1707680835197614,0,0.0,0
2025-03-11,Extreme Fear,0x4acb90e786d897ecffb614dc822eb231b4ffb9f4,0.0,0.0,3216.501666666667,84,1.8181818181818181,0,0.0,0
2025-03-13,Neutral,0x4acb90e786d897ecffb614dc822eb231b4ffb9f4,0.0,0.0,4349.66,15,0.9473684210526315,0,4839.59228,1
2025-03-20,Neutral,0x4acb90e786d897ecffb614dc822eb231b4ffb9f4,4839.59228,0.7743589743589744,3233.520923076923,195,0.44652908067542213,0,0.0,0
2025-03-21,Fear,0x4acb90e786d897ecffb614dc822eb231b4ffb9f4,0.0,0.0,1470.5794117647058,17,0.9829545454545454,0,4350.379248,1
2025-03-22,Fear,0x4acb90e786d897ecffb614dc822eb231b4ffb9f4,4350.379248,1.0,1308.6299999999999,53,0.7092651757188498,0,2897.148962,1
2025-03-23,Fear,0x4acb90e786d897ecffb614dc822eb231b4ffb9f4,2897.148962,0.34210526315789475,3986.6614473684212,76,1.8471337579617835,0,48946.705539,1
2025-03-24,Neutral,0x4acb90e786d897ecffb614dc822eb231b4ffb9f4,48946.705539,1.0,6360.884432432433,185,0.2616707616707617,0,30531.101000000002,1
2025-03-25,Neutral,0x4acb90e786d897ecffb614dc822eb231b4ffb9f4,30531.101000000002,1.0,12797.315200000001,50,1.1436314363143631,0,9261.449882,1
2025-03-26,Neutral,0x4acb90e786d897ecffb614dc822eb231b4ffb9f4,9261.449882,0.6071428571428571,4924.3603571428575,140,1.030104712041885,0,314.6728,1
2025-03-29,Fear,0x4acb90e786d897ecffb614dc822eb231b4ffb9f4,314.6728,0.13043478260869565,15232.22,23,1.1114827201783724,0,5362.529222,1
2025-03-30,Fear,0x4acb90e786d897ecffb614dc822eb231b4ffb9f4,5362.529222,1.0,12161.259047619047,21,5.311111111111111,0,4750.8109939999995,1
2025-03-31,Fear,0x4acb90e786d897ecffb614dc822eb231b4ffb9f4,4750.8109939999995,0.5531914893617021,9463.05744680851,47,0.7615658362989324,0,444.205198,1
2025-04-02,Fear,0x4acb90e786d897ecffb614dc822eb231b4ffb9f4,444.205198,0.625,37473.885625,16,0.1350210970464135,2,0.0,0
2025-04-03,Fear,0x4acb90e786d897ecffb614dc822eb231b4ffb9f4,0.0,0.0,16666.611,60,1.207070707070707,0,0.0,0
2025-04-04,Fear,0x4acb90e786d897ecffb614dc822eb231b4ffb9f4,0.0,0.0,8264.040980392158,51,0.6455368693402329,0,31134.240601999998,1
2025-04-05,Fear,0x4acb90e786d897ecffb614dc822eb231b4ffb9f4,31134.240601999998,1.0,5175.765784313725,102,0.6216216216216216,0,0.0,0
2025-04-06,Fear,0x4acb90e786d897ecffb614dc822eb231b4ffb9f4,0.0,0.0,5508.490970873787,103,1.8324324324324324,0,13642.628143,1
2025-04-07,Extreme Fear,0x4acb90e786d897ecffb614dc822eb231b4ffb9f4,13642.628143,0.21164021164021163,7781.819788359788,189,1.0114367405289493,0,221.0,1
2025-04-08,Extreme Fear,0x4acb90e786d897ecffb614dc822eb231b4ffb9f4,221.0,0.3333333333333333,52275.0,3,0.8382066276803118,2,107892.62706,1
2025-04-09,Extreme Fear,0x4acb90e786d897ecffb614dc822eb231b4ffb9f4,107892.62706,0.4724137931034483,17935.84644827586,290,0.8007262823422605,0,84856.33534,1
2025-04-10,Fear,0x4acb90e786d897ecffb614dc822eb231b4ffb9f4,84856.33534,0.36036036036036034,26118.342432432433,222,1.1484848484848484,2,122461.112004,1
2025-04-11,Fear,0x4acb90e786d897ecffb614dc822eb231b4ffb9f4,122461.112004,1.0,24390.13621621622,74,0.3979591836734694,2,0.0,0
2025-04-12,Fear,0x4acb90e786d897ecffb614dc822eb231b4ffb9f4,0.0,0.0,16878.26676470588,68,0.6111535523300229,0,21531.8321,1
2025-04-14,Fear,0x4acb90e786d897ecffb614dc822eb231b4ffb9f4,21531.8321,0.7368421052631579,26925.528815789472,76,1.386058981233244,2,0.0,0
2025-04-15,Fear,0x4acb90e786d897ecffb614dc822eb231b4ffb9f4,0.0,0.0,3354.117450980392,51,0.4371029224904701,0,3088.0,1
2025-04-16,Fear,0x4acb90e786d897ecffb614dc822eb231b4ffb9f4,3088.0,1.0,166444.0,1,1.0802069857697283,2,-110.0,0
2025-04-17,Fear,0x4acb90e786d897ecffb614dc822eb231b4ffb9f4,-110.0,0.0,28273.666666666668,6,0.49420289855072463,2,-681.29819,0
2025-04-21,Fear,0x4acb90e786d897ecffb614dc822eb231b4ffb9f4,-681.29819,0.0,30543.59565217391,23,0.5421903052064632,2,132.0,1
2025-04-22,Neutral,0x4acb90e786d897ecffb614dc822eb231b4ffb9f4,132.0,0.16666666666666666,15215.498333333335,6,0.899873257287706,0,2875.230157,1
2025-04-23,Greed,0x4acb90e786d897ecffb614dc822eb231b4ffb9f4,2875.230157,0.24793388429752067,6709.732727272728,121,2.1731066460587325,0,459.24741,1
2025-04-24,Greed,0x4acb90e786d897ecffb614dc822eb231b4ffb9f4,459.24741,0.9565217391304348,4407.6721739130435,23,1.2120911793855302,0,0.0,0
2025-04-25,Greed,0x4acb90e786d897ecffb614dc822eb231b4ffb9f4,0.0,0.0,63142.666666666664,3,0.7006172839506173,2,47.876234000000004,1
2025-04-26,Greed,0x4acb90e786d897ecffb614dc822eb231b4ffb9f4,47.876234000000004,1.0,6897.073170731707,41,1.146110056925996,0,510.0,1
2025-04-30,Greed,0x4acb90e786d897ecffb614dc822eb231b4ffb9f4,510.0,0.8,75258.0,5,3.0472727272727274,2,,0
2024-03-13,Extreme Greed,0x4f93fead39b70a1824f981a54d4e55b278e9f760,0.0,0.0,857.2571428571428,7,inf,0,65.480454,1
2024-03-14,Extreme Greed,0x4f93fead39b70a1824f981a54d4e55b278e9f760,65.480454,1.0,6066.28,1,0.125,0,338.42832,1
2024-03-15,Extreme Greed,0x4f93fead39b70a1824f981a54d4e55b278e9f760,338.42832,0.125,3292.47625,8,0.7222222222222222,0,228.57984,1
2024-03-16,Extreme Greed,0x4f93fead39b70a1824f981a54d4e55b278e9f760,228.57984,0.16666666666666666,4537.276666666667,6,1.6666666666666667,0,429.683075,1
2024-03-17,Extreme Greed,0x4f93fead39b70a1824f981a54d4e55b278e9f760,429.683075,0.2857142857142857,6218.810714285714,14,3.6,0,0.0,0
2024-03-18,Extreme Greed,0x4f93fead39b70a1824f981a54d4e55b278e9f760,0.0,0.0,2833.491666666667,12,2.1666666666666665,0,0.0,0
2024-03-19,Extreme Greed,0x4f93fead39b70a1824f981a54d4e55b278e9f760,0.0,0.0,2266.8775,4,2.4285714285714284,0,0.0,0
2024-03-21,Extreme Greed,0x4f93fead39b70a1824f981a54d4e55b278e9f760,0.0,0.0,9744.18,1,13.0,0,1302.916428,1
2024-03-25,Extreme Greed,0x4f93fead39b70a1824f981a54d4e55b278e9f760,1302.916428,0.8571428571428571,8159.4742857142855,7,0.0,0,20.599193,1
2024-03-26,Extreme Greed,0x4f93fead39b70a1824f981a54d4e55b278e9f760,20.599193,0.14285714285714285,3426.62,7,0.07272727272727272,0,189.192,1
2024-03-27,Extreme Greed,0x4f93fead39b70a1824f981a54d4e55b278e9f760,189.192,0.4444444444444444,3224.6703703703706,27,1.0,0,0.0,0
2024-03-28,Extreme Greed,0x4f93fead39b70a1824f981a54d4e55b278e9f760,0.0,0.0,6671.296666666666,3,12.0,0,883.097404,1
2024-03-29,Extreme Greed,0x4f93fead39b70a1824f981a54d4e55b278e9f760,883.097404,0.4,5794.291333333333,15,1.5,0,912.786145,1
2024-03-31,Extreme Greed,0x4f93fead39b70a1824f981a54d4e55b278e9f760,912.786145,0.7692307692307693,3070.2276923076925,13,0.0,0,0.840939,1
2024-04-01,Extreme Greed,0x4f93fead39b70a1824f981a54d4e55b278e9f760,0.840939,0.06896551724137931,4654.808275862069,29,0.7111111111111111,0,883.760812,1
2024-04-02,Extreme Greed,0x4f93fead39b70a1824f981a54d4e55b278e9f760,883.760812,0.32432432432432434,6072.016756756757,37,0.3225806451612903,0,0.0,0
2024-04-04,Greed,0x4f93fead39b70a1824f981a54d4e55b278e9f760,0.0,0.0,2999.6165625,32,0.0,0,4444.4983010000005,1
2024-04-05,Extreme Greed,0x4f93fead39b70a1824f981a54d4e55b278e9f760,4444.4983010000005,0.7,17253.157,10,0.20481927710843373,0,236.33513399999998,1
2024-04-06,Extreme Greed,0x4f93fead39b70a1824f981a54d4e55b278e9f760,236.33513399999998,0.25,4263.979375,16,0.0,0,0.0,0
2024-04-07,Extreme Greed,0x4f93fead39b70a1824f981a54d4e55b278e9f760,0.0,0.0,2173.397391304348,23,0.0,0,0.0,0
2024-04-08,Extreme Greed,0x4f93fead39b70a1824f981a54d4e55b278e9f760,0.0,0.0,5827.370357142857,28,0.034482758620689655,0,0.0,0
2024-04-09,Extreme Greed,0x4f93fead39b70a1824f981a54d4e55b278e9f760,0.0,0.0,19021.280000000002,3,0.0,0,5207.443414,1
2024-04-10,Extreme Greed,0x4f93fead39b70a1824f981a54d4e55b278e9f760,5207.443414,0.8780487804878049,8578.926097560974,41,40.0,0,389.743164,1
2024-04-11,Extreme Greed,0x4f93fead39b70a1824f981a54d4e55b278e9f760,389.743164,0.125,4775.06,16,7.0,0,0.0,0
2024-04-12,Extreme Greed,0x4f93fead39b70a1824f981a54d4e55b278e9f760,0.0,0.0,7138.52761904762,21,0.5,0,0.0,0
2024-04-13,Greed,0x4f93fead39b70a1824f981a54d4e55b278e9f760,0.0,0.0,8677.150000000001,18,1.069767441860465,0,-36565.98544,0
2024-04-14,Greed,0x4f93fead39b70a1824f981a54d4e55b278e9f760,-36565.98544,0.046875,9199.4678125,64,0.7540983606557377,0,0.0,0
2024-04-15,Greed,0x4f93fead39b70a1824f981a54d4e55b278e9f760,0.0,0.0,16671.31666666667,3,0.782608695652174,0,1946.4454620000001,1
2024-04-19,Greed,0x4f93fead39b70a1824f981a54d4e55b278e9f760,1946.4454620000001,0.7714285714285715,9635.940571428573,35,0.16666666666666666,0,0.0,0
2024-04-20,Greed,0x4f93fead39b70a1824f981a54d4e55b278e9f760,0.0,0.0,5999.795,2,10.0,0,0.0,0
2024-04-22,Greed,0x4f93fead39b70a1824f981a54d4e55b278e9f760,0.0,0.0,5332.623333333333,9,0.0,0,759.2148159999999,1
2024-04-23,Greed,0x4f93fead39b70a1824f981a54d4e55b278e9f760,759.2148159999999,0.5740740740740741,3567.7494444444446,54,1.2758620689655173,0,279.185907,1
2024-04-24,Greed,0x4f93fead39b70a1824f981a54d4e55b278e9f760,279.185907,0.3,7063.762,20,1.8571428571428572,0,0.0,0
2024-04-25,Greed,0x4f93fead39b70a1824f981a54d4e55b278e9f760,0.0,0.0,11496.523333333333,6,inf,0,4281.488139,1
2024-04-27,Greed,0x4f93fead39b70a1824f981a54d4e55b278e9f760,4281.488139,0.7037037037037037,5713.498888888889,27,0.0,0,0.0,0
2024-04-28,Greed,0x4f93fead39b70a1824f981a54d4e55b278e9f760,0.0,0.0,3374.92625,8,0.0,0,526.9338359999999,1
2024-04-29,Greed,0x4f93fead39b70a1824f981a54d4e55b278e9f760,526.9338359999999,0.5483870967741935,3370.167419354839,31,1.1428571428571428,0,0.0,0
2024-04-30,Greed,0x4f93fead39b70a1824f981a54d4e55b278e9f760,0.0,0.0,5209.114583333333,24,inf,0,0.0,0
2024-05-01,Neutral,0x4f93fead39b70a1824f981a54d4e55b278e9f760,0.0,0.0,6216.103571428571,14,inf,0,5319.861625,1
2024-05-03,Neutral,0x4f93fead39b70a1824f981a54d4e55b278e9f760,5319.861625,0.6956521739130435,12059.708260869564,23,0.09090909090909091,0,0.0,0
2024-05-04,Greed,0x4f93fead39b70a1824f981a54d4e55b278e9f760,0.0,0.0,8999.890000000001,6,0.0,0,0.0,0
2024-05-05,Greed,0x4f93fead39b70a1824f981a54d4e55b278e9f760,0.0,0.0,5996.512500000001,4,0.2,0,968.59038,1
2024-05-06,Greed,0x4f93fead39b70a1824f981a54d4e55b278e9f760,968.59038,0.4444444444444444,22890.714444444442,9,8.0,2,656.21704,1
2024-05-07,Greed,0x4f93fead39b70a1824f981a54d4e55b278e9f760,656.21704,0.7,9890.126,10,0.5,0,0.0,0
2024-05-08,Greed,0x4f93fead39b70a1824f981a54d4e55b278e9f760,0.0,0.0,6583.419,10,12.0,0,1147.595856,1
2024-05-09,Greed,0x4f93fead39b70a1824f981a54d4e55b278e9f760,1147.595856,0.44,8679.6232,25,0.47368421052631576,0,2101.741695,1
2024-05-10,Greed,0x4f93fead39b70a1824f981a54d4e55b278e9f760,2101.741695,0.2727272727272727,7131.0,22,2.6666666666666665,0,251.604742,1
2024-05-11,Neutral,0x4f93fead39b70a1824f981a54d4e55b278e9f760,251.604742,1.0,7027.661111111111,9,0.0,0,0.0,0
2024-05-12,Greed,0x4f93fead39b70a1824f981a54d4e55b278e9f760,0.0,0.0,4500.464,10,2.8333333333333335,0,2136.853859,1
2024-05-13,Greed,0x4f93fead39b70a1824f981a54d4e55b278e9f760,2136.853859,0.4,7525.7636,25,0.21739130434782608,0,1150.5233050000002,1
2024-05-14,Greed,0x4f93fead39b70a1824f981a54d4e55b278e9f760,1150.5233050000002,0.17391304347826086,6341.452173913043,23,inf,0,948.970582,1
2024-05-15,Greed,0x4f93fead39b70a1824f981a54d4e55b278e9f760,948.970582,0.4722222222222222,6525.626944444444,36,0.44,0,214.5898,1
2024-05-16,Greed,0x4f93fead39b70a1824f981a54d4e55b278e9f760,214.5898,0.20833333333333334,6615.870416666668,24,1.0769230769230769,0,3522.3946610000003,1
2024-05-18,Greed,0x4f93fead39b70a1824f981a54d4e55b278e9f760,3522.3946610000003,0.64,5052.1256,25,0.3888888888888889,0,0.0,0
2024-05-19,Greed,0x4f93fead39b70a1824f981a54d4e55b278e9f760,0.0,0.0,3749.76125,8,inf,0,0.0,0
2024-05-20,Greed,0x4f93fead39b70a1824f981a54d4e55b278e9f760,0.0,0.0,4714.771428571429,7,2.3333333333333335,0,6017.309216,1
2024-05-21,Extreme Greed,0x4f93fead39b70a1824f981a54d4e55b278e9f760,6017.309216,0.1320754716981132,9096.75358490566,53,0.3020833333333333,0,0.0,0
2024-05-22,Extreme Greed,0x4f93fead39b70a1824f981a54d4e55b278e9f760,0.0,0.0,7499.215,6,0.0,0,7329.223137999999,1
2024-06-07,Extreme Greed,0x4f93fead39b70a1824f981a54d4e55b278e9f760,7329.223137999999,0.5769230769230769,15114.859615384614,52,0.6988416988416989,0,0.0,0
2024-06-08,Greed,0x4f93fead39b70a1824f981a54d4e55b278e9f760,0.0,0.0,6428.95,7,2.625,0,0.0,0
2024-06-09,Extreme Greed,0x4f93fead39b70a1824f981a54d4e55b278e9f760,0.0,0.0,4199.992,5,inf,0,0.0,0
2024-06-10,Greed,0x4f93fead39b70a1824f981a54d4e55b278e9f760,0.0,0.0,6000.075,4,0.7096774193548387,0,0.0,0
2024-06-11,Greed,0x4f93fead39b70a1824f981a54d4e55b278e9f760,0.0,0.0,13143.021904761907,21,12.666666666666666,0,0.0,0
2024-06-14,Greed,0x4f93fead39b70a1824f981a54d4e55b278e9f760,0.0,0.0,6124.31,16,inf,0,2084.433906,1
2024-06-15,Greed,0x4f93fead39b70a1824f981a54d4e55b278e9f760,2084.433906,0.7631578947368421,15581.516578947369,38,0.13043478260869565,0,1268.7590360000002,1
2024-06-17,Greed,0x4f93fead39b70a1824f981a54d4e55b278e9f760,1268.7590360000002,0.2857142857142857,18035.112857142856,14,5.333333333333333,0,0.0,0
2024-06-18,Greed,0x4f93fead39b70a1824f981a54d4e55b278e9f760,0.0,0.0,8999.745714285715,7,5.25,0,2053.973644,1
2024-06-19,Greed,0x4f93fead39b70a1824f981a54d4e55b278e9f760,2053.973644,1.0,11180.089411764706,17,0.05172413793103448,0,0.0,0
2024-06-20,Greed,0x4f93fead39b70a1824f981a54d4e55b278e9f760,0.0,0.0,7499.34,4,0.0,0,773.5582039999999,1
2024-06-21,Greed,0x4f93fead39b70a1824f981a54d4e55b278e9f760,773.5582039999999,0.2727272727272727,6746.9345454545455,11,5.666666666666667,0,0.0,0
2024-06-22,Neutral,0x4f93fead39b70a1824f981a54d4e55b278e9f760,0.0,0.0,6000.07,3,0.2,0,0.0,0
2024-06-24,Neutral,0x4f93fead39b70a1824f981a54d4e55b278e9f760,0.0,0.0,12000.350952380952,21,4.166666666666667,0,4197.732182,1
2024-06-26,Neutral,0x4f93fead39b70a1824f981a54d4e55b278e9f760,4197.732182,0.6774193548387096,11748.220645161291,31,1.3225806451612903,0,0.0,0
2024-06-27,Fear,0x4f93fead39b70a1824f981a54d4e55b278e9f760,0.0,0.0,9999.173333333334,12,0.6666666666666666,0,1842.738325,1
2024-06-29,Fear,0x4f93fead39b70a1824f981a54d4e55b278e9f760,1842.738325,0.7647058823529411,13148.880588235294,17,0.875,0,0.0,0
2024-06-30,Neutral,0x4f93fead39b70a1824f981a54d4e55b278e9f760,0.0,0.0,9999.756666666666,3,0.5555555555555556,0,1202.488212,1
2024-07-01,Neutral,0x4f93fead39b70a1824f981a54d4e55b278e9f760,1202.488212,0.6923076923076923,7476.965384615385,13,0.10344827586206896,0,1118.387284,1
2024-07-03,Neutral,0x4f93fead39b70a1824f981a54d4e55b278e9f760,1118.387284,0.4,10388.008,10,inf,0,0.0,0
2024-07-04,Fear,0x4f93fead39b70a1824f981a54d4e55b278e9f760,0.0,0.0,18215.87285714286,14,inf,0,0.0,0
2024-07-05,Fear,0x4f93fead39b70a1824f981a54d4e55b278e9f760,0.0,0.0,13514.937,20,inf,0,11595.627026,1
2024-07-10,Fear,0x4f93fead39b70a1824f981a54d4e55b278e9f760,11595.627026,0.7674418604651163,15625.97930232558,43,0.21739130434782608,0,1876.812082,1
2024-07-11,Fear,0x4f93fead39b70a1824f981a54d4e55b278e9f760,1876.812082,0.47368421052631576,8941.422105263156,19,1.1111111111111112,0,0.0,0
2024-07-12,Fear,0x4f93fead39b70a1824f981a54d4e55b278e9f760,0.0,0.0,7600.664999999999,10,inf,0,2678.839374,1
2024-07-13,Fear,0x4f93fead39b70a1824f981a54d4e55b278e9f760,2678.839374,1.0,10668.462307692309,13,0.0,0,0.0,0
2024-07-14,Fear,0x4f93fead39b70a1824f981a54d4e55b278e9f760,0.0,0.0,12000.16142857143,7,0.0,0,0.0,0
2024-07-15,Neutral,0x4f93fead39b70a1824f981a54d4e55b278e9f760,0.0,0.0,7999.7071428571435,21,0.08333333333333333,0,0.0,0
2024-07-16,Greed,0x4f93fead39b70a1824f981a54d4e55b278e9f760,0.0,0.0,6545.480454545454,22,0.0,0,0.0,0
2024-07-17,Greed,0x4f93fead39b70a1824f981a54d4e55b278e9f760,0.0,0.0,18326.035555555558,9,0.7908163265306123,0,2569.979964,1
2024-07-18,Greed,0x4f93fead39b70a1824f981a54d4e55b278e9f760,2569.979964,0.7735849056603774,12119.926603773585,53,inf,0,2120.091364,1
2024-07-19,Greed,0x4f93fead39b70a1824f981a54d4e55b278e9f760,2120.091364,0.6875,9132.66875,16,0.045454545454545456,0,129.66130099999998,1
2024-07-20,Greed,0x4f93fead39b70a1824f981a54d4e55b278e9f760,129.66130099999998,0.4444444444444444,11097.74111111111,9,0.18222222222222223,0,0.0,0
2024-07-21,Greed,0x4f93fead39b70a1824f981a54d4e55b278e9f760,0.0,0.0,14665.06,3,1.1435406698564594,0,2273.29301,1
2024-07-22,Greed,0x4f93fead39b70a1824f981a54d4e55b278e9f760,2273.29301,0.6190476190476191,10728.97,21,2.019607843137255,0,0.0,0
2024-07-23,Greed,0x4f93fead39b70a1824f981a54d4e55b278e9f760,0.0,0.0,11997.235,2,0.5879828326180258,0,0.0,0
2024-07-24,Greed,0x4f93fead39b70a1824f981a54d4e55b278e9f760,0.0,0.0,1333.8833333333332,21,1.5,0,0.0,0
2024-07-25,Greed,0x4f93fead39b70a1824f981a54d4e55b278e9f760,0.0,0.0,7990.4683076923075,65,77.0,0,0.0,0
2024-07-26,Greed,0x4f93fead39b70a1824f981a54d4e55b278e9f760,0.0,0.0,15000.965,10,0.3944954128440367,0,6400.623656,1
2024-07-27,Greed,0x4f93fead39b70a1824f981a54d4e55b278e9f760,6400.623656,0.8076923076923077,17322.249807692308,52,0.1875,0,0.0,0
2024-07-28,Greed,0x4f93fead39b70a1824f981a54d4e55b278e9f760,0.0,0.0,10666.563333333334,3,15.0,0,0.0,0
2024-07-30,Greed,0x4f93fead39b70a1824f981a54d4e55b278e9f760,0.0,0.0,6001.078333333334,6,inf,0,0.0,0
2024-07-31,Greed,0x4f93fead39b70a1824f981a54d4e55b278e9f760,0.0,0.0,13335.046666666667,3,0.6538461538461539,0,0.0,0
2024-08-01,Neutral,0x4f93fead39b70a1824f981a54d4e55b278e9f760,0.0,0.0,11076.539230769231,13,4.7,0,0.0,0
2024-08-02,Greed,0x4f93fead39b70a1824f981a54d4e55b278e9f760,0.0,0.0,8221.31,36,2.0,0,0.0,0
2024-08-03,Fear,0x4f93fead39b70a1824f981a54d4e55b278e9f760,0.0,0.0,8652.23,13,36.0,0,-108604.496278,0
2024-08-04,Fear,0x4f93fead39b70a1824f981a54d4e55b278e9f760,-108604.496278,0.0,12521.542916666665,72,0.8955223880597015,0,-4779.219012,0
2024-08-05,Fear,0x4f93fead39b70a1824f981a54d4e55b278e9f760,-4779.219012,0.0,12572.832941176472,17,1.0512820512820513,0,11147.900554,1
2024-08-09,Neutral,0x4f93fead39b70a1824f981a54d4e55b278e9f760,11147.900554,0.75,11003.166666666666,12,0.6,0,847.7766200000001,1
2024-08-11,Fear,0x4f93fead39b70a1824f981a54d4e55b278e9f760,847.7766200000001,0.5,5104.981250000001,8,2.0,0,858.6705000000001,1
2024-08-12,Fear,0x4f93fead39b70a1824f981a54d4e55b278e9f760,858.6705000000001,0.375,2758.775,16,4.333333333333333,0,0.0,0
2024-08-13,Fear,0x4f93fead39b70a1824f981a54d4e55b278e9f760,0.0,0.0,2500.02,5,6.666666666666667,0,2168.9015130000003,1
2024-08-14,Fear,0x4f93fead39b70a1824f981a54d4e55b278e9f760,2168.9015130000003,0.5555555555555556,7185.148888888889,9,3.1666666666666665,0,0.0,0
2024-08-16,Fear,0x4f93fead39b70a1824f981a54d4e55b278e9f760,0.0,0.0,6250.0650000000005,2,10.666666666666666,0,307.201888,1
2024-08-18,Fear,0x4f93fead39b70a1824f981a54d4e55b278e9f760,307.201888,0.8571428571428571,4486.033571428571,14,0.0,0,192.602844,1
2024-08-20,Fear,0x4f93fead39b70a1824f981a54d4e55b278e9f760,192.602844,0.125,5302.23375,8,0.7142857142857143,0,1005.30527,1
2024-08-23,Fear,0x4f93fead39b70a1824f981a54d4e55b278e9f760,1005.30527,0.3,6350.956,10,0.0,0,0.0,0
2024-08-24,Greed,0x4f93fead39b70a1824f981a54d4e55b278e9f760,0.0,0.0,7500.035,2,0.0,0,0.0,0
2024-08-25,Neutral,0x4f93fead39b70a1824f981a54d4e55b278e9f760,0.0,0.0,3749.0825,4,0.8888888888888888,0,231.236918,1
2024-08-26,Greed,0x4f93fead39b70a1824f981a54d4e55b278e9f760,231.236918,0.4,18452.704,5,inf,0,0.0,0
2024-08-27,Neutral,0x4f93fead39b70a1824f981a54d4e55b278e9f760,0.0,0.0,9286.455714285714,7,49.0,0,0.0,0
2024-08-28,Fear,0x4f93fead39b70a1824f981a54d4e55b278e9f760,0.0,0.0,6784.937142857142,7,inf,0,0.0,0
2024-08-30,Fear,0x4f93fead39b70a1824f981a54d4e55b278e9f760,0.0,0.0,9164.183333333334,3,2.0,0,0.0,0
2024-09-02,Fear,0x4f93fead39b70a1824f981a54d4e55b278e9f760,0.0,0.0,15000.21,2,inf,0,0.0,0
2024-09-04,Fear,0x4f93fead39b70a1824f981a54d4e55b278e9f760,0.0,0.0,35004.98,1,10.333333333333334,2,0.0,0
2024-09-06,Extreme Fear,0x4f93fead39b70a1824f981a54d4e55b278e9f760,0.0,0.0,8747.6675,4,0.10526315789473684,0,9585.03428,1
2024-09-20,Neutral,0x4f93fead39b70a1824f981a54d4e55b278e9f760,9585.03428,0.6666666666666666,25380.9675,12,0.23076923076923078,2,0.0,0
2024-09-22,Neutral,0x4f93fead39b70a1824f981a54d4e55b278e9f760,0.0,0.0,6666.579999999999,3,inf,0,334.760796,1
2024-09-23,Neutral,0x4f93fead39b70a1824f981a54d4e55b278e9f760,334.760796,0.5,20167.145,2,1.0,0,0.0,0
2024-09-25,Greed,0x4f93fead39b70a1824f981a54d4e55b278e9f760,0.0,0.0,8333.518333333333,6,2.0,0,439.812513,1
2024-09-26,Neutral,0x4f93fead39b70a1824f981a54d4e55b278e9f760,439.812513,0.6666666666666666,26813.47333333333,3,0.0,2,0.0,0
2024-09-27,Greed,0x4f93fead39b70a1824f981a54d4e55b278e9f760,0.0,0.0,9999.232,10,0.0,0,2710.626288,1
2024-09-30,Greed,0x4f93fead39b70a1824f981a54d4e55b278e9f760,2710.626288,0.5,17728.09,10,0.10416666666666667,0,0.0,0
2024-10-01,Neutral,0x4f93fead39b70a1824f981a54d4e55b278e9f760,0.0,0.0,34988.58,4,inf,2,0.0,0
2024-10-02,Fear,0x4f93fead39b70a1824f981a54d4e55b278e9f760,0.0,0.0,24988.585,4,inf,2,0.0,0
2024-10-03,Fear,0x4f93fead39b70a1824f981a54d4e55b278e9f760,0.0,0.0,30002.25,4,2.0,2,5767.161892,1
2024-10-05,Neutral,0x4f93fead39b70a1824f981a54d4e55b278e9f760,5767.161892,0.6666666666666666,16822.36472222222,36,0.32142857142857145,0,130.487079,1
2024-10-06,Neutral,0x4f93fead39b70a1824f981a54d4e55b278e9f760,130.487079,0.22727272727272727,13642.298181818182,22,0.375,0,0.0,0
2024-10-07,Neutral,0x4f93fead39b70a1824f981a54d4e55b278e9f760,0.0,0.0,10475.459523809524,21,0.0,0,5396.546638,1
2024-10-08,Neutral,0x4f93fead39b70a1824f981a54d4e55b278e9f760,5396.546638,0.9428571428571428,12416.672857142858,35,17.0,0,396.06272,1
2024-10-09,Neutral,0x4f93fead39b70a1824f981a54d4e55b278e9f760,396.06272,0.21428571428571427,15742.852142857142,14,3.6666666666666665,0,0.0,0
2024-10-10,Fear,0x4f93fead39b70a1824f981a54d4e55b278e9f760,0.0,0.0,18751.521249999998,16,inf,0,8885.327477,1
2024-10-11,Fear,0x4f93fead39b70a1824f981a54d4e55b278e9f760,8885.327477,0.72,19556.1384,25,0.0,0,541.55471,1
2024-10-12,Neutral,0x4f93fead39b70a1824f981a54d4e55b278e9f760,541.55471,0.7,15971.34,10,2.3333333333333335,0,0.0,0
2024-10-13,Neutral,0x4f93fead39b70a1824f981a54d4e55b278e9f760,0.0,0.0,6000.242,10,inf,0,1913.61958,1
2024-10-14,Neutral,0x4f93fead39b70a1824f981a54d4e55b278e9f760,1913.61958,1.0,12383.204000000002,5,0.0,0,1170.2260760000001,1
2024-10-15,Greed,0x4f93fead39b70a1824f981a54d4e55b278e9f760,1170.2260760000001,0.5714285714285714,11596.194285714286,7,0.75,0,219.480876,1
2024-10-16,Greed,0x4f93fead39b70a1824f981a54d4e55b278e9f760,219.480876,0.2727272727272727,7293.560909090909,11,2.6666666666666665,0,36.11496,1
2024-10-17,Greed,0x4f93fead39b70a1824f981a54d4e55b278e9f760,36.11496,0.125,17504.00375,8,3.5,0,333.219141,1
2024-10-18,Greed,0x4f93fead39b70a1824f981a54d4e55b278e9f760,333.219141,0.8333333333333334,20055.238333333335,6,0.2,0,0.0,0
2024-10-19,Greed,0x4f93fead39b70a1824f981a54d4e55b278e9f760,0.0,0.0,24999.215,4,inf,2,229.060526,1
2024-10-20,Greed,0x4f93fead39b70a1824f981a54d4e55b278e9f760,229.060526,0.8333333333333334,20037.618333333336,6,0.07865168539325842,0,0.0,0
2024-10-21,Greed,0x4f93fead39b70a1824f981a54d4e55b278e9f760,0.0,0.0,13638.561818181817,11,0.8404255319148937,0,0.0,0
2024-10-22,Greed,0x4f93fead39b70a1824f981a54d4e55b278e9f760,0.0,0.0,20000.12,3,inf,0,-46.489941,0
2024-10-23,Greed,0x4f93fead39b70a1824f981a54d4e55b278e9f760,-46.489941,0.0,11667.003888888888,18,5.0,0,4543.862071,1
2024-10-25,Greed,0x4f93fead39b70a1824f981a54d4e55b278e9f760,4543.862071,0.64,16183.4872,25,0.875,0,666.6623079999999,1
2024-10-27,Greed,0x4f93fead39b70a1824f981a54d4e55b278e9f760,666.6623079999999,0.75,22666.1025,4,0.0,2,0.0,0
2024-10-28,Greed,0x4f93fead39b70a1824f981a54d4e55b278e9f760,0.0,0.0,13332.702222222222,9,0.0,0,0.0,0
2024-10-29,Greed,0x4f93fead39b70a1824f981a54d4e55b278e9f760,0.0,0.0,16285.80864864865,37,0.06,0,765.475192,1
2024-10-31,Extreme Greed,0x4f93fead39b70a1824f981a54d4e55b278e9f760,765.475192,0.8214285714285714,30487.215,28,7.0,2,1040.5747959999999,1
2024-11-01,Extreme Greed,0x4f93fead39b70a1824f981a54d4e55b278e9f760,1040.5747959999999,0.2222222222222222,25670.122222222224,9,1.3,2,0.0,0
2024-11-02,Greed,0x4f93fead39b70a1824f981a54d4e55b278e9f760,0.0,0.0,20000.0,2,inf,0,0.0,0
2024-11-03,Greed,0x4f93fead39b70a1824f981a54d4e55b278e9f760,0.0,0.0,27498.585,4,inf,2,2259.351364,1
2024-11-04,Greed,0x4f93fead39b70a1824f981a54d4e55b278e9f760,2259.351364,0.5,16623.486153846156,26,0.5652173913043478,0,678.4759280000001,1
2024-11-05,Greed,0x4f93fead39b70a1824f981a54d4e55b278e9f760,678.4759280000001,0.5,20062.723,10,1.0,0,2821.24842,1
2024-11-06,Greed,0x4f93fead39b70a1824f981a54d4e55b278e9f760,2821.24842,0.5833333333333334,10158.865,12,0.6666666666666666,0,628.96246,1
2024-11-07,Extreme Greed,0x4f93fead39b70a1824f981a54d4e55b278e9f760,628.96246,0.5,30314.425,2,0.8833333333333333,2,646.3734049999999,1
2024-11-08,Extreme Greed,0x4f93fead39b70a1824f981a54d4e55b278e9f760,646.3734049999999,0.25,10026.734583333333,24,1.4375,0,0.0,0
2024-11-09,Extreme Greed,0x4f93fead39b70a1824f981a54d4e55b278e9f760,0.0,0.0,16666.712222222224,9,1.606060606060606,0,548.36595,1
2024-11-10,Extreme Greed,0x4f93fead39b70a1824f981a54d4e55b278e9f760,548.36595,0.75,22568.36875,8,0.384,2,1479.677222,1
2024-11-11,Extreme Greed,0x4f93fead39b70a1824f981a54d4e55b278e9f760,1479.677222,0.45,16571.107,20,0.33691756272401435,0,2053.119744,1
2024-11-12,Extreme Greed,0x4f93fead39b70a1824f981a54d4e55b278e9f760,2053.119744,0.16216216216216217,14354.293783783784,74,1.3424657534246576,0,7680.907897,1
2024-11-13,Extreme Greed,0x4f93fead39b70a1824f981a54d4e55b278e9f760,7680.907897,0.64,19512.4728,25,0.5,0,2348.106228,1
2024-11-14,Extreme Greed,0x4f93fead39b70a1824f981a54d4e55b278e9f760,2348.106228,0.34146341463414637,21522.69975609756,41,2.9285714285714284,0,2003.536586,1
2024-11-15,Extreme Greed,0x4f93fead39b70a1824f981a54d4e55b278e9f760,2003.536586,0.4177215189873418,17219.896202531647,79,1.5689655172413792,0,255.14686999999998,1
2024-11-16,Extreme Greed,0x4f93fead39b70a1824f981a54d4e55b278e9f760,255.14686999999998,0.5833333333333334,18322.8475,12,0.9625,0,546.624374,1
2024-11-17,Extreme Greed,0x4f93fead39b70a1824f981a54d4e55b278e9f760,546.624374,0.3076923076923077,23861.476153846153,26,0.5367647058823529,2,3158.176614,1
2024-11-18,Extreme Greed,0x4f93fead39b70a1824f981a54d4e55b278e9f760,3158.176614,0.42857142857142855,26917.316857142858,35,0.5656108597285068,2,1573.210981,1
2024-11-19,Extreme Greed,0x4f93fead39b70a1824f981a54d4e55b278e9f760,1573.210981,0.5,10658.076000000001,30,1.103448275862069,0,2259.775633,1
2024-11-20,Extreme Greed,0x4f93fead39b70a1824f981a54d4e55b278e9f760,2259.775633,0.48484848484848486,25402.638787878786,33,0.7973856209150327,2,909.745283,1
2024-11-21,Extreme Greed,0x4f93fead39b70a1824f981a54d4e55b278e9f760,909.745283,0.4444444444444444,17786.91,9,0.7833333333333333,0,1825.01255,1
2024-11-22,Extreme Greed,0x4f93fead39b70a1824f981a54d4e55b278e9f760,1825.01255,0.6666666666666666,16769.490555555556,18,0.9289772727272727,0,0.0,0
2024-11-23,Extreme Greed,0x4f93fead39b70a1824f981a54d4e55b278e9f760,0.0,0.0,6667.414444444444,9,0.704225352112676,0,445.338356,1
2024-11-24,Extreme Greed,0x4f93fead39b70a1824f981a54d4e55b278e9f760,445.338356,0.15151515151515152,15770.984848484848,33,1.4927536231884058,0,5059.459732,1
2024-11-25,Extreme Greed,0x4f93fead39b70a1824f981a54d4e55b278e9f760,5059.459732,0.3333333333333333,28814.273999999998,30,0.9767441860465116,2,0.0,0
2024-11-26,Extreme Greed,0x4f93fead39b70a1824f981a54d4e55b278e9f760,0.0,0.0,19319.39181818182,22,1.8761904761904762,0,-2848.159792,0
2024-11-27,Extreme Greed,0x4f93fead39b70a1824f981a54d4e55b278e9f760,-2848.159792,0.0,28557.08818181818,44,0.5106382978723404,2,1174.315571,1
2024-11-28,Extreme Greed,0x4f93fead39b70a1824f981a54d4e55b278e9f760,1174.315571,0.5,28232.108333333334,12,1.656,2,610.52512,1
2024-11-29,Extreme Greed,0x4f93fead39b70a1824f981a54d4e55b278e9f760,610.52512,0.14285714285714285,25798.085714285717,7,0.6040816326530613,2,850.54514,1
2024-11-30,Extreme Greed,0x4f93fead39b70a1824f981a54d4e55b278e9f760,850.54514,0.4166666666666667,19926.774999999998,12,0.3814814814814815,0,337.835516,1
2024-12-01,Extreme Greed,0x4f93fead39b70a1824f981a54d4e55b278e9f760,337.835516,0.5925925925925926,22229.845925925925,27,0.5294117647058824,2,754.7378,1
2024-12-02,Extreme Greed,0x4f93fead39b70a1824f981a54d4e55b278e9f760,754.7378,0.35294117647058826,17691.249411764704,17,1.368421052631579,0,1467.1002210000001,1
2024-12-03,Extreme Greed,0x4f93fead39b70a1824f981a54d4e55b278e9f760,1467.1002210000001,0.4444444444444444,31374.63555555556,9,0.8333333333333334,2,291.35271,1
2024-12-04,Extreme Greed,0x4f93fead39b70a1824f981a54d4e55b278e9f760,291.35271,0.23076923076923078,20080.955384615383,13,0.4304932735426009,0,1435.68724,1
2024-12-05,Extreme Greed,0x4f93fead39b70a1824f981a54d4e55b278e9f760,1435.68724,0.10526315789473684,40074.16368421053,19,0.7272727272727273,2,7206.315268,1
2024-12-06,Greed,0x4f93fead39b70a1824f981a54d4e55b278e9f760,7206.315268,0.3559322033898305,25128.245762711864,59,1.0353535353535352,2,2342.996384,1
2024-12-07,Extreme Greed,0x4f93fead39b70a1824f981a54d4e55b278e9f760,2342.996384,1.0,49620.3625,4,0.5670103092783505,2,0.0,0
2024-12-08,Extreme Greed,0x4f93fead39b70a1824f981a54d4e55b278e9f760,0.0,0.0,8570.51857142857,7,0.24260355029585798,0,2350.499742,1
2024-12-09,Extreme Greed,0x4f93fead39b70a1824f981a54d4e55b278e9f760,2350.499742,0.4117647058823529,21156.991764705883,17,5.416666666666667,0,3986.312514,1
2024-12-10,Extreme Greed,0x4f93fead39b70a1824f981a54d4e55b278e9f760,3986.312514,0.3333333333333333,19470.586944444443,36,0.4971857410881801,0,1083.777057,1
2024-12-11,Greed,0x4f93fead39b70a1824f981a54d4e55b278e9f760,1083.777057,0.26666666666666666,23331.314333333332,30,0.16285714285714287,2,0.0,0
2024-12-12,Extreme Greed,0x4f93fead39b70a1824f981a54d4e55b278e9f760,0.0,0.0,12254.174838709678,31,0.2786234281932495,0,6790.274613,1
2024-12-13,Extreme Greed,0x4f93fead39b70a1824f981a54d4e55b278e9f760,6790.274613,0.5510204081632653,20715.92551020408,49,1.3601609657947686,0,570.1898180000001,1
2024-12-14,Extreme Greed,0x4f93fead39b70a1824f981a54d4e55b278e9f760,570.1898180000001,0.3157894736842105,10507.837368421053,19,0.9296875,0,263.914304,1
2024-12-15,Extreme Greed,0x4f93fead39b70a1824f981a54d4e55b278e9f760,263.914304,0.23809523809523808,14297.049523809523,21,1.9982332155477032,0,0.0,0
2024-12-16,Extreme Greed,0x4f93fead39b70a1824f981a54d4e55b278e9f760,0.0,0.0,32579.84037037037,27,0.6693037974683544,2,0.0,0
2024-12-17,Extreme Greed,0x4f93fead39b70a1824f981a54d4e55b278e9f760,0.0,0.0,14999.839166666667,12,0.7807339449541284,0,-4627.220257,0
2024-12-18,Extreme Greed,0x4f93fead39b70a1824f981a54d4e55b278e9f760,-4627.220257,0.08064516129032258,28169.055161290322,62,1.0014005602240896,2,1582.2032900000002,1
2024-12-19,Extreme Greed,0x4f93fead39b70a1824f981a54d4e55b278e9f760,1582.2032900000002,0.11320754716981132,17374.649433962266,53,0.5617399438727783,0,0.0,0
2024-12-20,Greed,0x4f93fead39b70a1824f981a54d4e55b278e9f760,0.0,0.0,37047.935,6,0.8307579102281089,2,1367.500173,1
2024-12-21,Greed,0x4f93fead39b70a1824f981a54d4e55b278e9f760,1367.500173,0.56,20223.721400000002,50,0.5493087557603686,0,0.0,0
2024-12-22,Greed,0x4f93fead39b70a1824f981a54d4e55b278e9f760,0.0,0.0,43336.74,3,1.3742331288343559,2,0.0,0
2024-12-23,Greed,0x4f93fead39b70a1824f981a54d4e55b278e9f760,0.0,0.0,21196.97,16,0.7902364607170099,0,2081.2674110000003,1
2024-12-24,Greed,0x4f93fead39b70a1824f981a54d4e55b278e9f760,2081.2674110000003,0.65625,29259.798125,32,0.5363636363636364,2,0.0,0
2024-12-25,Greed,0x4f93fead39b70a1824f981a54d4e55b278e9f760,0.0,0.0,23333.069999999996,3,0.7049180327868853,2,7617.597338,1
2024-12-26,Extreme Greed,0x4f93fead39b70a1824f981a54d4e55b278e9f760,7617.597338,0.38095238095238093,21067.338571428572,21,1.1512345679012346,0,0.0,0
2024-12-27,Greed,0x4f93fead39b70a1824f981a54d4e55b278e9f760,0.0,0.0,3890.9755555555553,18,1.113821138211382,0,16.972942,1
2024-12-28,Greed,0x4f93fead39b70a1824f981a54d4e55b278e9f760,16.972942,0.5,18342.231666666667,6,0.5480769230769231,0,390.062046,1
2024-12-29,Greed,0x4f93fead39b70a1824f981a54d4e55b278e9f760,390.062046,0.2857142857142857,5685.322142857142,14,0.5227272727272727,0,4235.298688000001,1
2024-12-30,Greed,0x4f93fead39b70a1824f981a54d4e55b278e9f760,4235.298688000001,0.4090909090909091,25644.989545454548,22,1.512396694214876,2,2301.21954,1
2024-12-31,Greed,0x4f93fead39b70a1824f981a54d4e55b278e9f760,2301.21954,0.0425531914893617,10472.761489361701,47,0.8545454545454545,0,0.0,0
2025-01-01,Greed,0x4f93fead39b70a1824f981a54d4e55b278e9f760,0.0,0.0,49999.51,1,2.4285714285714284,2,2399.9471460000004,1
2025-01-02,Greed,0x4f93fead39b70a1824f981a54d4e55b278e9f760,2399.9471460000004,0.42105263157894735,19582.443684210524,19,0.421259842519685,0,3084.287743,1
2025-01-03,Greed,0x4f93fead39b70a1824f981a54d4e55b278e9f760,3084.287743,0.6041666666666666,9644.217708333334,48,0.49852507374631266,0,0.0,0
2025-01-04,Greed,0x4f93fead39b70a1824f981a54d4e55b278e9f760,0.0,0.0,7142.837142857143,14,0.2576271186440678,0,890.33157,1
2025-01-05,Greed,0x4f93fead39b70a1824f981a54d4e55b278e9f760,890.33157,0.21052631578947367,19427.31105263158,19,0.3735632183908046,0,3575.442423,1
2025-01-06,Extreme Greed,0x4f93fead39b70a1824f981a54d4e55b278e9f760,3575.442423,0.4375,10735.9740625,32,0.34823529411764703,0,0.0,0
2025-01-07,Extreme Greed,0x4f93fead39b70a1824f981a54d4e55b278e9f760,0.0,0.0,12147.022564102565,39,7.493333333333333,0,0.0,0
2025-01-08,Greed,0x4f93fead39b70a1824f981a54d4e55b278e9f760,0.0,0.0,19291.1175,16,2.5340136054421767,0,-36229.641811,0
2025-01-10,Neutral,0x4f93fead39b70a1824f981a54d4e55b278e9f760,-36229.641811,0.4474885844748858,26918.19479452055,219,0.8079470198675497,2,1559.841529,1
2025-01-11,Greed,0x4f93fead39b70a1824f981a54d4e55b278e9f760,1559.841529,0.35526315789473684,20461.92407894737,76,1.4188034188034189,0,736.621517,1
2025-01-12,Greed,0x4f93fead39b70a1824f981a54d4e55b278e9f760,736.621517,0.4533333333333333,24737.227600000002,75,0.15547024952015356,2,1756.982034,1
2025-01-13,Greed,0x4f93fead39b70a1824f981a54d4e55b278e9f760,1756.982034,0.5567010309278351,24201.82237113402,97,1.4285714285714286,2,1878.804638,1
2025-01-14,Greed,0x4f93fead39b70a1824f981a54d4e55b278e9f760,1878.804638,0.40476190476190477,15041.543095238096,42,0.5027322404371585,0,7470.003118,1
2025-01-15,Greed,0x4f93fead39b70a1824f981a54d4e55b278e9f760,7470.003118,0.5753424657534246,21394.826301369863,73,0.5344827586206896,0,5170.4237570000005,1
2025-01-16,Extreme Greed,0x4f93fead39b70a1824f981a54d4e55b278e9f760,5170.4237570000005,0.55,27260.669100000003,100,0.44357976653696496,2,811.1445319999999,1
2025-01-17,Extreme Greed,0x4f93fead39b70a1824f981a54d4e55b278e9f760,811.1445319999999,0.3333333333333333,30510.78523809524,21,0.6643356643356644,2,4078.848863,1
2025-01-18,Extreme Greed,0x4f93fead39b70a1824f981a54d4e55b278e9f760,4078.848863,0.5517241379310345,32431.74827586207,58,1.1845637583892616,2,3253.260003,1
2025-01-19,Extreme Greed,0x4f93fead39b70a1824f981a54d4e55b278e9f760,3253.260003,0.36363636363636365,25180.392613636363,88,1.1584022038567494,2,7466.841136,1
2025-01-20,Extreme Greed,0x4f93fead39b70a1824f981a54d4e55b278e9f760,7466.841136,0.3556701030927835,29887.263092783505,194,1.3482142857142858,2,2953.3108039999997,1
2025-01-21,Extreme Greed,0x4f93fead39b70a1824f981a54d4e55b278e9f760,2953.3108039999997,0.43478260869565216,14189.073260869565,92,0.37662337662337664,0,2971.896355,1
2025-01-22,Extreme Greed,0x4f93fead39b70a1824f981a54d4e55b278e9f760,2971.896355,0.4098360655737705,17456.443770491805,61,0.5551401869158878,0,6749.1349199999995,1
2025-01-23,Extreme Greed,0x4f93fead39b70a1824f981a54d4e55b278e9f760,6749.1349199999995,0.2682926829268293,17999.84780487805,82,0.8538812785388128,0,1707.06994,1
2025-01-24,Extreme Greed,0x4f93fead39b70a1824f981a54d4e55b278e9f760,1707.06994,0.38095238095238093,14664.804285714286,42,0.6937984496124031,0,446.44485399999996,1
2025-01-25,Extreme Greed,0x4f93fead39b70a1824f981a54d4e55b278e9f760,446.44485399999996,0.2222222222222222,22485.88888888889,18,1.649214659685864,2,0.0,0
2025-01-27,Greed,0x4f93fead39b70a1824f981a54d4e55b278e9f760,0.0,0.0,33170.452666666664,15,1.9391634980988592,2,3278.847724,1
2025-01-30,Greed,0x4f93fead39b70a1824f981a54d4e55b278e9f760,3278.847724,0.4666666666666667,21280.349733333333,75,0.33375,0,975.654751,1
2025-01-31,Extreme Greed,0x4f93fead39b70a1824f981a54d4e55b278e9f760,975.654751,0.3559322033898305,13735.521525423728,59,0.4660894660894661,0,0.0,0
2025-02-01,Greed,0x4f93fead39b70a1824f981a54d4e55b278e9f760,0.0,0.0,22500.69,4,1.24822695035461,2,0.0,0
2025-02-02,Greed,0x4f93fead39b70a1824f981a54d4e55b278e9f760,0.0,0.0,25418.461333333333,30,1.713991769547325,2,6403.5061239999995,1
2025-02-04,Greed,0x4f93fead39b70a1824f981a54d4e55b278e9f760,6403.5061239999995,1.0,95439.94666666667,9,0.8349159970781592,2,0.0,0
2025-02-05,Neutral,0x4f93fead39b70a1824f981a54d4e55b278e9f760,0.0,0.0,16663.026666666665,9,1.1332236842105263,0,440.753133,1
2025-02-06,Neutral,0x4f93fead39b70a1824f981a54d4e55b278e9f760,440.753133,0.4,30041.394,10,2.153703703703704,2,3691.30885,1
2025-02-07,Fear,0x4f93fead39b70a1824f981a54d4e55b278e9f760,3691.30885,0.3333333333333333,19508.291481481483,27,1.687830687830688,0,0.0,0
2025-02-08,Fear,0x4f93fead39b70a1824f981a54d4e55b278e9f760,0.0,0.0,22498.25125,8,3.6370967741935485,2,866.203569,1
2025-02-09,Neutral,0x4f93fead39b70a1824f981a54d4e55b278e9f760,866.203569,0.3333333333333333,90292.82333333335,3,1.2738095238095237,2,2069.55836,1
2025-02-10,Fear,0x4f93fead39b70a1824f981a54d4e55b278e9f760,2069.55836,0.34523809523809523,14470.832976190475,84,0.6805293005671077,0,1353.604398,1
2025-02-11,Neutral,0x4f93fead39b70a1824f981a54d4e55b278e9f760,1353.604398,0.39285714285714285,12581.13017857143,56,0.7448559670781894,0,5212.729861,1
2025-02-12,Neutral,0x4f93fead39b70a1824f981a54d4e55b278e9f760,5212.729861,0.5357142857142857,14802.268214285714,84,0.6496,0,2205.413149,1
2025-02-13,Neutral,0x4f93fead39b70a1824f981a54d4e55b278e9f760,2205.413149,0.4782608695652174,17512.87652173913,23,0.7631917631917632,0,2678.115601,1
2025-02-14,Neutral,0x4f93fead39b70a1824f981a54d4e55b278e9f760,2678.115601,0.43103448275862066,19911.15103448276,58,0.47373107747105964,0,3884.0032459999998,1
2025-02-15,Neutral,0x4f93fead39b70a1824f981a54d4e55b278e9f760,3884.0032459999998,0.6190476190476191,22683.889523809525,21,1.5961002785515321,2,314.96786,1
2025-02-16,Neutral,0x4f93fead39b70a1824f981a54d4e55b278e9f760,314.96786,0.44,14405.7528,25,1.0267857142857142,0,1204.110761,1
2025-02-17,Neutral,0x4f93fead39b70a1824f981a54d4e55b278e9f760,1204.110761,0.11904761904761904,12833.438095238096,42,1.9591194968553458,0,1670.219701,1
2025-02-18,Neutral,0x4f93fead39b70a1824f981a54d4e55b278e9f760,1670.219701,0.3181818181818182,13191.782954545453,44,1.6816,0,3512.2119079999998,1
2025-02-19,Fear,0x4f93fead39b70a1824f981a54d4e55b278e9f760,3512.2119079999998,0.39655172413793105,16248.182068965516,58,1.738430583501006,0,1829.292797,1
2025-02-20,Neutral,0x4f93fead39b70a1824f981a54d4e55b278e9f760,1829.292797,0.4444444444444444,17114.072111111112,90,0.6437908496732027,0,5993.575314,1
2025-02-21,Greed,0x4f93fead39b70a1824f981a54d4e55b278e9f760,5993.575314,0.10526315789473684,17026.42842105263,76,0.6589902568644819,0,1287.143384,1
2025-02-22,Neutral,0x4f93fead39b70a1824f981a54d4e55b278e9f760,1287.143384,0.5714285714285714,16717.653406593407,91,1.1042944785276074,0,109.68322,1
2025-02-23,Neutral,0x4f93fead39b70a1824f981a54d4e55b278e9f760,109.68322,0.22580645161290322,9029.90806451613,31,1.1940928270042195,0,1925.839355,1
2025-02-24,Neutral,0x4f93fead39b70a1824f981a54d4e55b278e9f760,1925.839355,0.29411764705882354,27169.443529411765,17,1.3786531130876747,2,0.0,0
2025-02-25,Fear,0x4f93fead39b70a1824f981a54d4e55b278e9f760,0.0,0.0,19559.930980392157,51,2.1074626865671644,0,11005.991600000001,1
2025-03-02,Fear,0x4f93fead39b70a1824f981a54d4e55b278e9f760,11005.991600000001,0.8076923076923077,43406.429615384615,26,1.062015503875969,2,1136.272279,1
2025-03-03,Fear,0x4f93fead39b70a1824f981a54d4e55b278e9f760,1136.272279,0.5,26764.120833333334,12,2.5883777239709445,2,8002.939313,1
2025-03-04,Extreme Fear,0x4f93fead39b70a1824f981a54d4e55b278e9f760,8002.939313,0.4745762711864407,25872.653898305085,59,2.672782874617737,2,2741.101375,1
2025-03-05,Extreme Fear,0x4f93fead39b70a1824f981a54d4e55b278e9f760,2741.101375,0.37037037037037035,28870.43833333333,54,0.2918287937743191,2,3069.196282,1
2025-03-06,Fear,0x4f93fead39b70a1824f981a54d4e55b278e9f760,3069.196282,0.2702702702702703,17383.593783783785,37,0.9537275064267352,0,3273.5394420000002,1
2025-03-07,Fear,0x4f93fead39b70a1824f981a54d4e55b278e9f760,3273.5394420000002,0.8181818181818182,10090.28,22,0.9260377358490566,0,0.0,0
2025-03-08,Fear,0x4f93fead39b70a1824f981a54d4e55b278e9f760,0.0,0.0,7059.288823529412,17,1.1950207468879668,0,0.0,0
2025-03-09,Fear,0x4f93fead39b70a1824f981a54d4e55b278e9f760,0.0,0.0,38167.586363636365,11,1.9936842105263157,2,14133.265684,1
2025-03-10,Extreme Fear,0x4f93fead39b70a1824f981a54d4e55b278e9f760,14133.265684,0.4077669902912621,25248.4113592233,103,1.1707680835197614,2,2479.265806,1
2025-03-11,Extreme Fear,0x4f93fead39b70a1824f981a54d4e55b278e9f760,2479.265806,0.6363636363636364,31854.999696969695,33,1.8181818181818181,2,0.0,0
2025-03-12,Fear,0x4f93fead39b70a1824f981a54d4e55b278e9f760,0.0,0.0,17999.379,10,0.7096079276174063,0,5770.595066,1
2025-03-13,Neutral,0x4f93fead39b70a1824f981a54d4e55b278e9f760,5770.595066,0.36363636363636365,28439.44318181818,22,0.9473684210526315,2,11039.384571,1
2025-03-14,Fear,0x4f93fead39b70a1824f981a54d4e55b278e9f760,11039.384571,0.4,22036.92,25,0.15525352848928384,2,575.945518,1
2025-03-15,Neutral,0x4f93fead39b70a1824f981a54d4e55b278e9f760,575.945518,0.875,17424.6975,8,1.439252336448598,0,144.99309,1
2025-03-16,Fear,0x4f93fead39b70a1824f981a54d4e55b278e9f760,144.99309,0.3333333333333333,26689.39,6,1.345132743362832,2,2220.589556,1
2025-03-17,Fear,0x4f93fead39b70a1824f981a54d4e55b278e9f760,2220.589556,0.7272727272727273,18384.756363636363,11,1.105263157894737,0,362.477712,1
2025-03-18,Fear,0x4f93fead39b70a1824f981a54d4e55b278e9f760,362.477712,0.022727272727272728,9083.757954545454,44,0.691683569979716,0,1438.717656,1
2025-03-19,Fear,0x4f93fead39b70a1824f981a54d4e55b278e9f760,1438.717656,0.9655172413793104,11776.706206896552,29,0.5367016205910391,0,0.0,0
2025-03-20,Neutral,0x4f93fead39b70a1824f981a54d4e55b278e9f760,0.0,0.0,14999.98875,8,0.44652908067542213,0,0.0,0
2025-03-21,Fear,0x4f93fead39b70a1824f981a54d4e55b278e9f760,0.0,0.0,30000.725000000002,6,0.9829545454545454,2,58.007635,1
2025-03-22,Fear,0x4f93fead39b70a1824f981a54d4e55b278e9f760,58.007635,1.0,12502.583333333334,24,0.7092651757188498,0,134.82844,1
2025-03-23,Fear,0x4f93fead39b70a1824f981a54d4e55b278e9f760,134.82844,0.9,4013.454,10,1.8471337579617835,0,0.0,0
2025-03-24,Neutral,0x4f93fead39b70a1824f981a54d4e55b278e9f760,0.0,0.0,4285.6335714285715,14,0.2616707616707617,0,217.47456799999998,1
2025-03-25,Neutral,0x4f93fead39b70a1824f981a54d4e55b278e9f760,217.47456799999998,0.5555555555555556,13309.063333333334,9,1.1436314363143631,0,980.433384,1
2025-03-26,Neutral,0x4f93fead39b70a1824f981a54d4e55b278e9f760,980.433384,0.6,20075.693,10,1.030104712041885,0,4329.319769,1
2025-03-27,Fear,0x4f93fead39b70a1824f981a54d4e55b278e9f760,4329.319769,0.4,19609.212,40,1.5241157556270097,0,0.0,0
2025-03-28,Fear,0x4f93fead39b70a1824f981a54d4e55b278e9f760,0.0,0.0,19998.763,10,2.7333333333333334,0,0.0,0
2025-03-29,Fear,0x4f93fead39b70a1824f981a54d4e55b278e9f760,0.0,0.0,27499.309999999998,8,1.1114827201783724,2,2112.5276,1
2025-03-31,Fear,0x4f93fead39b70a1824f981a54d4e55b278e9f760,2112.5276,0.55,18052.58175,40,0.7615658362989324,0,1402.082488,1
2025-04-01,Fear,0x4f93fead39b70a1824f981a54d4e55b278e9f760,1402.082488,0.4,7070.317,20,0.92,0,0.0,0
2025-04-02,Fear,0x4f93fead39b70a1824f981a54d4e55b278e9f760,0.0,0.0,19999.7,1,0.1350210970464135,0,0.0,0
2025-04-03,Fear,0x4f93fead39b70a1824f981a54d4e55b278e9f760,0.0,0.0,31104.344444444443,9,1.207070707070707,2,4591.427138999999,1
2025-04-04,Fear,0x4f93fead39b70a1824f981a54d4e55b278e9f760,4591.427138999999,0.6190476190476191,20216.697142857145,21,0.6455368693402329,0,0.0,0
2025-04-06,Fear,0x4f93fead39b70a1824f981a54d4e55b278e9f760,0.0,0.0,25710.512857142858,7,1.8324324324324324,2,0.0,0
2025-04-07,Extreme Fear,0x4f93fead39b70a1824f981a54d4e55b278e9f760,0.0,0.0,13332.73688888889,45,1.0114367405289493,0,21114.136771999998,1
2025-04-08,Extreme Fear,0x4f93fead39b70a1824f981a54d4e55b278e9f760,21114.136771999998,0.8571428571428571,38252.94535714285,28,0.8382066276803118,2,25875.837656,1
2025-04-09,Extreme Fear,0x4f93fead39b70a1824f981a54d4e55b278e9f760,25875.837656,0.5333333333333333,19464.35377777778,45,0.8007262823422605,0,0.0,0
2025-04-10,Fear,0x4f93fead39b70a1824f981a54d4e55b278e9f760,0.0,0.0,16655.645555555555,9,1.1484848484848484,0,3188.3381949999994,1
2025-04-11,Fear,0x4f93fead39b70a1824f981a54d4e55b278e9f760,3188.3381949999994,1.0,51029.70333333334,3,0.3979591836734694,2,253.67505,1
2025-04-13,Neutral,0x4f93fead39b70a1824f981a54d4e55b278e9f760,253.67505,0.375,6281.60375,8,1.2697594501718212,0,322.73095,1
2025-04-14,Fear,0x4f93fead39b70a1824f981a54d4e55b278e9f760,322.73095,0.14814814814814814,4642.299259259259,27,1.386058981233244,0,0.0,0
2025-04-16,Fear,0x4f93fead39b70a1824f981a54d4e55b278e9f760,0.0,0.0,18749.704999999998,4,1.0802069857697283,0,1713.120195,1
2025-04-17,Fear,0x4f93fead39b70a1824f981a54d4e55b278e9f760,1713.120195,0.8888888888888888,19636.307777777776,9,0.49420289855072463,0,0.0,0
2025-04-18,Fear,0x4f93fead39b70a1824f981a54d4e55b278e9f760,0.0,0.0,12499.515,4,0.6628621597892889,0,721.976596,1
2025-04-19,Fear,0x4f93fead39b70a1824f981a54d4e55b278e9f760,721.976596,0.7222222222222222,8373.388333333334,18,0.5590374930050364,0,0.0,0
2025-04-20,Fear,0x4f93fead39b70a1824f981a54d4e55b278e9f760,0.0,0.0,15624.63125,8,1.194905869324474,0,459.153994,1
2025-04-21,Fear,0x4f93fead39b70a1824f981a54d4e55b278e9f760,459.153994,1.0,16717.272222222222,9,0.5421903052064632,0,0.0,0
2025-04-24,Greed,0x4f93fead39b70a1824f981a54d4e55b278e9f760,0.0,0.0,18749.59,4,1.2120911793855302,0,0.0,0
2025-04-25,Greed,0x4f93fead39b70a1824f981a54d4e55b278e9f760,0.0,0.0,28126.7575,16,0.7006172839506173,2,5286.100993,1
2025-04-30,Greed,0x4f93fead39b70a1824f981a54d4e55b278e9f760,5286.100993,0.6388888888888888,19298.768333333333,36,3.0472727272727274,0,1220.746604,1
2025-05-01,Neutral,0x4f93fead39b70a1824f981a54d4e55b278e9f760,1220.746604,0.5,14373.198571428571,14,1.2610294117647058,0,,0
2024-12-09,Extreme Greed,0x513b8629fe877bb581bf244e326a047b249c4ff1,0.0,0.0,1682.2211904761903,42,5.416666666666667,0,0.0,0
2024-12-12,Extreme Greed,0x513b8629fe877bb581bf244e326a047b249c4ff1,0.0,0.0,3332.177640449438,89,0.2786234281932495,0,0.0,0
2024-12-15,Extreme Greed,0x513b8629fe877bb581bf244e326a047b249c4ff1,0.0,0.0,4194.129285714285,28,1.9982332155477032,0,0.0,0
2024-12-19,Extreme Greed,0x513b8629fe877bb581bf244e326a047b249c4ff1,0.0,0.0,3791.86515625,64,0.5617399438727783,0,194499.072534,1
2025-02-14,Neutral,0x513b8629fe877bb581bf244e326a047b249c4ff1,194499.072534,1.0,1986.7047629310346,464,0.47373107747105964,0,0.0,0
2025-02-17,Neutral,0x513b8629fe877bb581bf244e326a047b249c4ff1,0.0,0.0,3155.894726027397,292,1.9591194968553458,0,0.0,0
2025-03-17,Fear,0x513b8629fe877bb581bf244e326a047b249c4ff1,0.0,0.0,9144.806857142858,35,1.105263157894737,0,5429.87424,1
2025-03-18,Fear,0x513b8629fe877bb581bf244e326a047b249c4ff1,5429.87424,1.0,43103.988333333335,6,0.691683569979716,2,13272.411278,1
2025-03-19,Fear,0x513b8629fe877bb581bf244e326a047b249c4ff1,13272.411278,0.15037593984962405,6491.884887218045,133,0.5367016205910391,0,3865.013572,1
2025-03-20,Neutral,0x513b8629fe877bb581bf244e326a047b249c4ff1,3865.013572,1.0,1391.7530666666667,75,0.44652908067542213,0,0.0,0
2025-03-27,Fear,0x513b8629fe877bb581bf244e326a047b249c4ff1,0.0,0.0,2064.410909090909,77,1.5241157556270097,0,1470.407794,1
2025-03-28,Fear,0x513b8629fe877bb581bf244e326a047b249c4ff1,1470.407794,1.0,1909.8789285714283,84,2.7333333333333334,0,0.0,0
2025-04-01,Fear,0x513b8629fe877bb581bf244e326a047b249c4ff1,0.0,0.0,13807.81,13,0.92,0,0.0,0
2025-04-03,Fear,0x513b8629fe877bb581bf244e326a047b249c4ff1,0.0,0.0,2260.9597959183675,49,1.207070707070707,0,0.0,0
2025-04-05,Fear,0x513b8629fe877bb581bf244e326a047b249c4ff1,0.0,0.0,2537.0485294117643,34,0.6216216216216216,0,-37999.868086,0
2025-04-07,Extreme Fear,0x513b8629fe877bb581bf244e326a047b249c4ff1,-37999.868086,0.07894736842105263,6969.902236842105,76,1.0114367405289493,0,3131.840108,1
2025-04-08,Extreme Fear,0x513b8629fe877bb581bf244e326a047b249c4ff1,3131.840108,0.10810810810810811,9667.030743243244,148,0.8382066276803118,0,-36253.792726,0
2025-04-09,Extreme Fear,0x513b8629fe877bb581bf244e326a047b249c4ff1,-36253.792726,0.680327868852459,11281.935245901639,122,0.8007262823422605,0,22908.117384,1
2025-04-10,Fear,0x513b8629fe877bb581bf244e326a047b249c4ff1,22908.117384,0.7240356083086054,25584.4765578635,337,1.1484848484848484,2,0.0,0
2025-04-11,Fear,0x513b8629fe877bb581bf244e326a047b249c4ff1,0.0,0.0,33255.74600000001,65,0.3979591836734694,2,88152.006818,1
2025-04-12,Fear,0x513b8629fe877bb581bf244e326a047b249c4ff1,88152.006818,0.15587529976019185,40967.58708233413,1251,0.6111535523300229,2,11239.437228,1
2025-04-13,Neutral,0x513b8629fe877bb581bf244e326a047b249c4ff1,11239.437228,0.3017543859649123,31745.770947368423,285,1.2697594501718212,2,7922.167264999999,1
2025-04-14,Fear,0x513b8629fe877bb581bf244e326a047b249c4ff1,7922.167264999999,0.25217391304347825,38233.16656521739,230,1.386058981233244,2,40966.673478000004,1
2025-04-15,Fear,0x513b8629fe877bb581bf244e326a047b249c4ff1,40966.673478000004,0.5923392612859097,25242.244090287277,731,0.4371029224904701,2,41498.141783,1
2025-04-16,Fear,0x513b8629fe877bb581bf244e326a047b249c4ff1,41498.141783,0.3860045146726862,39232.42645598194,886,1.0802069857697283,2,0.0,0
2025-04-17,Fear,0x513b8629fe877bb581bf244e326a047b249c4ff1,0.0,0.0,147619.302,5,0.49420289855072463,2,43400.145539,1
2025-04-18,Fear,0x513b8629fe877bb581bf244e326a047b249c4ff1,43400.145539,0.762532981530343,58751.562744063325,379,0.6628621597892889,2,62373.791703999996,1
2025-04-19,Fear,0x513b8629fe877bb581bf244e326a047b249c4ff1,62373.791703999996,0.35949764521193095,43140.85288854003,637,0.5590374930050364,2,0.0,0
2025-04-20,Fear,0x513b8629fe877bb581bf244e326a047b249c4ff1,0.0,0.0,52569.3078125,160,1.194905869324474,2,39772.479641,1
2025-04-21,Fear,0x513b8629fe877bb581bf244e326a047b249c4ff1,39772.479641,0.36363636363636365,46044.36062140392,869,0.5421903052064632,2,73209.060448,1
2025-04-22,Neutral,0x513b8629fe877bb581bf244e326a047b249c4ff1,73209.060448,0.44258373205741625,62608.63574162679,418,0.899873257287706,2,1656.211757,1
2025-04-23,Greed,0x513b8629fe877bb581bf244e326a047b249c4ff1,1656.211757,0.5592417061611374,54580.961753554504,211,2.1731066460587325,2,35332.403093,1
2025-04-24,Greed,0x513b8629fe877bb581bf244e326a047b249c4ff1,35332.403093,0.45089285714285715,47146.683541666665,672,1.2120911793855302,2,8410.75479,1
2025-04-25,Greed,0x513b8629fe877bb581bf244e326a047b249c4ff1,8410.75479,0.5971943887775552,49855.811983967935,499,0.7006172839506173,2,0.0,0
2025-04-26,Greed,0x513b8629fe877bb581bf244e326a047b249c4ff1,0.0,0.0,35046.08286624204,314,1.146110056925996,2,37973.605394,1
2025-04-28,Neutral,0x513b8629fe877bb581bf244e326a047b249c4ff1,37973.605394,0.5336391437308868,38360.42061162079,654,0.8968363136176066,2,117648.295306,1
2025-04-29,Greed,0x513b8629fe877bb581bf244e326a047b249c4ff1,117648.295306,0.4778225806451613,32144.09112903226,992,0.9710017574692443,2,0.0,0
2025-04-30,Greed,0x513b8629fe877bb581bf244e326a047b249c4ff1,0.0,0.0,22932.819688149688,481,3.0472727272727274,2,60544.304874,1
2025-05-01,Neutral,0x513b8629fe877bb581bf244e326a047b249c4ff1,60544.304874,0.7173252279635258,22713.250030395135,329,1.2610294117647058,2,,0
2024-12-11,Greed,0x6d6a4b953f202f8df5bed40692e7fd865318264a,698.009722,1.0,136.67374999999998,8,0.16285714285714287,0,362.84131,1
2024-12-12,Extreme Greed,0x6d6a4b953f202f8df5bed40692e7fd865318264a,362.84131,1.0,133.0725,4,0.2786234281932495,0,39057.10912,1
2024-12-14,Extreme Greed,0x6d6a4b953f202f8df5bed40692e7fd865318264a,39057.10912,1.0,664.7225000000001,80,0.9296875,0,18879.21027,1
2024-12-15,Extreme Greed,0x6d6a4b953f202f8df5bed40692e7fd865318264a,18879.21027,1.0,1635.1666666666667,15,1.9982332155477032,0,12648.870412,1
2024-12-16,Extreme Greed,0x6d6a4b953f202f8df5bed40692e7fd865318264a,12648.870412,1.0,341.3504255319149,47,0.6693037974683544,0,2244.04603,1
2024-12-17,Extreme Greed,0x6d6a4b953f202f8df5bed40692e7fd865318264a,2244.04603,1.0,401.2685714285714,7,0.7807339449541284,0,27649.187167,1
2024-12-21,Greed,0x6d6a4b953f202f8df5bed40692e7fd865318264a,27649.187167,1.0,372.85966292134833,89,0.5493087557603686,0,0.0,0
2025-01-11,Greed,0x6d6a4b953f202f8df5bed40692e7fd865318264a,0.0,0.0,227.26757575757574,33,1.4188034188034189,0,0.0,0
2025-01-12,Greed,0x6d6a4b953f202f8df5bed40692e7fd865318264a,0.0,0.0,833.3333333333334,12,0.15547024952015356,0,0.0,0
2025-01-13,Greed,0x6d6a4b953f202f8df5bed40692e7fd865318264a,0.0,0.0,543.5169565217391,23,1.4285714285714286,0,0.0,0
2025-01-19,Extreme Greed,0x6d6a4b953f202f8df5bed40692e7fd865318264a,0.0,0.0,291.6675,12,1.1584022038567494,0,0.0,0
2025-01-20,Extreme Greed,0x6d6a4b953f202f8df5bed40692e7fd865318264a,0.0,0.0,1666.64,3,1.3482142857142858,0,0.0,0
2025-01-23,Extreme Greed,0x6d6a4b953f202f8df5bed40692e7fd865318264a,0.0,0.0,141.0,3,0.8538812785388128,0,0.0,0
2025-01-27,Greed,0x6d6a4b953f202f8df5bed40692e7fd865318264a,0.0,0.0,1272.7318181818182,11,1.9391634980988592,0,1643.602279,1
2025-01-30,Greed,0x6d6a4b953f202f8df5bed40692e7fd865318264a,1643.602279,1.0,1242.675,8,0.33375,0,0.0,0
2025-02-01,Greed,0x6d6a4b953f202f8df5bed40692e7fd865318264a,0.0,0.0,1987.6240000000003,5,1.24822695035461,0,844.8168900000001,1
2025-02-14,Neutral,0x6d6a4b953f202f8df5bed40692e7fd865318264a,844.8168900000001,1.0,254.39857142857142,21,0.47373107747105964,0,0.0,0
2025-02-15,Neutral,0x6d6a4b953f202f8df5bed40692e7fd865318264a,0.0,0.0,485.4918181818182,11,1.5961002785515321,0,413.304033,1
2025-03-26,Neutral,0x6d6a4b953f202f8df5bed40692e7fd865318264a,413.304033,0.1111111111111111,875.7783333333333,18,1.030104712041885,0,154.257092,1
2025-03-27,Fear,0x6d6a4b953f202f8df5bed40692e7fd865318264a,154.257092,0.6521739130434783,550.3630434782609,23,1.5241157556270097,0,0.0,0
2025-03-28,Fear,0x6d6a4b953f202f8df5bed40692e7fd865318264a,0.0,0.0,227.225,12,2.7333333333333334,0,0.0,0
2025-03-29,Fear,0x6d6a4b953f202f8df5bed40692e7fd865318264a,0.0,0.0,221.41285714285712,7,1.1114827201783724,0,3.492534,1
2025-03-30,Fear,0x6d6a4b953f202f8df5bed40692e7fd865318264a,3.492534,0.16666666666666666,276.01,6,5.311111111111111,0,0.0,0
2025-03-31,Fear,0x6d6a4b953f202f8df5bed40692e7fd865318264a,0.0,0.0,149.99,1,0.7615658362989324,0,132.71954399999998,1
2025-04-01,Fear,0x6d6a4b953f202f8df5bed40692e7fd865318264a,132.71954399999998,0.2857142857142857,1954.3107142857145,14,0.92,0,234.497751,1
2025-04-02,Fear,0x6d6a4b953f202f8df5bed40692e7fd865318264a,234.497751,0.2647058823529412,1120.655,34,0.1350210970464135,0,298.031364,1
2025-04-03,Fear,0x6d6a4b953f202f8df5bed40692e7fd865318264a,298.031364,0.25,922.9384999999999,20,1.207070707070707,0,392.35488599999996,1
2025-04-04,Fear,0x6d6a4b953f202f8df5bed40692e7fd865318264a,392.35488599999996,0.15,626.296,60,0.6455368693402329,0,41.479757,1
2025-04-05,Fear,0x6d6a4b953f202f8df5bed40692e7fd865318264a,41.479757,0.6470588235294118,1026.9088235294118,17,0.6216216216216216,0,207.98348199999998,1
2025-04-06,Fear,0x6d6a4b953f202f8df5bed40692e7fd865318264a,207.98348199999998,0.45454545454545453,1384.9813636363635,22,1.8324324324324324,0,232.000726,1
2025-04-07,Extreme Fear,0x6d6a4b953f202f8df5bed40692e7fd865318264a,232.000726,0.13725490196078433,990.5305882352941,51,1.0114367405289493,0,409.437344,1
2025-04-08,Extreme Fear,0x6d6a4b953f202f8df5bed40692e7fd865318264a,409.437344,0.375,1307.165,32,0.8382066276803118,0,1395.820542,1
2025-04-09,Extreme Fear,0x6d6a4b953f202f8df5bed40692e7fd865318264a,1395.820542,0.4166666666666667,902.617,60,0.8007262823422605,0,463.813132,1
2025-04-10,Fear,0x6d6a4b953f202f8df5bed40692e7fd865318264a,463.813132,0.5,1599.0455555555554,18,1.1484848484848484,0,56.216535,1
2025-04-11,Fear,0x6d6a4b953f202f8df5bed40692e7fd865318264a,56.216535,0.2,2161.054,5,0.3979591836734694,0,-89.1781,0
2025-04-12,Fear,0x6d6a4b953f202f8df5bed40692e7fd865318264a,-89.1781,0.0,1094.5383333333332,12,0.6111535523300229,0,0.0,0
2025-04-13,Neutral,0x6d6a4b953f202f8df5bed40692e7fd865318264a,0.0,0.0,999.44,1,1.2697594501718212,0,73.7414,1
2025-04-14,Fear,0x6d6a4b953f202f8df5bed40692e7fd865318264a,73.7414,0.2,2214.596,5,1.386058981233244,0,0.0,0
2025-04-15,Fear,0x6d6a4b953f202f8df5bed40692e7fd865318264a,0.0,0.0,1124.95125,8,0.4371029224904701,0,70.94968,1
2025-04-16,Fear,0x6d6a4b953f202f8df5bed40692e7fd865318264a,70.94968,1.0,494.38,4,1.0802069857697283,0,0.0,0
2025-04-19,Fear,0x6d6a4b953f202f8df5bed40692e7fd865318264a,0.0,0.0,414.2778823529412,85,0.5590374930050364,0,0.0,0
2025-04-21,Fear,0x6d6a4b953f202f8df5bed40692e7fd865318264a,0.0,0.0,1166.0616666666667,6,0.5421903052064632,0,0.0,0
2025-04-22,Neutral,0x6d6a4b953f202f8df5bed40692e7fd865318264a,0.0,0.0,999.832,10,0.899873257287706,0,0.0,0
2025-04-23,Greed,0x6d6a4b953f202f8df5bed40692e7fd865318264a,0.0,0.0,527.7555555555556,18,2.1731066460587325,0,168.69881,1
2025-04-24,Greed,0x6d6a4b953f202f8df5bed40692e7fd865318264a,168.69881,0.65,441.69899999999996,20,1.2120911793855302,0,0.0,0
2025-04-25,Greed,0x6d6a4b953f202f8df5bed40692e7fd865318264a,0.0,0.0,535.6742857142857,7,0.7006172839506173,0,43.903059999999996,1
2025-04-26,Greed,0x6d6a4b953f202f8df5bed40692e7fd865318264a,43.903059999999996,0.5714285714285714,1815.0585714285714,7,1.146110056925996,0,,0
2024-12-17,Extreme Greed,0x72743ae2822edd658c0c50608fd7c5c501b2afbd,0.0,0.0,18481.63244897959,98,0.7807339449541284,0,327545.999992,1
2024-12-22,Greed,0x72743ae2822edd658c0c50608fd7c5c501b2afbd,327545.999992,1.0,14265.865288461539,104,1.3742331288343559,0,0.0,0
2025-01-04,Greed,0x72743ae2822edd658c0c50608fd7c5c501b2afbd,0.0,0.0,11569.857730496453,141,0.2576271186440678,0,122050.866984,1
2025-01-08,Greed,0x72743ae2822edd658c0c50608fd7c5c501b2afbd,122050.866984,1.0,31443.71166666667,48,2.5340136054421767,2,0.0,0
2025-02-28,Extreme Fear,0x72743ae2822edd658c0c50608fd7c5c501b2afbd,0.0,0.0,1457.8809090909092,77,1.0838445807770962,0,0.0,0
2025-03-08,Fear,0x72743ae2822edd658c0c50608fd7c5c501b2afbd,0.0,0.0,2119.866666666667,15,1.1950207468879668,0,0.0,0
2025-03-09,Fear,0x72743ae2822edd658c0c50608fd7c5c501b2afbd,0.0,0.0,1365.6884444444443,90,1.9936842105263157,0,0.0,0
2025-04-08,Extreme Fear,0x72743ae2822edd658c0c50608fd7c5c501b2afbd,0.0,0.0,2481.818051948052,77,0.8382066276803118,0,33980.0,1
2025-04-09,Extreme Fear,0x72743ae2822edd658c0c50608fd7c5c501b2afbd,33980.0,0.8788732394366198,8095.553154929577,355,0.8007262823422605,0,0.0,0
2025-04-10,Fear,0x72743ae2822edd658c0c50608fd7c5c501b2afbd,0.0,0.0,12530.401249999999,8,1.1484848484848484,0,0.0,0
2025-04-11,Fear,0x72743ae2822edd658c0c50608fd7c5c501b2afbd,0.0,0.0,51734.1,3,0.3979591836734694,2,-14838.4,0
2025-04-16,Fear,0x72743ae2822edd658c0c50608fd7c5c501b2afbd,-14838.4,0.0,4603.773962264151,53,1.0802069857697283,0,-42923.271911,0
2025-04-18,Fear,0x72743ae2822edd658c0c50608fd7c5c501b2afbd,-42923.271911,0.7692307692307693,8851.193692307692,65,0.6628621597892889,0,0.0,0
2025-04-19,Fear,0x72743ae2822edd658c0c50608fd7c5c501b2afbd,0.0,0.0,1287.706923076923,39,0.5590374930050364,0,-458.08035,0
2025-04-20,Fear,0x72743ae2822edd658c0c50608fd7c5c501b2afbd,-458.08035,0.0,1333.6473684210525,38,1.194905869324474,0,0.0,0
2025-04-22,Neutral,0x72743ae2822edd658c0c50608fd7c5c501b2afbd,0.0,0.0,1341.7722784810126,79,0.899873257287706,0,10148.4512,1
2025-04-23,Greed,0x72743ae2822edd658c0c50608fd7c5c501b2afbd,10148.4512,0.2155688622754491,1633.4878443113773,167,2.1731066460587325,0,-3500.0,0
2025-04-24,Greed,0x72743ae2822edd658c0c50608fd7c5c501b2afbd,-3500.0,0.0,878.3780180180181,111,1.2120911793855302,0,-2650.0,0
2025-04-25,Greed,0x72743ae2822edd658c0c50608fd7c5c501b2afbd,-2650.0,0.0,2502.2713636363637,22,0.7006172839506173,0,,0
2024-09-20,Neutral,0x72c6a4624e1dffa724e6d00d64ceae698af892a0,0.0,0.0,7075.4425,4,0.23076923076923078,0,0.0,0
2024-09-24,Neutral,0x72c6a4624e1dffa724e6d00d64ceae698af892a0,0.0,0.0,6113.57,1,9.0,0,0.0,0
2024-09-25,Greed,0x72c6a4624e1dffa724e6d00d64ceae698af892a0,0.0,0.0,917.6733333333333,3,2.0,0,0.0,0
2024-09-26,Neutral,0x72c6a4624e1dffa724e6d00d64ceae698af892a0,0.0,0.0,6654.302000000001,5,0.0,0,0.0,0
2024-09-27,Greed,0x72c6a4624e1dffa724e6d00d64ceae698af892a0,0.0,0.0,567.4939130434783,46,0.0,0,0.0,0
2024-09-28,Greed,0x72c6a4624e1dffa724e6d00d64ceae698af892a0,0.0,0.0,7299.8025,4,0.0,0,0.0,0
2024-09-30,Greed,0x72c6a4624e1dffa724e6d00d64ceae698af892a0,0.0,0.0,389.4682291666666,96,0.10416666666666667,0,8692.0,1
2024-10-25,Greed,0x72c6a4624e1dffa724e6d00d64ceae698af892a0,8692.0,1.0,4659.2,5,0.875,0,573.585288,1
2024-11-29,Extreme Greed,0x72c6a4624e1dffa724e6d00d64ceae698af892a0,573.585288,1.0,573.59,1,0.6040816326530613,0,0.0,0
2024-12-12,Extreme Greed,0x72c6a4624e1dffa724e6d00d64ceae698af892a0,0.0,0.0,1397.385294117647,17,0.2786234281932495,0,0.0,0
2024-12-13,Extreme Greed,0x72c6a4624e1dffa724e6d00d64ceae698af892a0,0.0,0.0,2951.8799999999997,30,1.3601609657947686,0,0.0,0
2024-12-14,Extreme Greed,0x72c6a4624e1dffa724e6d00d64ceae698af892a0,0.0,0.0,2042.2541860465114,43,0.9296875,0,0.0,0
2024-12-15,Extreme Greed,0x72c6a4624e1dffa724e6d00d64ceae698af892a0,0.0,0.0,2812.5,8,1.9982332155477032,0,0.0,0
2024-12-16,Extreme Greed,0x72c6a4624e1dffa724e6d00d64ceae698af892a0,0.0,0.0,1561.8182926829268,41,0.6693037974683544,0,0.0,0
2024-12-17,Extreme Greed,0x72c6a4624e1dffa724e6d00d64ceae698af892a0,0.0,0.0,3150.0064285714284,14,0.7807339449541284,0,0.0,0
2024-12-18,Extreme Greed,0x72c6a4624e1dffa724e6d00d64ceae698af892a0,0.0,0.0,3206.451290322581,31,1.0014005602240896,0,0.0,0
2024-12-19,Extreme Greed,0x72c6a4624e1dffa724e6d00d64ceae698af892a0,0.0,0.0,24880.0,1,0.5617399438727783,2,0.0,0
2024-12-20,Greed,0x72c6a4624e1dffa724e6d00d64ceae698af892a0,0.0,0.0,4121.142857142857,28,0.8307579102281089,0,0.0,0
2024-12-23,Greed,0x72c6a4624e1dffa724e6d00d64ceae698af892a0,0.0,0.0,3422.0648571428574,35,0.7902364607170099,0,0.0,0
2024-12-25,Greed,0x72c6a4624e1dffa724e6d00d64ceae698af892a0,0.0,0.0,28677.0,1,0.7049180327868853,2,0.0,0
2024-12-27,Greed,0x72c6a4624e1dffa724e6d00d64ceae698af892a0,0.0,0.0,9450.001666666667,6,1.113821138211382,0,0.0,0
2024-12-28,Greed,0x72c6a4624e1dffa724e6d00d64ceae698af892a0,0.0,0.0,2406.462941176471,34,0.5480769230769231,0,0.0,0
2024-12-29,Greed,0x72c6a4624e1dffa724e6d00d64ceae698af892a0,0.0,0.0,5006.2699999999995,14,0.5227272727272727,0,0.0,0
2024-12-30,Greed,0x72c6a4624e1dffa724e6d00d64ceae698af892a0,0.0,0.0,2392.239333333333,15,1.512396694214876,0,0.0,0
2025-01-02,Greed,0x72c6a4624e1dffa724e6d00d64ceae698af892a0,0.0,0.0,8894.193333333335,3,0.421259842519685,0,0.0,0
2025-01-03,Greed,0x72c6a4624e1dffa724e6d00d64ceae698af892a0,0.0,0.0,6065.75,6,0.49852507374631266,0,0.0,0
2025-01-04,Greed,0x72c6a4624e1dffa724e6d00d64ceae698af892a0,0.0,0.0,2128.95,1,0.2576271186440678,0,0.0,0
2025-01-05,Greed,0x72c6a4624e1dffa724e6d00d64ceae698af892a0,0.0,0.0,2863.6875,8,0.3735632183908046,0,0.0,0
2025-01-06,Extreme Greed,0x72c6a4624e1dffa724e6d00d64ceae698af892a0,0.0,0.0,2910.8484000000003,25,0.34823529411764703,0,10647.977,1
2025-01-09,Greed,0x72c6a4624e1dffa724e6d00d64ceae698af892a0,10647.977,1.0,38563.98,1,0.6261682242990654,2,0.0,0
2025-01-24,Extreme Greed,0x72c6a4624e1dffa724e6d00d64ceae698af892a0,0.0,0.0,2258.9,2,0.6937984496124031,0,0.0,0
2025-01-25,Extreme Greed,0x72c6a4624e1dffa724e6d00d64ceae698af892a0,0.0,0.0,3981.5714285714284,14,1.649214659685864,0,262.95,1
2025-01-26,Greed,0x72c6a4624e1dffa724e6d00d64ceae698af892a0,262.95,0.2909090909090909,1671.9961818181819,55,0.64,0,0.0,0
2025-01-27,Greed,0x72c6a4624e1dffa724e6d00d64ceae698af892a0,0.0,0.0,11300.0,1,1.9391634980988592,0,1474.79,1
2025-01-28,Greed,0x72c6a4624e1dffa724e6d00d64ceae698af892a0,1474.79,0.5428571428571428,1620.264857142857,70,0.4604105571847507,0,0.0,0
2025-02-02,Greed,0x72c6a4624e1dffa724e6d00d64ceae698af892a0,0.0,0.0,837.1502702702703,37,1.713991769547325,0,0.0,0
2025-02-04,Greed,0x72c6a4624e1dffa724e6d00d64ceae698af892a0,0.0,0.0,15000.0,1,0.8349159970781592,0,0.0,0
2025-02-07,Fear,0x72c6a4624e1dffa724e6d00d64ceae698af892a0,0.0,0.0,772.9157407407408,54,1.687830687830688,0,0.0,0
2025-02-10,Fear,0x72c6a4624e1dffa724e6d00d64ceae698af892a0,0.0,0.0,2206.1225,24,0.6805293005671077,0,0.0,0
2025-02-14,Neutral,0x72c6a4624e1dffa724e6d00d64ceae698af892a0,0.0,0.0,3058.91,5,0.47373107747105964,0,0.0,0
2025-02-15,Neutral,0x72c6a4624e1dffa724e6d00d64ceae698af892a0,0.0,0.0,1628.5714285714287,7,1.5961002785515321,0,0.0,0
2025-02-16,Neutral,0x72c6a4624e1dffa724e6d00d64ceae698af892a0,0.0,0.0,1650.0,6,1.0267857142857142,0,0.0,0
2025-02-18,Neutral,0x72c6a4624e1dffa724e6d00d64ceae698af892a0,0.0,0.0,701.2211111111111,9,1.6816,0,0.0,0
2025-02-21,Greed,0x72c6a4624e1dffa724e6d00d64ceae698af892a0,0.0,0.0,374.33,18,0.6589902568644819,0,0.0,0
2025-02-22,Neutral,0x72c6a4624e1dffa724e6d00d64ceae698af892a0,0.0,0.0,1038.095,14,1.1042944785276074,0,81776.7151,1
2025-02-25,Fear,0x72c6a4624e1dffa724e6d00d64ceae698af892a0,81776.7151,0.9927007299270073,1940.033503649635,137,2.1074626865671644,0,8230.0,1
2025-02-26,Extreme Fear,0x72c6a4624e1dffa724e6d00d64ceae698af892a0,8230.0,1.0,23710.0,1,0.49049429657794674,2,8517.7655,1
2025-02-27,Extreme Fear,0x72c6a4624e1dffa724e6d00d64ceae698af892a0,8517.7655,1.0,2059.193846153846,13,0.8388429752066116,0,15700.5,1
2025-02-28,Extreme Fear,0x72c6a4624e1dffa724e6d00d64ceae698af892a0,15700.5,0.6666666666666666,7567.57,3,1.0838445807770962,0,0.0,0
2025-03-01,Extreme Fear,0x72c6a4624e1dffa724e6d00d64ceae698af892a0,0.0,0.0,791.3578571428571,14,1.5217391304347827,0,10915.212,1
2025-03-02,Fear,0x72c6a4624e1dffa724e6d00d64ceae698af892a0,10915.212,1.0,1366.0404,25,1.062015503875969,0,17247.427499999998,1
2025-03-03,Fear,0x72c6a4624e1dffa724e6d00d64ceae698af892a0,17247.427499999998,0.625,3784.509375,16,2.5883777239709445,0,169132.29611,1
2025-03-04,Extreme Fear,0x72c6a4624e1dffa724e6d00d64ceae698af892a0,169132.29611,0.4967741935483871,3030.0763225806454,155,2.672782874617737,0,0.0,0
2025-03-07,Fear,0x72c6a4624e1dffa724e6d00d64ceae698af892a0,0.0,0.0,496.50100000000003,10,0.9260377358490566,0,0.0,0
2025-03-08,Fear,0x72c6a4624e1dffa724e6d00d64ceae698af892a0,0.0,0.0,480.2857142857143,7,1.1950207468879668,0,0.0,0
2025-03-09,Fear,0x72c6a4624e1dffa724e6d00d64ceae698af892a0,0.0,0.0,232.88047619047617,21,1.9936842105263157,0,-2680.0,0
2025-03-10,Extreme Fear,0x72c6a4624e1dffa724e6d00d64ceae698af892a0,-2680.0,0.0,678.8711428571429,35,1.1707680835197614,0,0.0,0
2025-03-15,Neutral,0x72c6a4624e1dffa724e6d00d64ceae698af892a0,0.0,0.0,5925.5,1,1.439252336448598,0,-3546.9,0
2025-04-12,Fear,0x72c6a4624e1dffa724e6d00d64ceae698af892a0,-3546.9,0.0,1581.1591666666666,12,0.6111535523300229,0,-4526.698469,0
2025-04-13,Neutral,0x72c6a4624e1dffa724e6d00d64ceae698af892a0,-4526.698469,0.0,2040.0,5,1.2697594501718212,0,7848.0,1
2025-04-14,Fear,0x72c6a4624e1dffa724e6d00d64ceae698af892a0,7848.0,1.0,2675.8333333333335,3,1.386058981233244,0,6335.6,1
2025-04-15,Fear,0x72c6a4624e1dffa724e6d00d64ceae698af892a0,6335.6,1.0,1444.0666666666666,6,0.4371029224904701,0,14609.800000000001,1
2025-04-16,Fear,0x72c6a4624e1dffa724e6d00d64ceae698af892a0,14609.800000000001,1.0,825.0,44,1.0802069857697283,0,18374.63,1
2025-04-20,Fear,0x72c6a4624e1dffa724e6d00d64ceae698af892a0,18374.63,0.8545454545454545,1135.2727272727273,55,1.194905869324474,0,-9046.14,0
2025-04-21,Fear,0x72c6a4624e1dffa724e6d00d64ceae698af892a0,-9046.14,0.4117647058823529,1703.0882352941176,17,0.5421903052064632,0,,0
2024-01-19,Neutral,0x75f7eeb85dc639d5e99c78f95393aa9a5f1170d4,-0.20400000000000001,0.1111111111111111,169.64555555555555,9,1.8235294117647058,0,1166.248788,1
2024-01-22,Greed,0x75f7eeb85dc639d5e99c78f95393aa9a5f1170d4,1166.248788,0.2916666666666667,1125.4704166666668,48,1.5,0,90.2,1
2024-01-26,Neutral,0x75f7eeb85dc639d5e99c78f95393aa9a5f1170d4,90.2,0.5,4627.9,2,4.0,0,1.71544,1
2024-01-29,Greed,0x75f7eeb85dc639d5e99c78f95393aa9a5f1170d4,1.71544,0.5,1034.4299999999998,2,0.39622641509433965,0,3639.3031690000003,1
2024-02-14,Greed,0x75f7eeb85dc639d5e99c78f95393aa9a5f1170d4,3639.3031690000003,0.8977272727272727,2478.8488636363636,88,0.44155844155844154,0,1024.70728,1
2024-02-15,Greed,0x75f7eeb85dc639d5e99c78f95393aa9a5f1170d4,1024.70728,0.9423076923076923,1469.9592307692308,52,4.7272727272727275,0,5491.768834,1
2024-02-16,Greed,0x75f7eeb85dc639d5e99c78f95393aa9a5f1170d4,5491.768834,0.8588235294117647,2730.2580588235296,170,1.7164179104477613,0,1670.012358,1
2024-02-17,Extreme Greed,0x75f7eeb85dc639d5e99c78f95393aa9a5f1170d4,1670.012358,0.84375,3161.86234375,64,1.1363636363636365,0,477.6248299999999,1
2024-02-18,Greed,0x75f7eeb85dc639d5e99c78f95393aa9a5f1170d4,477.6248299999999,0.6288659793814433,1619.0532989690723,97,0.6440677966101694,0,4325.827543,1
2024-02-19,Extreme Greed,0x75f7eeb85dc639d5e99c78f95393aa9a5f1170d4,4325.827543,0.8,2488.1485263157892,95,0.6833333333333333,0,3053.31353,1
2024-02-20,Greed,0x75f7eeb85dc639d5e99c78f95393aa9a5f1170d4,3053.31353,0.7714285714285715,3363.1262857142856,35,0.5,0,1858.7985700000002,1
2024-02-21,Extreme Greed,0x75f7eeb85dc639d5e99c78f95393aa9a5f1170d4,1858.7985700000002,0.7142857142857143,4668.662857142857,21,0.4666666666666667,0,3894.1050699999996,1
2024-02-22,Greed,0x75f7eeb85dc639d5e99c78f95393aa9a5f1170d4,3894.1050699999996,0.46511627906976744,4279.456162790698,86,0.660377358490566,0,1418.55293,1
2024-02-23,Extreme Greed,0x75f7eeb85dc639d5e99c78f95393aa9a5f1170d4,1418.55293,0.958041958041958,776.966013986014,143,10.916666666666666,0,-30.7705,0
2024-02-25,Greed,0x75f7eeb85dc639d5e99c78f95393aa9a5f1170d4,-30.7705,0.0,896.0260000000001,5,0.6666666666666666,0,4416.8473,1
2024-02-26,Greed,0x75f7eeb85dc639d5e99c78f95393aa9a5f1170d4,4416.8473,0.918918918918919,5180.734324324325,37,2.25,0,312.130593,1
2024-02-27,Extreme Greed,0x75f7eeb85dc639d5e99c78f95393aa9a5f1170d4,312.130593,0.34545454545454546,3759.7450909090912,55,1.1,0,2503.747235,1
2024-02-28,Extreme Greed,0x75f7eeb85dc639d5e99c78f95393aa9a5f1170d4,2503.747235,0.8666666666666667,3802.380666666667,45,2.2142857142857144,0,8493.192736,1
2024-02-29,Extreme Greed,0x75f7eeb85dc639d5e99c78f95393aa9a5f1170d4,8493.192736,0.8899082568807339,3402.198532110092,109,1.0714285714285714,0,8244.241409,1
2024-03-01,Extreme Greed,0x75f7eeb85dc639d5e99c78f95393aa9a5f1170d4,8244.241409,0.9343065693430657,3452.370072992701,137,0.37,0,1674.715167,1
2024-03-02,Extreme Greed,0x75f7eeb85dc639d5e99c78f95393aa9a5f1170d4,1674.715167,0.875,2510.5745833333335,24,9.333333333333334,0,8361.086245,1
2024-03-03,Extreme Greed,0x75f7eeb85dc639d5e99c78f95393aa9a5f1170d4,8361.086245,0.6835443037974683,4946.1478481012655,79,0.8372093023255814,0,26773.771643,1
2024-03-04,Extreme Greed,0x75f7eeb85dc639d5e99c78f95393aa9a5f1170d4,26773.771643,0.8815331010452961,5485.087665505226,287,1.158273381294964,0,19791.026041,1
2024-03-05,Extreme Greed,0x75f7eeb85dc639d5e99c78f95393aa9a5f1170d4,19791.026041,0.9055555555555556,4676.724,180,0.44,0,6814.825139,1
2024-03-06,Extreme Greed,0x75f7eeb85dc639d5e99c78f95393aa9a5f1170d4,6814.825139,0.8780487804878049,3990.4636585365856,82,1.4848484848484849,0,4271.886236,1
2024-03-08,Extreme Greed,0x75f7eeb85dc639d5e99c78f95393aa9a5f1170d4,4271.886236,0.8805970149253731,2740.047462686567,67,0.3958333333333333,0,9949.501624,1
2024-03-09,Extreme Greed,0x75f7eeb85dc639d5e99c78f95393aa9a5f1170d4,9949.501624,0.8290598290598291,5625.459401709401,117,2.4411764705882355,0,2482.9272,1
2024-03-10,Extreme Greed,0x75f7eeb85dc639d5e99c78f95393aa9a5f1170d4,2482.9272,0.6904761904761905,5237.472619047619,42,9.5,0,3588.179495,1
2024-03-11,Extreme Greed,0x75f7eeb85dc639d5e99c78f95393aa9a5f1170d4,3588.179495,0.9285714285714286,4202.844047619047,42,0.4,0,3039.166,1
2024-03-12,Extreme Greed,0x75f7eeb85dc639d5e99c78f95393aa9a5f1170d4,3039.166,0.875,12880.10625,8,0.14285714285714285,0,3400.385378,1
2024-03-14,Extreme Greed,0x75f7eeb85dc639d5e99c78f95393aa9a5f1170d4,3400.385378,0.8823529411764706,11756.876470588235,17,0.125,0,5509.2545,1
2024-03-15,Extreme Greed,0x75f7eeb85dc639d5e99c78f95393aa9a5f1170d4,5509.2545,0.9142857142857143,7132.707714285714,35,0.7222222222222222,0,73.61088,1
2024-03-17,Extreme Greed,0x75f7eeb85dc639d5e99c78f95393aa9a5f1170d4,73.61088,0.8571428571428571,705.8557142857143,7,3.6,0,1244.6384,1
2024-03-18,Extreme Greed,0x75f7eeb85dc639d5e99c78f95393aa9a5f1170d4,1244.6384,0.8333333333333334,8540.285,6,2.1666666666666665,0,842.799493,1
2024-03-19,Extreme Greed,0x75f7eeb85dc639d5e99c78f95393aa9a5f1170d4,842.799493,0.5,18098.891,10,2.4285714285714284,0,2593.147623,1
2024-03-20,Greed,0x75f7eeb85dc639d5e99c78f95393aa9a5f1170d4,2593.147623,0.9491525423728814,2446.8210169491526,59,0.725,0,2097.182,1
2024-03-21,Extreme Greed,0x75f7eeb85dc639d5e99c78f95393aa9a5f1170d4,2097.182,0.9565217391304348,4256.877391304348,23,13.0,0,1297.018477,1
2024-03-24,Greed,0x75f7eeb85dc639d5e99c78f95393aa9a5f1170d4,1297.018477,0.7894736842105263,4873.274210526315,19,3.75,0,3195.3074,1
2024-03-26,Extreme Greed,0x75f7eeb85dc639d5e99c78f95393aa9a5f1170d4,3195.3074,0.9819819819819819,1572.7824324324324,111,0.07272727272727272,0,-38.78086,0
2024-03-27,Extreme Greed,0x75f7eeb85dc639d5e99c78f95393aa9a5f1170d4,-38.78086,0.0,1163.5172727272727,11,1.0,0,227.85100799999998,1
2024-03-28,Extreme Greed,0x75f7eeb85dc639d5e99c78f95393aa9a5f1170d4,227.85100799999998,0.9,1530.983,10,12.0,0,1100.57514,1
2024-03-30,Extreme Greed,0x75f7eeb85dc639d5e99c78f95393aa9a5f1170d4,1100.57514,0.9777777777777777,2246.753777777778,45,0.022727272727272728,0,2507.122467,1
2024-04-01,Extreme Greed,0x75f7eeb85dc639d5e99c78f95393aa9a5f1170d4,2507.122467,0.8333333333333334,4260.021458333334,48,0.7111111111111111,0,126.7884,1
2024-04-03,Greed,0x75f7eeb85dc639d5e99c78f95393aa9a5f1170d4,126.7884,0.5,3443.955,2,3.0,0,5296.433789,1
2024-04-05,Extreme Greed,0x75f7eeb85dc639d5e99c78f95393aa9a5f1170d4,5296.433789,0.9146341463414634,3723.111585365854,82,0.20481927710843373,0,1218.4267,1
2024-04-08,Extreme Greed,0x75f7eeb85dc639d5e99c78f95393aa9a5f1170d4,1218.4267,0.5,24387.135,2,0.034482758620689655,2,2237.798674,1
2024-04-12,Extreme Greed,0x75f7eeb85dc639d5e99c78f95393aa9a5f1170d4,2237.798674,0.7634408602150538,2815.611935483871,93,0.5,0,6621.451755,1
2024-04-13,Greed,0x75f7eeb85dc639d5e99c78f95393aa9a5f1170d4,6621.451755,0.8591549295774648,4651.021830985916,71,1.069767441860465,0,461.97292000000004,1
2024-04-14,Greed,0x75f7eeb85dc639d5e99c78f95393aa9a5f1170d4,461.97292000000004,0.6976744186046512,1637.1216279069768,43,0.7540983606557377,0,3774.08872,1
2024-04-15,Greed,0x75f7eeb85dc639d5e99c78f95393aa9a5f1170d4,3774.08872,0.9210526315789473,6344.664210526315,38,0.782608695652174,0,2467.702221,1
2024-04-16,Greed,0x75f7eeb85dc639d5e99c78f95393aa9a5f1170d4,2467.702221,0.9347826086956522,3952.523695652174,46,1.9375,0,2441.4683999999997,1
2024-04-17,Greed,0x75f7eeb85dc639d5e99c78f95393aa9a5f1170d4,2441.4683999999997,0.9285714285714286,6968.785000000001,14,13.0,0,360.32138,1
2024-04-23,Greed,0x75f7eeb85dc639d5e99c78f95393aa9a5f1170d4,360.32138,0.3333333333333333,3366.369166666667,12,1.2758620689655173,0,-13.844579999999999,0
2024-05-03,Neutral,0x75f7eeb85dc639d5e99c78f95393aa9a5f1170d4,-13.844579999999999,0.14285714285714285,47.215714285714284,7,0.09090909090909091,0,0.916,1
2024-05-05,Greed,0x75f7eeb85dc639d5e99c78f95393aa9a5f1170d4,0.916,0.5,41.15,2,0.2,0,0.0,0
2024-05-07,Greed,0x75f7eeb85dc639d5e99c78f95393aa9a5f1170d4,0.0,0.0,47.59,1,0.5,0,1.56576,1
2024-05-08,Greed,0x75f7eeb85dc639d5e99c78f95393aa9a5f1170d4,1.56576,0.3333333333333333,46.46,3,12.0,0,0.0,0
2024-05-23,Extreme Greed,0x75f7eeb85dc639d5e99c78f95393aa9a5f1170d4,0.0,0.0,10.56,1,1.3897058823529411,0,-1.40304,0
2024-06-13,Greed,0x75f7eeb85dc639d5e99c78f95393aa9a5f1170d4,-1.40304,0.0,11.97,1,25.333333333333332,0,0.01574,1
2024-12-09,Extreme Greed,0x75f7eeb85dc639d5e99c78f95393aa9a5f1170d4,0.01574,0.42857142857142855,16.731428571428573,7,5.416666666666667,0,3634.56814,1
2024-12-10,Extreme Greed,0x75f7eeb85dc639d5e99c78f95393aa9a5f1170d4,3634.56814,0.9607843137254902,1401.238888888889,153,0.4971857410881801,0,1567.4026840000001,1
2024-12-11,Greed,0x75f7eeb85dc639d5e99c78f95393aa9a5f1170d4,1567.4026840000001,0.34782608695652173,7024.881304347826,23,0.16285714285714287,0,323.34897900000016,1
2024-12-12,Extreme Greed,0x75f7eeb85dc639d5e99c78f95393aa9a5f1170d4,323.34897900000016,0.07692307692307693,3563.27,52,0.2786234281932495,0,8276.625256,1
2024-12-13,Extreme Greed,0x75f7eeb85dc639d5e99c78f95393aa9a5f1170d4,8276.625256,0.9615384615384616,4533.178461538461,26,1.3601609657947686,0,-33.03286,0
2024-12-14,Extreme Greed,0x75f7eeb85dc639d5e99c78f95393aa9a5f1170d4,-33.03286,0.027777777777777776,1667.6102777777778,36,0.9296875,0,126.32543000000001,1
2024-12-15,Extreme Greed,0x75f7eeb85dc639d5e99c78f95393aa9a5f1170d4,126.32543000000001,0.9285714285714286,469.7357142857143,14,1.9982332155477032,0,758.93225,1
2024-12-16,Extreme Greed,0x75f7eeb85dc639d5e99c78f95393aa9a5f1170d4,758.93225,0.4,5082.063,10,0.6693037974683544,0,3146.294798,1
2024-12-17,Extreme Greed,0x75f7eeb85dc639d5e99c78f95393aa9a5f1170d4,3146.294798,0.9552238805970149,1978.6264179104478,67,0.7807339449541284,0,2507.193252,1
2024-12-18,Extreme Greed,0x75f7eeb85dc639d5e99c78f95393aa9a5f1170d4,2507.193252,0.9478260869565217,1492.9519130434783,115,1.0014005602240896,0,13027.2866,1
2024-12-19,Extreme Greed,0x75f7eeb85dc639d5e99c78f95393aa9a5f1170d4,13027.2866,0.8723404255319149,2927.3372765957447,235,0.5617399438727783,0,3509.273443,1
2024-12-20,Greed,0x75f7eeb85dc639d5e99c78f95393aa9a5f1170d4,3509.273443,0.8995433789954338,1042.2276712328767,219,0.8307579102281089,0,24.404600000000002,1
2024-12-21,Greed,0x75f7eeb85dc639d5e99c78f95393aa9a5f1170d4,24.404600000000002,0.5,1607.23625,8,0.5493087557603686,0,657.693565,1
2024-12-23,Greed,0x75f7eeb85dc639d5e99c78f95393aa9a5f1170d4,657.693565,0.9803921568627451,1163.6007843137254,51,0.7902364607170099,0,3429.9583199999997,1
2025-01-02,Greed,0x75f7eeb85dc639d5e99c78f95393aa9a5f1170d4,3429.9583199999997,0.9433962264150944,3870.1449056603774,53,0.421259842519685,0,11206.706221,1
2025-01-07,Extreme Greed,0x75f7eeb85dc639d5e99c78f95393aa9a5f1170d4,11206.706221,0.9525862068965517,2729.2947413793104,232,7.493333333333333,0,3710.36178,1
2025-01-08,Greed,0x75f7eeb85dc639d5e99c78f95393aa9a5f1170d4,3710.36178,0.9183673469387755,4625.799183673469,49,2.5340136054421767,0,3944.7294389999997,1
2025-01-13,Greed,0x75f7eeb85dc639d5e99c78f95393aa9a5f1170d4,3944.7294389999997,0.94,4342.4238000000005,50,1.4285714285714286,0,104.68064,1
2025-01-14,Greed,0x75f7eeb85dc639d5e99c78f95393aa9a5f1170d4,104.68064,0.4444444444444444,4696.798888888889,9,0.5027322404371585,0,-3249.381438,0
2025-01-18,Extreme Greed,0x75f7eeb85dc639d5e99c78f95393aa9a5f1170d4,-3249.381438,0.21212121212121213,7728.827272727272,33,1.1845637583892616,0,16210.341667,1
2025-01-20,Extreme Greed,0x75f7eeb85dc639d5e99c78f95393aa9a5f1170d4,16210.341667,0.9657701711491442,1671.0059413202935,409,1.3482142857142858,0,548.62199,1
2025-01-22,Extreme Greed,0x75f7eeb85dc639d5e99c78f95393aa9a5f1170d4,548.62199,0.9714285714285714,2301.3917142857144,35,0.5551401869158878,0,3540.716915,1
2025-01-24,Extreme Greed,0x75f7eeb85dc639d5e99c78f95393aa9a5f1170d4,3540.716915,0.9416058394160584,1282.6185401459854,137,0.6937984496124031,0,2582.715893,1
2025-01-27,Greed,0x75f7eeb85dc639d5e99c78f95393aa9a5f1170d4,2582.715893,0.953125,1981.91671875,128,1.9391634980988592,0,1150.332823,1
2025-01-28,Greed,0x75f7eeb85dc639d5e99c78f95393aa9a5f1170d4,1150.332823,0.918918918918919,3275.1991891891894,37,0.4604105571847507,0,45.381082,1
2025-01-29,Greed,0x75f7eeb85dc639d5e99c78f95393aa9a5f1170d4,45.381082,0.7777777777777778,1330.8616666666667,36,0.9279661016949152,0,5049.257348,1
2025-01-30,Greed,0x75f7eeb85dc639d5e99c78f95393aa9a5f1170d4,5049.257348,0.8208955223880597,2169.4271641791042,134,0.33375,0,6216.099195999999,1
2025-01-31,Extreme Greed,0x75f7eeb85dc639d5e99c78f95393aa9a5f1170d4,6216.099195999999,0.6976744186046512,2295.991569767442,172,0.4660894660894661,0,9609.447365,1
2025-02-01,Greed,0x75f7eeb85dc639d5e99c78f95393aa9a5f1170d4,9609.447365,0.7702702702702703,4026.3325675675674,148,1.24822695035461,0,14982.681725,1
2025-02-03,Fear,0x75f7eeb85dc639d5e99c78f95393aa9a5f1170d4,14982.681725,0.7492877492877493,2940.937606837607,351,0.8463925523661753,0,1985.815595,1
2025-02-04,Greed,0x75f7eeb85dc639d5e99c78f95393aa9a5f1170d4,1985.815595,0.9736842105263158,1605.050657894737,76,0.8349159970781592,0,14.590934,1
2025-02-05,Neutral,0x75f7eeb85dc639d5e99c78f95393aa9a5f1170d4,14.590934,0.75,2107.2529999999997,20,1.1332236842105263,0,2055.538866,1
2025-02-06,Neutral,0x75f7eeb85dc639d5e99c78f95393aa9a5f1170d4,2055.538866,0.273972602739726,4675.59698630137,73,2.153703703703704,0,2648.450789,1
2025-02-07,Fear,0x75f7eeb85dc639d5e99c78f95393aa9a5f1170d4,2648.450789,0.7068965517241379,3997.0581034482757,58,1.687830687830688,0,235.47104,1
2025-02-08,Fear,0x75f7eeb85dc639d5e99c78f95393aa9a5f1170d4,235.47104,0.5,6882.275,2,3.6370967741935485,0,627.556755,1
2025-02-09,Neutral,0x75f7eeb85dc639d5e99c78f95393aa9a5f1170d4,627.556755,0.9295774647887324,1530.2932394366196,71,1.2738095238095237,0,990.674468,1
2025-02-10,Fear,0x75f7eeb85dc639d5e99c78f95393aa9a5f1170d4,990.674468,0.603448275862069,2647.6505172413795,58,0.6805293005671077,0,1053.5230999999999,1
2025-02-11,Neutral,0x75f7eeb85dc639d5e99c78f95393aa9a5f1170d4,1053.5230999999999,0.6,7386.992,5,0.7448559670781894,0,-22303.603584,0
2025-02-12,Neutral,0x75f7eeb85dc639d5e99c78f95393aa9a5f1170d4,-22303.603584,0.23728813559322035,2953.0322881355933,118,0.6496,0,2390.12335,1
2025-02-13,Neutral,0x75f7eeb85dc639d5e99c78f95393aa9a5f1170d4,2390.12335,0.8316831683168316,1278.79198019802,101,0.7631917631917632,0,462.740727,1
2025-02-15,Neutral,0x75f7eeb85dc639d5e99c78f95393aa9a5f1170d4,462.740727,0.6785714285714286,3875.14,28,1.5961002785515321,0,14.54605,1
2025-02-16,Neutral,0x75f7eeb85dc639d5e99c78f95393aa9a5f1170d4,14.54605,0.2,341.232,5,1.0267857142857142,0,3112.721339,1
2025-02-18,Neutral,0x75f7eeb85dc639d5e99c78f95393aa9a5f1170d4,3112.721339,0.8091603053435115,2398.0035877862597,131,1.6816,0,770.462266,1
2025-02-19,Fear,0x75f7eeb85dc639d5e99c78f95393aa9a5f1170d4,770.462266,0.6968325791855203,1613.0980995475113,221,1.738430583501006,0,1727.154021,1
2025-02-20,Neutral,0x75f7eeb85dc639d5e99c78f95393aa9a5f1170d4,1727.154021,0.9420289855072463,2101.7873913043477,69,0.6437908496732027,0,2720.828056,1
2025-02-21,Greed,0x75f7eeb85dc639d5e99c78f95393aa9a5f1170d4,2720.828056,0.6436170212765957,1504.8432978723404,188,0.6589902568644819,0,1437.17482,1
2025-02-22,Neutral,0x75f7eeb85dc639d5e99c78f95393aa9a5f1170d4,1437.17482,0.6611570247933884,2194.715289256198,121,1.1042944785276074,0,1001.2053860000001,1
2025-02-23,Neutral,0x75f7eeb85dc639d5e99c78f95393aa9a5f1170d4,1001.2053860000001,0.784,2364.3752000000004,125,1.1940928270042195,0,3622.6256409999996,1
2025-02-25,Fear,0x75f7eeb85dc639d5e99c78f95393aa9a5f1170d4,3622.6256409999996,0.9620253164556962,2395.0187341772153,79,2.1074626865671644,0,5303.037252,1
2025-02-26,Extreme Fear,0x75f7eeb85dc639d5e99c78f95393aa9a5f1170d4,5303.037252,0.9302325581395349,3985.245697674419,86,0.49049429657794674,0,948.6016900000001,1
2025-03-02,Fear,0x75f7eeb85dc639d5e99c78f95393aa9a5f1170d4,948.6016900000001,0.9166666666666666,3923.564166666667,12,1.062015503875969,0,-370.250064,0
2025-03-03,Fear,0x75f7eeb85dc639d5e99c78f95393aa9a5f1170d4,-370.250064,0.6039603960396039,1018.7064356435644,101,2.5883777239709445,0,-5843.04,0
2025-03-05,Extreme Fear,0x75f7eeb85dc639d5e99c78f95393aa9a5f1170d4,-5843.04,0.0,42921.479999999996,2,0.2918287937743191,2,556.480533,1
2025-03-08,Fear,0x75f7eeb85dc639d5e99c78f95393aa9a5f1170d4,556.480533,0.9444444444444444,1573.7972222222222,18,1.1950207468879668,0,23670.188163,1
2025-03-11,Extreme Fear,0x75f7eeb85dc639d5e99c78f95393aa9a5f1170d4,23670.188163,0.9470588235294117,3202.6863529411767,170,1.8181818181818181,0,788.209533,1
2025-03-12,Fear,0x75f7eeb85dc639d5e99c78f95393aa9a5f1170d4,788.209533,0.875,2053.1325,24,0.7096079276174063,0,216.69714,1
2025-03-13,Neutral,0x75f7eeb85dc639d5e99c78f95393aa9a5f1170d4,216.69714,0.05,3998.917,20,0.9473684210526315,0,500.116094,1
2025-03-15,Neutral,0x75f7eeb85dc639d5e99c78f95393aa9a5f1170d4,500.116094,0.21212121212121213,1352.128787878788,33,1.439252336448598,0,941.32505,1
2025-03-16,Fear,0x75f7eeb85dc639d5e99c78f95393aa9a5f1170d4,941.32505,0.9333333333333333,2071.034666666667,15,1.345132743362832,0,5845.632627,1
2025-03-17,Fear,0x75f7eeb85dc639d5e99c78f95393aa9a5f1170d4,5845.632627,0.9605263157894737,1292.3644736842105,152,1.105263157894737,0,82.269533,1
2025-03-18,Fear,0x75f7eeb85dc639d5e99c78f95393aa9a5f1170d4,82.269533,0.7142857142857143,610.3228571428572,14,0.691683569979716,0,106.886191,1
2025-03-19,Fear,0x75f7eeb85dc639d5e99c78f95393aa9a5f1170d4,106.886191,0.9069767441860465,1166.1046511627908,43,0.5367016205910391,0,646.76766,1
2025-03-20,Neutral,0x75f7eeb85dc639d5e99c78f95393aa9a5f1170d4,646.76766,0.96875,965.8490625,32,0.44652908067542213,0,4462.921835,1
2025-03-22,Fear,0x75f7eeb85dc639d5e99c78f95393aa9a5f1170d4,4462.921835,0.9682539682539683,968.4492063492064,63,0.7092651757188498,0,80.95313,1
2025-03-24,Neutral,0x75f7eeb85dc639d5e99c78f95393aa9a5f1170d4,80.95313,0.8461538461538461,179.39076923076925,26,0.2616707616707617,0,520.971268,1
2025-03-25,Neutral,0x75f7eeb85dc639d5e99c78f95393aa9a5f1170d4,520.971268,0.896551724137931,2614.2506896551727,29,1.1436314363143631,0,96.945218,1
2025-03-26,Neutral,0x75f7eeb85dc639d5e99c78f95393aa9a5f1170d4,96.945218,0.31645569620253167,1384.9248101265823,79,1.030104712041885,0,133.123947,1
2025-03-29,Fear,0x75f7eeb85dc639d5e99c78f95393aa9a5f1170d4,133.123947,0.7951807228915663,507.97253012048196,83,1.1114827201783724,0,1239.24045,1
2025-03-31,Fear,0x75f7eeb85dc639d5e99c78f95393aa9a5f1170d4,1239.24045,0.9807692307692307,952.425,52,0.7615658362989324,0,90.98474,1
2025-04-02,Fear,0x75f7eeb85dc639d5e99c78f95393aa9a5f1170d4,90.98474,0.8181818181818182,2925.4536363636366,11,0.1350210970464135,0,3370.85855,1
2025-04-06,Fear,0x75f7eeb85dc639d5e99c78f95393aa9a5f1170d4,3370.85855,0.9230769230769231,3952.829230769231,39,1.8324324324324324,0,948.85929,1
2025-04-08,Extreme Fear,0x75f7eeb85dc639d5e99c78f95393aa9a5f1170d4,948.85929,0.9767441860465116,1116.5534883720932,43,0.8382066276803118,0,1593.7933500000001,1
2025-04-09,Extreme Fear,0x75f7eeb85dc639d5e99c78f95393aa9a5f1170d4,1593.7933500000001,0.4,3893.6853333333333,15,0.8007262823422605,0,1442.90516,1
2025-04-12,Fear,0x75f7eeb85dc639d5e99c78f95393aa9a5f1170d4,1442.90516,0.9545454545454546,1396.4452272727274,44,0.6111535523300229,0,1828.36966,1
2025-04-14,Fear,0x75f7eeb85dc639d5e99c78f95393aa9a5f1170d4,1828.36966,0.825,3124.96325,40,1.386058981233244,0,1208.695445,1
2025-04-15,Fear,0x75f7eeb85dc639d5e99c78f95393aa9a5f1170d4,1208.695445,0.9722222222222222,1633.111111111111,36,0.4371029224904701,0,1674.357543,1
2025-04-16,Fear,0x75f7eeb85dc639d5e99c78f95393aa9a5f1170d4,1674.357543,0.9428571428571428,2679.161714285714,35,1.0802069857697283,0,471.89234,1
2025-04-18,Fear,0x75f7eeb85dc639d5e99c78f95393aa9a5f1170d4,471.89234,0.8333333333333334,4048.5616666666665,6,0.6628621597892889,0,1403.177311,1
2025-04-19,Fear,0x75f7eeb85dc639d5e99c78f95393aa9a5f1170d4,1403.177311,0.4727272727272727,1152.206909090909,55,0.5590374930050364,0,-111.77234,0
2025-04-20,Fear,0x75f7eeb85dc639d5e99c78f95393aa9a5f1170d4,-111.77234,0.21153846153846154,1156.014423076923,52,1.194905869324474,0,2933.203058,1
2025-04-22,Neutral,0x75f7eeb85dc639d5e99c78f95393aa9a5f1170d4,2933.203058,0.9938837920489296,358.02122324159023,327,0.899873257287706,0,6439.07977,1
2025-04-23,Greed,0x75f7eeb85dc639d5e99c78f95393aa9a5f1170d4,6439.07977,0.948051948051948,2393.760844155844,154,2.1731066460587325,0,1250.2581989999999,1
2025-04-24,Greed,0x75f7eeb85dc639d5e99c78f95393aa9a5f1170d4,1250.2581989999999,0.1724137931034483,2504.40724137931,29,1.2120911793855302,0,1113.013801,1
2025-04-25,Greed,0x75f7eeb85dc639d5e99c78f95393aa9a5f1170d4,1113.013801,0.8282828282828283,777.5432323232324,99,0.7006172839506173,0,3291.144446,1
2025-04-26,Greed,0x75f7eeb85dc639d5e99c78f95393aa9a5f1170d4,3291.144446,0.9734513274336283,1400.3834513274335,113,1.146110056925996,0,471.712989,1
2025-04-27,Greed,0x75f7eeb85dc639d5e99c78f95393aa9a5f1170d4,471.712989,0.6385542168674698,1451.5227710843374,83,1.6328125,0,728.966777,1
2025-04-28,Neutral,0x75f7eeb85dc639d5e99c78f95393aa9a5f1170d4,728.966777,0.6666666666666666,1052.2554545454545,33,0.8968363136176066,0,,0
2024-12-25,Greed,0x7f4f299f74eec87806a830e3caa9afa5f2b9db8f,14.21524,0.75,1688.5525,4,0.7049180327868853,0,0.0,0
2024-12-29,Greed,0x7f4f299f74eec87806a830e3caa9afa5f2b9db8f,0.0,0.0,10819.605,4,0.5227272727272727,0,838.9844760000001,1
2024-12-30,Greed,0x7f4f299f74eec87806a830e3caa9afa5f2b9db8f,838.9844760000001,0.5833333333333334,4069.070833333333,12,1.512396694214876,0,0.0,0
2024-12-31,Greed,0x7f4f299f74eec87806a830e3caa9afa5f2b9db8f,0.0,0.0,8056.83,1,0.8545454545454545,0,0.0,0
2025-01-01,Greed,0x7f4f299f74eec87806a830e3caa9afa5f2b9db8f,0.0,0.0,7555.826666666667,3,2.4285714285714284,0,1008.518954,1
2025-01-02,Greed,0x7f4f299f74eec87806a830e3caa9afa5f2b9db8f,1008.518954,0.5555555555555556,6758.5633333333335,9,0.421259842519685,0,937.789615,1
2025-01-03,Greed,0x7f4f299f74eec87806a830e3caa9afa5f2b9db8f,937.789615,0.6538461538461539,1975.7373076923077,26,0.49852507374631266,0,1093.05677,1
2025-01-05,Greed,0x7f4f299f74eec87806a830e3caa9afa5f2b9db8f,1093.05677,1.0,1828.1614285714284,7,0.3735632183908046,0,1260.832586,1
2025-01-06,Extreme Greed,0x7f4f299f74eec87806a830e3caa9afa5f2b9db8f,1260.832586,1.0,12912.0,1,0.34823529411764703,0,0.0,0
2025-01-07,Extreme Greed,0x7f4f299f74eec87806a830e3caa9afa5f2b9db8f,0.0,0.0,5768.6,1,7.493333333333333,0,0.0,0
2025-01-08,Greed,0x7f4f299f74eec87806a830e3caa9afa5f2b9db8f,0.0,0.0,2146.8445454545454,11,2.5340136054421767,0,0.0,0
2025-01-09,Greed,0x7f4f299f74eec87806a830e3caa9afa5f2b9db8f,0.0,0.0,9563.74,1,0.6261682242990654,0,1621.278931,1
2025-01-13,Greed,0x7f4f299f74eec87806a830e3caa9afa5f2b9db8f,1621.278931,1.0,7545.6675,4,1.4285714285714286,0,1261.448002,1
2025-01-15,Greed,0x7f4f299f74eec87806a830e3caa9afa5f2b9db8f,1261.448002,1.0,11647.74,1,0.5344827586206896,0,0.0,0
2025-01-19,Extreme Greed,0x7f4f299f74eec87806a830e3caa9afa5f2b9db8f,0.0,0.0,99.88,1,1.1584022038567494,0,-869.145978,0
2025-03-24,Neutral,0x7f4f299f74eec87806a830e3caa9afa5f2b9db8f,-869.145978,0.0,8449.470000000001,2,0.2616707616707617,0,0.0,0
2025-03-26,Neutral,0x7f4f299f74eec87806a830e3caa9afa5f2b9db8f,0.0,0.0,5632.456666666668,3,1.030104712041885,0,1130.350383,1
2025-03-28,Fear,0x7f4f299f74eec87806a830e3caa9afa5f2b9db8f,1130.350383,1.0,3004.626666666667,6,2.7333333333333334,0,246.8944,1
2025-04-08,Extreme Fear,0x7f4f299f74eec87806a830e3caa9afa5f2b9db8f,246.8944,0.6153846153846154,2155.8880769230773,26,0.8382066276803118,0,2975.927732,1
2025-04-09,Extreme Fear,0x7f4f299f74eec87806a830e3caa9afa5f2b9db8f,2975.927732,0.4693366708385482,3494.2455444305383,799,0.8007262823422605,0,-372.76464,0
2025-04-10,Fear,0x7f4f299f74eec87806a830e3caa9afa5f2b9db8f,-372.76464,0.26666666666666666,6134.571428571428,105,1.1484848484848484,0,2550.108815,1
2025-04-11,Fear,0x7f4f299f74eec87806a830e3caa9afa5f2b9db8f,2550.108815,0.4874551971326165,2348.0045519713262,279,0.3979591836734694,0,303.170149,1
2025-04-12,Fear,0x7f4f299f74eec87806a830e3caa9afa5f2b9db8f,303.170149,0.575,3633.2355833333336,120,0.6111535523300229,0,355.09,1
2025-04-13,Neutral,0x7f4f299f74eec87806a830e3caa9afa5f2b9db8f,355.09,0.10638297872340426,4544.766489361702,94,1.2697594501718212,0,425.687612,1
2025-04-17,Fear,0x7f4f299f74eec87806a830e3caa9afa5f2b9db8f,425.687612,0.47058823529411764,7388.688823529412,34,0.49420289855072463,0,119.0,1
2025-04-22,Neutral,0x7f4f299f74eec87806a830e3caa9afa5f2b9db8f,119.0,0.8,36540.202000000005,5,0.899873257287706,2,,0
2024-12-17,Extreme Greed,0x8170715b3b381dffb7062c0298972d4727a0a63b,0.0,0.0,2142.7757142857145,14,0.7807339449541284,0,0.0,0
2024-12-18,Extreme Greed,0x8170715b3b381dffb7062c0298972d4727a0a63b,0.0,0.0,4999.94,1,1.0014005602240896,0,453.853206,1
2024-12-27,Greed,0x8170715b3b381dffb7062c0298972d4727a0a63b,453.853206,0.1724137931034483,862.0348275862068,29,1.113821138211382,0,343.092145,1
2024-12-28,Greed,0x8170715b3b381dffb7062c0298972d4727a0a63b,343.092145,1.0,4999.89,1,0.5480769230769231,0,768.814445,1
2024-12-29,Greed,0x8170715b3b381dffb7062c0298972d4727a0a63b,768.814445,1.0,1918.2925,4,0.5227272727272727,0,1211.511836,1
2024-12-30,Greed,0x8170715b3b381dffb7062c0298972d4727a0a63b,1211.511836,1.0,946.8850000000001,6,1.512396694214876,0,306.563532,1
2024-12-31,Greed,0x8170715b3b381dffb7062c0298972d4727a0a63b,306.563532,1.0,342.82,3,0.8545454545454545,0,739.18423,1
2025-01-02,Greed,0x8170715b3b381dffb7062c0298972d4727a0a63b,739.18423,1.0,1004.1633333333334,3,0.421259842519685,0,-179.521683,0
2025-01-22,Extreme Greed,0x8170715b3b381dffb7062c0298972d4727a0a63b,-179.521683,0.0,1873.8216666666667,6,0.5551401869158878,0,-18956.391598000002,0
2025-01-25,Extreme Greed,0x8170715b3b381dffb7062c0298972d4727a0a63b,-18956.391598000002,0.1724137931034483,4484.771379310345,29,1.649214659685864,0,0.0,0
2025-01-26,Greed,0x8170715b3b381dffb7062c0298972d4727a0a63b,0.0,0.0,961.5796153846154,26,0.64,0,0.0,0
2025-01-27,Greed,0x8170715b3b381dffb7062c0298972d4727a0a63b,0.0,0.0,681.8109090909091,22,1.9391634980988592,0,0.0,0
2025-01-28,Greed,0x8170715b3b381dffb7062c0298972d4727a0a63b,0.0,0.0,588.2223529411765,17,0.4604105571847507,0,0.0,0
2025-01-29,Greed,0x8170715b3b381dffb7062c0298972d4727a0a63b,0.0,0.0,999.9485714285714,7,0.9279661016949152,0,0.0,0
2025-01-30,Greed,0x8170715b3b381dffb7062c0298972d4727a0a63b,0.0,0.0,486.4764864864865,37,0.33375,0,0.0,0
2025-01-31,Extreme Greed,0x8170715b3b381dffb7062c0298972d4727a0a63b,0.0,0.0,625.6752083333333,48,0.4660894660894661,0,0.0,0
2025-02-01,Greed,0x8170715b3b381dffb7062c0298972d4727a0a63b,0.0,0.0,773.4088888888889,18,1.24822695035461,0,0.0,0
2025-02-02,Greed,0x8170715b3b381dffb7062c0298972d4727a0a63b,0.0,0.0,1333.3373333333334,30,1.713991769547325,0,13770.715332,1
2025-02-03,Fear,0x8170715b3b381dffb7062c0298972d4727a0a63b,13770.715332,0.8067226890756303,355.00016806722687,119,0.8463925523661753,0,0.0,0
2025-02-04,Greed,0x8170715b3b381dffb7062c0298972d4727a0a63b,0.0,0.0,676.7046666666666,45,0.8349159970781592,0,0.0,0
2025-02-05,Neutral,0x8170715b3b381dffb7062c0298972d4727a0a63b,0.0,0.0,599.9928,25,1.1332236842105263,0,0.0,0
2025-02-06,Neutral,0x8170715b3b381dffb7062c0298972d4727a0a63b,0.0,0.0,470.57411764705876,17,2.153703703703704,0,0.0,0
2025-02-07,Fear,0x8170715b3b381dffb7062c0298972d4727a0a63b,0.0,0.0,666.651111111111,9,1.687830687830688,0,0.0,0
2025-02-08,Fear,0x8170715b3b381dffb7062c0298972d4727a0a63b,0.0,0.0,999.984,5,3.6370967741935485,0,0.0,0
2025-02-09,Neutral,0x8170715b3b381dffb7062c0298972d4727a0a63b,0.0,0.0,137.93471264367815,87,1.2738095238095237,0,24.634532000000036,1
2025-02-10,Fear,0x8170715b3b381dffb7062c0298972d4727a0a63b,24.634532000000036,0.3411764705882353,698.8723529411765,85,0.6805293005671077,0,0.0,0
2025-02-11,Neutral,0x8170715b3b381dffb7062c0298972d4727a0a63b,0.0,0.0,769.2253846153847,13,0.7448559670781894,0,0.0,0
2025-02-12,Neutral,0x8170715b3b381dffb7062c0298972d4727a0a63b,0.0,0.0,1086.9421739130435,23,0.6496,0,-3556.3882559999997,0
2025-02-13,Neutral,0x8170715b3b381dffb7062c0298972d4727a0a63b,-3556.3882559999997,0.0,947.7369565217392,46,0.7631917631917632,0,8781.96,1
2025-02-14,Neutral,0x8170715b3b381dffb7062c0298972d4727a0a63b,8781.96,0.26366559485530544,2726.2494855305467,311,0.47373107747105964,0,35346.87108,1
2025-02-15,Neutral,0x8170715b3b381dffb7062c0298972d4727a0a63b,35346.87108,0.8603351955307262,2418.771340782123,179,1.5961002785515321,0,0.0,0
2025-02-16,Neutral,0x8170715b3b381dffb7062c0298972d4727a0a63b,0.0,0.0,3333.296666666667,3,1.0267857142857142,0,0.0,0
2025-02-17,Neutral,0x8170715b3b381dffb7062c0298972d4727a0a63b,0.0,0.0,2503.1749999999997,6,1.9591194968553458,0,0.0,0
2025-02-18,Neutral,0x8170715b3b381dffb7062c0298972d4727a0a63b,0.0,0.0,1923.0538461538463,13,1.6816,0,0.0,0
2025-02-19,Fear,0x8170715b3b381dffb7062c0298972d4727a0a63b,0.0,0.0,882.3423529411765,17,1.738430583501006,0,0.0,0
2025-02-20,Neutral,0x8170715b3b381dffb7062c0298972d4727a0a63b,0.0,0.0,1129.0251612903226,31,0.6437908496732027,0,0.0,0
2025-02-21,Greed,0x8170715b3b381dffb7062c0298972d4727a0a63b,0.0,0.0,657.8865789473684,38,0.6589902568644819,0,0.0,0
2025-02-23,Neutral,0x8170715b3b381dffb7062c0298972d4727a0a63b,0.0,0.0,1249.98,4,1.1940928270042195,0,8698.883848,1
2025-02-25,Fear,0x8170715b3b381dffb7062c0298972d4727a0a63b,8698.883848,1.0,641.0223076923077,39,2.1074626865671644,0,2225.835732,1
2025-02-26,Extreme Fear,0x8170715b3b381dffb7062c0298972d4727a0a63b,2225.835732,1.0,4999.92,1,0.49049429657794674,0,3309.75,1
2025-02-28,Extreme Fear,0x8170715b3b381dffb7062c0298972d4727a0a63b,3309.75,1.0,714.2857142857143,7,1.0838445807770962,0,0.0,0
2025-03-02,Fear,0x8170715b3b381dffb7062c0298972d4727a0a63b,0.0,0.0,2499.975,2,1.062015503875969,0,0.0,0
2025-03-03,Fear,0x8170715b3b381dffb7062c0298972d4727a0a63b,0.0,0.0,624.99375,8,2.5883777239709445,0,6939.47356,1
2025-03-04,Extreme Fear,0x8170715b3b381dffb7062c0298972d4727a0a63b,6939.47356,0.8125,937.494375,16,2.672782874617737,0,0.0,0
2025-03-07,Fear,0x8170715b3b381dffb7062c0298972d4727a0a63b,0.0,0.0,12499.980833333333,12,0.9260377358490566,0,0.0,0
2025-03-08,Fear,0x8170715b3b381dffb7062c0298972d4727a0a63b,0.0,0.0,2631.5215789473687,38,1.1950207468879668,0,3677.4965580000003,1
2025-03-09,Fear,0x8170715b3b381dffb7062c0298972d4727a0a63b,3677.4965580000003,1.0,999.99,5,1.9936842105263157,0,4297.3227640000005,1
2025-03-10,Extreme Fear,0x8170715b3b381dffb7062c0298972d4727a0a63b,4297.3227640000005,0.35714285714285715,3928.565714285714,14,1.1707680835197614,0,0.0,0
2025-03-11,Extreme Fear,0x8170715b3b381dffb7062c0298972d4727a0a63b,0.0,0.0,624.9925000000001,8,1.8181818181818181,0,-2493.849701,0
2025-03-12,Fear,0x8170715b3b381dffb7062c0298972d4727a0a63b,-2493.849701,0.0,4999.932727272728,11,0.7096079276174063,0,0.0,0
2025-03-13,Neutral,0x8170715b3b381dffb7062c0298972d4727a0a63b,0.0,0.0,1891.8805405405406,37,0.9473684210526315,0,584.05178,1
2025-03-14,Fear,0x8170715b3b381dffb7062c0298972d4727a0a63b,584.05178,1.0,9999.89,1,0.15525352848928384,0,763.755281,1
2025-03-15,Neutral,0x8170715b3b381dffb7062c0298972d4727a0a63b,763.755281,0.16666666666666666,2222.1133333333332,18,1.439252336448598,0,8368.226125000001,1
2025-03-16,Fear,0x8170715b3b381dffb7062c0298972d4727a0a63b,8368.226125000001,0.8571428571428571,2856.945714285714,7,1.345132743362832,0,0.0,0
2025-03-17,Fear,0x8170715b3b381dffb7062c0298972d4727a0a63b,0.0,0.0,1527.7720833333333,72,1.105263157894737,0,0.0,0
2025-03-18,Fear,0x8170715b3b381dffb7062c0298972d4727a0a63b,0.0,0.0,1274.653559322034,59,0.691683569979716,0,3036.68886,1
2025-03-19,Fear,0x8170715b3b381dffb7062c0298972d4727a0a63b,3036.68886,0.08256880733944955,1511.8720183486237,109,0.5367016205910391,0,652.062115,1
2025-03-20,Neutral,0x8170715b3b381dffb7062c0298972d4727a0a63b,652.062115,0.25,7589.970833333334,12,0.44652908067542213,0,3082.76165,1
2025-03-22,Fear,0x8170715b3b381dffb7062c0298972d4727a0a63b,3082.76165,1.0,526.312105263158,19,0.7092651757188498,0,3464.777168,1
2025-03-23,Fear,0x8170715b3b381dffb7062c0298972d4727a0a63b,3464.777168,1.0,4999.96,2,1.8471337579617835,0,2838.532396,1
2025-03-24,Neutral,0x8170715b3b381dffb7062c0298972d4727a0a63b,2838.532396,0.8723404255319149,2021.1748936170213,47,0.2616707616707617,0,2164.09548,1
2025-03-25,Neutral,0x8170715b3b381dffb7062c0298972d4727a0a63b,2164.09548,1.0,6666.248333333334,6,1.1436314363143631,0,619.572648,1
2025-03-26,Neutral,0x8170715b3b381dffb7062c0298972d4727a0a63b,619.572648,1.0,9998.76,1,1.030104712041885,0,26714.79759,1
2025-03-27,Fear,0x8170715b3b381dffb7062c0298972d4727a0a63b,26714.79759,0.96875,1071.89515625,64,1.5241157556270097,0,13956.614828,1
2025-03-28,Fear,0x8170715b3b381dffb7062c0298972d4727a0a63b,13956.614828,1.0,1137.9037931034482,29,2.7333333333333334,0,19573.830158,1
2025-03-29,Fear,0x8170715b3b381dffb7062c0298972d4727a0a63b,19573.830158,0.5116279069767442,1162.7798837209302,86,1.1114827201783724,0,9683.820194,1
2025-03-30,Fear,0x8170715b3b381dffb7062c0298972d4727a0a63b,9683.820194,0.4838709677419355,2259.391935483871,31,5.311111111111111,0,5544.028638,1
2025-03-31,Fear,0x8170715b3b381dffb7062c0298972d4727a0a63b,5544.028638,0.75,4999.98625,8,0.7615658362989324,0,4004.50286,1
2025-04-01,Fear,0x8170715b3b381dffb7062c0298972d4727a0a63b,4004.50286,0.9230769230769231,9495.466153846153,13,0.92,0,8045.056928,1
2025-04-02,Fear,0x8170715b3b381dffb7062c0298972d4727a0a63b,8045.056928,1.0,2142.8557142857144,7,0.1350210970464135,0,0.0,0
2025-04-03,Fear,0x8170715b3b381dffb7062c0298972d4727a0a63b,0.0,0.0,5629.0912941176475,85,1.207070707070707,0,4805.345609999999,1
2025-04-04,Fear,0x8170715b3b381dffb7062c0298972d4727a0a63b,4805.345609999999,0.10294117647058823,932.0805882352942,68,0.6455368693402329,0,17621.701092,1
2025-04-06,Fear,0x8170715b3b381dffb7062c0298972d4727a0a63b,17621.701092,0.5714285714285714,13571.328571428572,14,1.8324324324324324,0,0.0,0
2025-04-07,Extreme Fear,0x8170715b3b381dffb7062c0298972d4727a0a63b,0.0,0.0,2744.2062745098037,51,1.0114367405289493,0,0.0,0
2025-04-08,Extreme Fear,0x8170715b3b381dffb7062c0298972d4727a0a63b,0.0,0.0,18749.877500000002,8,0.8382066276803118,0,-4058.8889249999997,0
2025-04-09,Extreme Fear,0x8170715b3b381dffb7062c0298972d4727a0a63b,-4058.8889249999997,0.3333333333333333,8168.482037037037,54,0.8007262823422605,0,4596.960442,1
2025-04-10,Fear,0x8170715b3b381dffb7062c0298972d4727a0a63b,4596.960442,0.4943820224719101,3151.4488764044945,89,1.1484848484848484,0,-9584.869233000001,0
2025-04-11,Fear,0x8170715b3b381dffb7062c0298972d4727a0a63b,-9584.869233000001,0.0,2846.985294117647,238,0.3979591836734694,0,0.0,0
2025-04-12,Fear,0x8170715b3b381dffb7062c0298972d4727a0a63b,0.0,0.0,2727.2445454545455,22,0.6111535523300229,0,0.0,0
2025-04-13,Neutral,0x8170715b3b381dffb7062c0298972d4727a0a63b,0.0,0.0,2222.144444444444,18,1.2697594501718212,0,3204.26268,1
2025-04-15,Fear,0x8170715b3b381dffb7062c0298972d4727a0a63b,3204.26268,1.0,2727.2429870129868,77,0.4371029224904701,0,912.29492,1
2025-04-16,Fear,0x8170715b3b381dffb7062c0298972d4727a0a63b,912.29492,0.02564102564102564,3846.1415384615384,39,1.0802069857697283,0,0.0,0
2025-04-17,Fear,0x8170715b3b381dffb7062c0298972d4727a0a63b,0.0,0.0,1979.1661458333335,96,0.49420289855072463,0,0.0,0
2025-04-18,Fear,0x8170715b3b381dffb7062c0298972d4727a0a63b,0.0,0.0,3541.02152173913,46,0.6628621597892889,0,0.0,0
2025-04-19,Fear,0x8170715b3b381dffb7062c0298972d4727a0a63b,0.0,0.0,3511.545208333333,96,0.5590374930050364,0,0.0,0
2025-04-21,Fear,0x8170715b3b381dffb7062c0298972d4727a0a63b,0.0,0.0,2652.518888888889,18,0.5421903052064632,0,0.0,0
2025-04-22,Neutral,0x8170715b3b381dffb7062c0298972d4727a0a63b,0.0,0.0,3515.344081632653,49,0.899873257287706,0,-358963.139984,0
2025-04-23,Greed,0x8170715b3b381dffb7062c0298972d4727a0a63b,-358963.139984,0.6827697262479872,2010.350297906602,1242,2.1731066460587325,0,398.646746,1
2025-04-24,Greed,0x8170715b3b381dffb7062c0298972d4727a0a63b,398.646746,0.5517241379310345,1319.3956896551724,58,1.2120911793855302,0,-1335.115406,0
2025-04-25,Greed,0x8170715b3b381dffb7062c0298972d4727a0a63b,-1335.115406,0.05128205128205128,1526.0666666666666,39,0.7006172839506173,0,-3925.864943,0
2025-04-26,Greed,0x8170715b3b381dffb7062c0298972d4727a0a63b,-3925.864943,0.0,2147.34125,16,1.146110056925996,0,-99.444041,0
2025-04-27,Greed,0x8170715b3b381dffb7062c0298972d4727a0a63b,-99.444041,0.0,768.4525,12,1.6328125,0,,0
2024-11-29,Extreme Greed,0x8381e6d82f1affd39a336e143e081ef7620a3b7f,0.0,0.0,668.3,3,0.6040816326530613,0,0.0,0
2024-12-01,Extreme Greed,0x8381e6d82f1affd39a336e143e081ef7620a3b7f,0.0,0.0,999.5866666666667,3,0.5294117647058824,0,0.0,0
2024-12-02,Extreme Greed,0x8381e6d82f1affd39a336e143e081ef7620a3b7f,0.0,0.0,340.65333333333336,6,1.368421052631579,0,33.26141600000001,1
2024-12-04,Extreme Greed,0x8381e6d82f1affd39a336e143e081ef7620a3b7f,33.26141600000001,0.2,669.609,10,0.4304932735426009,0,0.0,0
2024-12-05,Extreme Greed,0x8381e6d82f1affd39a336e143e081ef7620a3b7f,0.0,0.0,294.265,2,0.7272727272727273,0,0.0,0
2024-12-06,Greed,0x8381e6d82f1affd39a336e143e081ef7620a3b7f,0.0,0.0,292.11,1,1.0353535353535352,0,0.0,0
2024-12-07,Extreme Greed,0x8381e6d82f1affd39a336e143e081ef7620a3b7f,0.0,0.0,1021.2966666666667,3,0.5670103092783505,0,-21.54374,0
2024-12-08,Extreme Greed,0x8381e6d82f1affd39a336e143e081ef7620a3b7f,-21.54374,0.0,984.758,5,0.24260355029585798,0,0.0,0
2024-12-09,Extreme Greed,0x8381e6d82f1affd39a336e143e081ef7620a3b7f,0.0,0.0,440.95,4,5.416666666666667,0,0.0,0
2024-12-10,Extreme Greed,0x8381e6d82f1affd39a336e143e081ef7620a3b7f,0.0,0.0,587.97,1,0.4971857410881801,0,0.0,0
2024-12-13,Extreme Greed,0x8381e6d82f1affd39a336e143e081ef7620a3b7f,0.0,0.0,128.88333333333333,3,1.3601609657947686,0,0.0,0
2024-12-15,Extreme Greed,0x8381e6d82f1affd39a336e143e081ef7620a3b7f,0.0,0.0,739.626,5,1.9982332155477032,0,0.0,0
2024-12-19,Extreme Greed,0x8381e6d82f1affd39a336e143e081ef7620a3b7f,0.0,0.0,1399.11,1,0.5617399438727783,0,0.0,0
2024-12-22,Greed,0x8381e6d82f1affd39a336e143e081ef7620a3b7f,0.0,0.0,2815.79,1,1.3742331288343559,0,0.0,0
2024-12-23,Greed,0x8381e6d82f1affd39a336e143e081ef7620a3b7f,0.0,0.0,2855.656666666667,6,0.7902364607170099,0,0.0,0
2024-12-26,Extreme Greed,0x8381e6d82f1affd39a336e143e081ef7620a3b7f,0.0,0.0,1914.0,2,1.1512345679012346,0,0.0,0
2025-01-01,Greed,0x8381e6d82f1affd39a336e143e081ef7620a3b7f,0.0,0.0,200.802,5,2.4285714285714284,0,0.0,0
2025-01-04,Greed,0x8381e6d82f1affd39a336e143e081ef7620a3b7f,0.0,0.0,710.865,2,0.2576271186440678,0,0.0,0
2025-01-05,Greed,0x8381e6d82f1affd39a336e143e081ef7620a3b7f,0.0,0.0,456.83,1,0.3735632183908046,0,0.0,0
2025-01-09,Greed,0x8381e6d82f1affd39a336e143e081ef7620a3b7f,0.0,0.0,1509.6399999999999,4,0.6261682242990654,0,0.0,0
2025-01-18,Extreme Greed,0x8381e6d82f1affd39a336e143e081ef7620a3b7f,0.0,0.0,2950.0099999999998,7,1.1845637583892616,0,0.0,0
2025-01-25,Extreme Greed,0x8381e6d82f1affd39a336e143e081ef7620a3b7f,0.0,0.0,3223.1059999999998,25,1.649214659685864,0,38294.693499,1
2025-01-26,Greed,0x8381e6d82f1affd39a336e143e081ef7620a3b7f,38294.693499,0.6666666666666666,7578.344634146341,123,0.64,0,0.0,0
2025-01-27,Greed,0x8381e6d82f1affd39a336e143e081ef7620a3b7f,0.0,0.0,4443.99,2,1.9391634980988592,0,0.0,0
2025-02-02,Greed,0x8381e6d82f1affd39a336e143e081ef7620a3b7f,0.0,0.0,1943.7873684210526,19,1.713991769547325,0,0.0,0
2025-02-03,Fear,0x8381e6d82f1affd39a336e143e081ef7620a3b7f,0.0,0.0,2351.285,8,0.8463925523661753,0,9167.620989,1
2025-02-04,Greed,0x8381e6d82f1affd39a336e143e081ef7620a3b7f,9167.620989,0.47115384615384615,58124.15365384616,104,0.8349159970781592,2,1843.301845,1
2025-02-05,Neutral,0x8381e6d82f1affd39a336e143e081ef7620a3b7f,1843.301845,0.3853211009174312,2347.8439143730884,327,1.1332236842105263,0,71.77363,1
2025-02-06,Neutral,0x8381e6d82f1affd39a336e143e081ef7620a3b7f,71.77363,0.23353293413173654,1881.207604790419,167,2.153703703703704,0,1259.5314,1
2025-02-09,Neutral,0x8381e6d82f1affd39a336e143e081ef7620a3b7f,1259.5314,0.22330097087378642,6879.689611650486,103,1.2738095238095237,0,0.0,0
2025-02-10,Fear,0x8381e6d82f1affd39a336e143e081ef7620a3b7f,0.0,0.0,1089.435,10,0.6805293005671077,0,109.90750199999998,1
2025-02-11,Neutral,0x8381e6d82f1affd39a336e143e081ef7620a3b7f,109.90750199999998,0.3791469194312796,2385.7656398104264,211,0.7448559670781894,0,2760.439779,1
2025-02-12,Neutral,0x8381e6d82f1affd39a336e143e081ef7620a3b7f,2760.439779,0.7037037037037037,12390.793456790123,81,0.6496,0,1998.702085,1
2025-02-13,Neutral,0x8381e6d82f1affd39a336e143e081ef7620a3b7f,1998.702085,1.0,2039.3888095238096,42,0.7631917631917632,0,27.247837999999998,1
2025-02-14,Neutral,0x8381e6d82f1affd39a336e143e081ef7620a3b7f,27.247837999999998,0.275,445.2165,40,0.47373107747105964,0,559.647247,1
2025-02-16,Neutral,0x8381e6d82f1affd39a336e143e081ef7620a3b7f,559.647247,0.425,1368.858375,80,1.0267857142857142,0,64.346683,1
2025-02-17,Neutral,0x8381e6d82f1affd39a336e143e081ef7620a3b7f,64.346683,0.1619047619047619,1112.2542857142857,105,1.9591194968553458,0,3981.044269,1
2025-02-18,Neutral,0x8381e6d82f1affd39a336e143e081ef7620a3b7f,3981.044269,0.15254237288135594,1466.1342937853108,177,1.6816,0,8995.13393,1
2025-02-21,Greed,0x8381e6d82f1affd39a336e143e081ef7620a3b7f,8995.13393,1.0,15859.55,8,0.6589902568644819,0,0.0,0
2025-02-23,Neutral,0x8381e6d82f1affd39a336e143e081ef7620a3b7f,0.0,0.0,472.709,40,1.1940928270042195,0,0.0,0
2025-02-24,Neutral,0x8381e6d82f1affd39a336e143e081ef7620a3b7f,0.0,0.0,1894.8688636363636,44,1.3786531130876747,0,0.0,0
2025-02-25,Fear,0x8381e6d82f1affd39a336e143e081ef7620a3b7f,0.0,0.0,3685.7825,4,2.1074626865671644,0,0.0,0
2025-03-26,Neutral,0x8381e6d82f1affd39a336e143e081ef7620a3b7f,0.0,0.0,1134.46,1,1.030104712041885,0,-4968.487948,0
2025-04-07,Extreme Fear,0x8381e6d82f1affd39a336e143e081ef7620a3b7f,-4968.487948,0.0,7609.877692307693,26,1.0114367405289493,0,142.99159,1
2025-04-08,Extreme Fear,0x8381e6d82f1affd39a336e143e081ef7620a3b7f,142.99159,0.43478260869565216,3984.7504347826084,23,0.8382066276803118,0,0.0,0
2025-04-11,Fear,0x8381e6d82f1affd39a336e143e081ef7620a3b7f,0.0,0.0,6864.066666666667,3,0.3979591836734694,0,202.27562,1
2025-04-12,Fear,0x8381e6d82f1affd39a336e143e081ef7620a3b7f,202.27562,1.0,2599.29625,8,0.6111535523300229,0,56.13971,1
2025-04-19,Fear,0x8381e6d82f1affd39a336e143e081ef7620a3b7f,56.13971,0.5,665.6886363636363,22,0.5590374930050364,0,284.16768,1
2025-04-22,Neutral,0x8381e6d82f1affd39a336e143e081ef7620a3b7f,284.16768,0.5,66188.125,2,0.899873257287706,2,0.0,0
2025-04-23,Greed,0x8381e6d82f1affd39a336e143e081ef7620a3b7f,0.0,0.0,17801.63,4,2.1731066460587325,0,505.40523,1
2025-04-26,Greed,0x8381e6d82f1affd39a336e143e081ef7620a3b7f,505.40523,0.3333333333333333,23903.97666666667,3,1.146110056925996,2,33.061386999999996,1
2025-04-27,Greed,0x8381e6d82f1affd39a336e143e081ef7620a3b7f,33.061386999999996,0.15384615384615385,1032.253846153846,13,1.6328125,0,0.0,0
2025-04-28,Neutral,0x8381e6d82f1affd39a336e143e081ef7620a3b7f,0.0,0.0,799.756,10,0.8968363136176066,0,112.996265,1
2025-04-29,Greed,0x8381e6d82f1affd39a336e143e081ef7620a3b7f,112.996265,1.0,8110.65,1,0.9710017574692443,0,,0
2024-05-23,Extreme Greed,0x8477e447846c758f5a675856001ea72298fd9cb5,413.347329,0.47540983606557374,1074.7592786885245,305,1.3897058823529411,0,14.126038999999999,1
2024-05-25,Extreme Greed,0x8477e447846c758f5a675856001ea72298fd9cb5,14.126038999999999,0.35714285714285715,355.9985714285714,14,0.7777777777777778,0,5.2257,1
2024-05-26,Extreme Greed,0x8477e447846c758f5a675856001ea72298fd9cb5,5.2257,0.2857142857142857,459.03142857142853,7,0.14285714285714285,0,1129.35587,1
2024-05-27,Greed,0x8477e447846c758f5a675856001ea72298fd9cb5,1129.35587,0.35856573705179284,602.0546613545816,251,0.5886075949367089,0,277.791953,1
2024-05-29,Greed,0x8477e447846c758f5a675856001ea72298fd9cb5,277.791953,0.4276729559748428,337.7447798742138,159,0.6907216494845361,0,20.951433,1
2024-05-30,Greed,0x8477e447846c758f5a675856001ea72298fd9cb5,20.951433,0.7142857142857143,405.4414285714286,7,2.5,0,25.35812,1
2024-05-31,Greed,0x8477e447846c758f5a675856001ea72298fd9cb5,25.35812,0.3076923076923077,279.70307692307694,13,0.4444444444444444,0,91.510419,1
2024-06-01,Greed,0x8477e447846c758f5a675856001ea72298fd9cb5,91.510419,0.36,513.3848,25,0.5625,0,192.906947,1
2024-06-02,Greed,0x8477e447846c758f5a675856001ea72298fd9cb5,192.906947,0.3655913978494624,316.822688172043,93,0.576271186440678,0,562.808208,1
2024-06-03,Greed,0x8477e447846c758f5a675856001ea72298fd9cb5,562.808208,0.6285714285714286,306.66942857142857,70,1.6923076923076923,0,52.211438,1
2024-06-04,Greed,0x8477e447846c758f5a675856001ea72298fd9cb5,52.211438,0.4716981132075472,457.42283018867926,53,0.8928571428571429,0,56.055506,1
2024-06-05,Extreme Greed,0x8477e447846c758f5a675856001ea72298fd9cb5,56.055506,0.2962962962962963,469.4587037037037,54,0.4594594594594595,0,274.173187,1
2024-06-06,Extreme Greed,0x8477e447846c758f5a675856001ea72298fd9cb5,274.173187,0.42735042735042733,587.8536752136753,234,0.7727272727272727,0,1573.244278,1
2024-06-07,Extreme Greed,0x8477e447846c758f5a675856001ea72298fd9cb5,1573.244278,0.39037433155080214,832.9677272727273,374,0.6988416988416989,0,129.13883900000002,1
2024-06-08,Greed,0x8477e447846c758f5a675856001ea72298fd9cb5,129.13883900000002,0.36363636363636365,2379.510454545454,22,2.625,0,31.266804999999998,1
2024-06-10,Greed,0x8477e447846c758f5a675856001ea72298fd9cb5,31.266804999999998,0.3673469387755102,460.97204081632657,49,0.7096774193548387,0,51.081143,1
2024-06-11,Greed,0x8477e447846c758f5a675856001ea72298fd9cb5,51.081143,0.3333333333333333,696.6096296296296,27,12.666666666666666,0,-21886.531493,0
2024-06-12,Greed,0x8477e447846c758f5a675856001ea72298fd9cb5,-21886.531493,0.0967741935483871,884.2718433179723,217,0.8273381294964028,0,1859.269477,1
2024-07-17,Greed,0x8477e447846c758f5a675856001ea72298fd9cb5,1859.269477,0.43283582089552236,1346.5090746268656,335,0.7908163265306123,0,1233.9043470000001,1
2024-07-18,Greed,0x8477e447846c758f5a675856001ea72298fd9cb5,1233.9043470000001,1.0,1049.82,7,inf,0,35.79975,1
2024-07-19,Greed,0x8477e447846c758f5a675856001ea72298fd9cb5,35.79975,0.14285714285714285,592.3885714285715,7,0.045454545454545456,0,2169.508265,1
2024-07-20,Greed,0x8477e447846c758f5a675856001ea72298fd9cb5,2169.508265,0.11284046692607004,562.1888715953307,257,0.18222222222222223,0,-2960.716887,0
2024-07-21,Greed,0x8477e447846c758f5a675856001ea72298fd9cb5,-2960.716887,0.04719101123595506,427.66804494382023,445,1.1435406698564594,0,-756.173134,0
2024-07-22,Greed,0x8477e447846c758f5a675856001ea72298fd9cb5,-756.173134,0.06766917293233082,593.273909774436,133,2.019607843137255,0,1805.309858,1
2024-07-23,Greed,0x8477e447846c758f5a675856001ea72298fd9cb5,1805.309858,0.7194244604316546,640.1771942446044,139,0.5879828326180258,0,625.561479,1
2024-07-24,Greed,0x8477e447846c758f5a675856001ea72298fd9cb5,625.561479,0.6206896551724138,1215.0548275862068,29,1.5,0,341.250124,1
2024-07-26,Greed,0x8477e447846c758f5a675856001ea72298fd9cb5,341.250124,0.2882882882882883,1316.2212612612611,111,0.3944954128440367,0,0.0,0
2024-07-27,Greed,0x8477e447846c758f5a675856001ea72298fd9cb5,0.0,0.0,888.552,5,0.1875,0,587.29903,1
2024-07-28,Greed,0x8477e447846c758f5a675856001ea72298fd9cb5,587.29903,0.9230769230769231,865.7684615384616,13,15.0,0,217.857529,1
2024-07-29,Greed,0x8477e447846c758f5a675856001ea72298fd9cb5,217.857529,0.3333333333333333,1797.1860000000001,15,0.8571428571428571,0,765.690884,1
2024-07-31,Greed,0x8477e447846c758f5a675856001ea72298fd9cb5,765.690884,0.35,1112.535,40,0.6538461538461539,0,167.080017,1
2024-08-01,Neutral,0x8477e447846c758f5a675856001ea72298fd9cb5,167.080017,0.11764705882352941,1432.7749999999999,34,4.7,0,228.247701,1
2024-08-02,Greed,0x8477e447846c758f5a675856001ea72298fd9cb5,228.247701,0.8,1984.4720000000002,15,2.0,0,464.1897,1
2024-08-03,Fear,0x8477e447846c758f5a675856001ea72298fd9cb5,464.1897,1.0,4534.09,1,36.0,0,109.005815,1
2024-08-04,Fear,0x8477e447846c758f5a675856001ea72298fd9cb5,109.005815,0.17647058823529413,2129.0517647058823,17,0.8955223880597015,0,160.44369899999998,1
2024-08-05,Fear,0x8477e447846c758f5a675856001ea72298fd9cb5,160.44369899999998,0.4117647058823529,2357.7947058823524,17,1.0512820512820513,0,151.092375,1
2024-08-09,Neutral,0x8477e447846c758f5a675856001ea72298fd9cb5,151.092375,0.2463768115942029,635.3107246376812,69,0.6,0,0.0,0
2024-08-20,Fear,0x8477e447846c758f5a675856001ea72298fd9cb5,0.0,0.0,1874.2325,4,0.7142857142857143,0,656.200925,1
2024-08-21,Fear,0x8477e447846c758f5a675856001ea72298fd9cb5,656.200925,0.3776223776223776,720.2106993006994,143,0.6292134831460674,0,10.882801,1
2024-08-31,Fear,0x8477e447846c758f5a675856001ea72298fd9cb5,10.882801,0.5,312.76375,24,0.4782608695652174,0,137.433093,1
2024-09-01,Fear,0x8477e447846c758f5a675856001ea72298fd9cb5,137.433093,0.4166666666666667,1029.9733333333334,12,1.4,0,160.095271,1
2024-10-20,Greed,0x8477e447846c758f5a675856001ea72298fd9cb5,160.095271,0.06666666666666667,624.6905555555555,90,0.07865168539325842,0,2464.915564,1
2024-10-21,Greed,0x8477e447846c758f5a675856001ea72298fd9cb5,2464.915564,0.41975308641975306,1074.6531481481481,162,0.8404255319148937,0,801.170876,1
2024-10-29,Greed,0x8477e447846c758f5a675856001ea72298fd9cb5,801.170876,0.1875,668.305625,16,0.06,0,9.150023,1
2024-10-30,Extreme Greed,0x8477e447846c758f5a675856001ea72298fd9cb5,9.150023,0.28,473.23400000000004,25,0.47058823529411764,0,451.122034,1
2024-10-31,Extreme Greed,0x8477e447846c758f5a675856001ea72298fd9cb5,451.122034,1.0,1143.8036363636363,11,7.0,0,102.90894,1
2024-11-09,Extreme Greed,0x8477e447846c758f5a675856001ea72298fd9cb5,102.90894,0.24675324675324675,563.4285714285714,77,1.606060606060606,0,442.748384,1
2024-11-10,Extreme Greed,0x8477e447846c758f5a675856001ea72298fd9cb5,442.748384,0.27439024390243905,1361.297987804878,164,0.384,0,4876.874304,1
2024-11-11,Extreme Greed,0x8477e447846c758f5a675856001ea72298fd9cb5,4876.874304,0.45930232558139533,1907.2104069767443,172,0.33691756272401435,0,1441.27965,1
2024-11-12,Extreme Greed,0x8477e447846c758f5a675856001ea72298fd9cb5,1441.27965,0.24175824175824176,1631.5342857142857,91,1.3424657534246576,0,48.000187,1
2024-11-13,Extreme Greed,0x8477e447846c758f5a675856001ea72298fd9cb5,48.000187,0.5,1653.81,4,0.5,0,0.0,0
2024-11-15,Extreme Greed,0x8477e447846c758f5a675856001ea72298fd9cb5,0.0,0.0,555.8050000000001,2,1.5689655172413792,0,870.746565,1
2024-11-16,Extreme Greed,0x8477e447846c758f5a675856001ea72298fd9cb5,870.746565,0.4,674.5303333333334,30,0.9625,0,175.061007,1
2024-11-17,Extreme Greed,0x8477e447846c758f5a675856001ea72298fd9cb5,175.061007,0.35,979.567,20,0.5367647058823529,0,431.960709,1
2024-11-18,Extreme Greed,0x8477e447846c758f5a675856001ea72298fd9cb5,431.960709,0.34177215189873417,968.6977215189872,79,0.5656108597285068,0,906.2475900000001,1
2024-11-19,Extreme Greed,0x8477e447846c758f5a675856001ea72298fd9cb5,906.2475900000001,0.4642857142857143,1511.193392857143,56,1.103448275862069,0,447.920315,1
2024-11-20,Extreme Greed,0x8477e447846c758f5a675856001ea72298fd9cb5,447.920315,0.4375,2027.2915625,32,0.7973856209150327,0,0.0,0
2024-11-21,Extreme Greed,0x8477e447846c758f5a675856001ea72298fd9cb5,0.0,0.0,1398.0726315789473,57,0.7833333333333333,0,365.437929,1
2024-11-22,Extreme Greed,0x8477e447846c758f5a675856001ea72298fd9cb5,365.437929,0.3795620437956204,2588.8760583941607,137,0.9289772727272727,0,1439.449718,1
2024-11-23,Extreme Greed,0x8477e447846c758f5a675856001ea72298fd9cb5,1439.449718,0.3036649214659686,2003.0396858638744,191,0.704225352112676,0,391.890903,1
2024-11-24,Extreme Greed,0x8477e447846c758f5a675856001ea72298fd9cb5,391.890903,0.17142857142857143,1866.554,70,1.4927536231884058,0,0.0,0
2024-11-28,Extreme Greed,0x8477e447846c758f5a675856001ea72298fd9cb5,0.0,0.0,416.6333333333334,6,1.656,0,22697.489906,1
2024-11-29,Extreme Greed,0x8477e447846c758f5a675856001ea72298fd9cb5,22697.489906,0.5873015873015873,695.2509523809523,63,0.6040816326530613,0,40.699929,1
2024-11-30,Extreme Greed,0x8477e447846c758f5a675856001ea72298fd9cb5,40.699929,0.06578947368421052,636.261447368421,76,0.3814814814814815,0,1169.432253,1
2024-12-01,Extreme Greed,0x8477e447846c758f5a675856001ea72298fd9cb5,1169.432253,0.44715447154471544,893.489918699187,123,0.5294117647058824,0,254.15562,1
2024-12-02,Extreme Greed,0x8477e447846c758f5a675856001ea72298fd9cb5,254.15562,0.125,1667.92875,8,1.368421052631579,0,-158.695661,0
2024-12-03,Extreme Greed,0x8477e447846c758f5a675856001ea72298fd9cb5,-158.695661,0.0,2708.735,6,0.8333333333333334,0,45.086985,1
2025-01-02,Greed,0x8477e447846c758f5a675856001ea72298fd9cb5,45.086985,0.12987012987012986,332.6585714285714,77,0.421259842519685,0,909.1721379999999,1
2025-01-03,Greed,0x8477e447846c758f5a675856001ea72298fd9cb5,909.1721379999999,0.1807909604519774,251.76581920903956,177,0.49852507374631266,0,30.818079,1
2025-01-04,Greed,0x8477e447846c758f5a675856001ea72298fd9cb5,30.818079,0.0392156862745098,182.9343137254902,51,0.2576271186440678,0,151.429584,1
2025-01-05,Greed,0x8477e447846c758f5a675856001ea72298fd9cb5,151.429584,0.17647058823529413,209.45666666666668,51,0.3735632183908046,0,272.131501,1
2025-01-06,Extreme Greed,0x8477e447846c758f5a675856001ea72298fd9cb5,272.131501,0.03007518796992481,246.8388345864662,266,0.34823529411764703,0,4334.417218,1
2025-01-07,Extreme Greed,0x8477e447846c758f5a675856001ea72298fd9cb5,4334.417218,0.7252252252252253,618.5525225225225,222,7.493333333333333,0,1303.127763,1
2025-01-08,Greed,0x8477e447846c758f5a675856001ea72298fd9cb5,1303.127763,0.3282051282051282,410.6838717948718,390,2.5340136054421767,0,123.72129899999999,1
2025-01-09,Greed,0x8477e447846c758f5a675856001ea72298fd9cb5,123.72129899999999,0.0945945945945946,448.987027027027,222,0.6261682242990654,0,1189.078864,1
2025-01-10,Neutral,0x8477e447846c758f5a675856001ea72298fd9cb5,1189.078864,0.468503937007874,476.30413385826773,254,0.8079470198675497,0,417.647169,1
2025-01-11,Greed,0x8477e447846c758f5a675856001ea72298fd9cb5,417.647169,0.2073170731707317,435.32475609756096,82,1.4188034188034189,0,0.0,0
2025-01-12,Greed,0x8477e447846c758f5a675856001ea72298fd9cb5,0.0,0.0,332.6786666666667,15,0.15547024952015356,0,2060.162946,1
2025-01-13,Greed,0x8477e447846c758f5a675856001ea72298fd9cb5,2060.162946,0.4482758620689655,827.8527586206897,58,1.4285714285714286,0,82.032118,1
2025-01-14,Greed,0x8477e447846c758f5a675856001ea72298fd9cb5,82.032118,0.23076923076923078,565.48,13,0.5027322404371585,0,240.93138,1
2025-01-15,Greed,0x8477e447846c758f5a675856001ea72298fd9cb5,240.93138,0.4375,456.34046875,64,0.5344827586206896,0,218.26223099999999,1
2025-01-16,Extreme Greed,0x8477e447846c758f5a675856001ea72298fd9cb5,218.26223099999999,0.17647058823529413,471.515,34,0.44357976653696496,0,43.69239,1
2025-01-17,Extreme Greed,0x8477e447846c758f5a675856001ea72298fd9cb5,43.69239,0.07692307692307693,423.4723076923077,13,0.6643356643356644,0,1055.8044439999999,1
2025-01-18,Extreme Greed,0x8477e447846c758f5a675856001ea72298fd9cb5,1055.8044439999999,0.5,565.99425,40,1.1845637583892616,0,0.0,0
2025-01-19,Extreme Greed,0x8477e447846c758f5a675856001ea72298fd9cb5,0.0,0.0,508.26307692307694,13,1.1584022038567494,0,1876.265511,1
2025-01-20,Extreme Greed,0x8477e447846c758f5a675856001ea72298fd9cb5,1876.265511,0.4318181818181818,674.2861363636364,44,1.3482142857142858,0,201.672306,1
2025-01-21,Extreme Greed,0x8477e447846c758f5a675856001ea72298fd9cb5,201.672306,0.16990291262135923,288.69718446601945,206,0.37662337662337664,0,261.367634,1
2025-01-22,Extreme Greed,0x8477e447846c758f5a675856001ea72298fd9cb5,261.367634,0.08843537414965986,590.73,147,0.5551401869158878,0,7503.093009,1
2025-01-23,Extreme Greed,0x8477e447846c758f5a675856001ea72298fd9cb5,7503.093009,0.4690909090909091,646.8723272727273,275,0.8538812785388128,0,288.144978,1
2025-01-24,Extreme Greed,0x8477e447846c758f5a675856001ea72298fd9cb5,288.144978,0.03278688524590164,349.93508196721314,61,0.6937984496124031,0,1125.196124,1
2025-01-25,Extreme Greed,0x8477e447846c758f5a675856001ea72298fd9cb5,1125.196124,0.22522522522522523,498.1863963963964,111,1.649214659685864,0,444.464792,1
2025-01-26,Greed,0x8477e447846c758f5a675856001ea72298fd9cb5,444.464792,0.21875,815.5705208333334,96,0.64,0,4321.583225,1
2025-01-27,Greed,0x8477e447846c758f5a675856001ea72298fd9cb5,4321.583225,0.5806451612903226,1396.8890322580644,31,1.9391634980988592,0,0.0,0
2025-01-29,Greed,0x8477e447846c758f5a675856001ea72298fd9cb5,0.0,0.0,452.09615384615387,13,0.9279661016949152,0,0.0,0
2025-01-30,Greed,0x8477e447846c758f5a675856001ea72298fd9cb5,0.0,0.0,307.96333333333337,9,0.33375,0,151.311363,1
2025-01-31,Extreme Greed,0x8477e447846c758f5a675856001ea72298fd9cb5,151.311363,0.24242424242424243,527.1548484848485,66,0.4660894660894661,0,1579.909758,1
2025-02-01,Greed,0x8477e447846c758f5a675856001ea72298fd9cb5,1579.909758,0.48333333333333334,615.154,60,1.24822695035461,0,1023.934713,1
2025-02-02,Greed,0x8477e447846c758f5a675856001ea72298fd9cb5,1023.934713,0.25,1069.4091666666668,60,1.713991769547325,0,1474.607584,1
2025-02-03,Fear,0x8477e447846c758f5a675856001ea72298fd9cb5,1474.607584,0.4855072463768116,1645.3448550724638,138,0.8463925523661753,0,0.0,0
2025-02-04,Greed,0x8477e447846c758f5a675856001ea72298fd9cb5,0.0,0.0,462.50499999999994,6,0.8349159970781592,0,554.257954,1
2025-02-05,Neutral,0x8477e447846c758f5a675856001ea72298fd9cb5,554.257954,0.6,554.9604999999999,20,1.1332236842105263,0,0.0,0
2025-02-07,Fear,0x8477e447846c758f5a675856001ea72298fd9cb5,0.0,0.0,277.15333333333336,6,1.687830687830688,0,131.753274,1
2025-02-08,Fear,0x8477e447846c758f5a675856001ea72298fd9cb5,131.753274,0.875,329.95875,8,3.6370967741935485,0,312.034872,1
2025-02-09,Neutral,0x8477e447846c758f5a675856001ea72298fd9cb5,312.034872,0.3076923076923077,322.47153846153844,65,1.2738095238095237,0,131.17446,1
2025-02-10,Fear,0x8477e447846c758f5a675856001ea72298fd9cb5,131.17446,0.15217391304347827,585.3667391304348,46,0.6805293005671077,0,56.537437,1
2025-02-11,Neutral,0x8477e447846c758f5a675856001ea72298fd9cb5,56.537437,0.2631578947368421,569.5515789473684,19,0.7448559670781894,0,299.669854,1
2025-02-12,Neutral,0x8477e447846c758f5a675856001ea72298fd9cb5,299.669854,0.7666666666666667,410.9486666666666,30,0.6496,0,181.456277,1
2025-02-13,Neutral,0x8477e447846c758f5a675856001ea72298fd9cb5,181.456277,0.44,264.2908,25,0.7631917631917632,0,0.0,0
2025-02-14,Neutral,0x8477e447846c758f5a675856001ea72298fd9cb5,0.0,0.0,254.971,10,0.47373107747105964,0,49.98382900000001,1
2025-02-15,Neutral,0x8477e447846c758f5a675856001ea72298fd9cb5,49.98382900000001,0.3333333333333333,437.9866666666667,9,1.5961002785515321,0,0.0,0
2025-02-16,Neutral,0x8477e447846c758f5a675856001ea72298fd9cb5,0.0,0.0,555.02,1,1.0267857142857142,0,0.0,0
2025-02-17,Neutral,0x8477e447846c758f5a675856001ea72298fd9cb5,0.0,0.0,510.6405,20,1.9591194968553458,0,950.815596,1
2025-02-18,Neutral,0x8477e447846c758f5a675856001ea72298fd9cb5,950.815596,0.9130434782608695,644.1191304347826,23,1.6816,0,0.0,0
2025-02-19,Fear,0x8477e447846c758f5a675856001ea72298fd9cb5,0.0,0.0,832.99,9,1.738430583501006,0,-80.922744,0
2025-02-22,Neutral,0x8477e447846c758f5a675856001ea72298fd9cb5,-80.922744,0.0,343.5022222222222,18,1.1042944785276074,0,63.922728,1
2025-02-23,Neutral,0x8477e447846c758f5a675856001ea72298fd9cb5,63.922728,0.041666666666666664,574.5508333333333,24,1.1940928270042195,0,1282.097568,1
2025-02-24,Neutral,0x8477e447846c758f5a675856001ea72298fd9cb5,1282.097568,0.6363636363636364,874.9930909090909,55,1.3786531130876747,0,0.0,0
2025-02-25,Fear,0x8477e447846c758f5a675856001ea72298fd9cb5,0.0,0.0,1249.875,4,2.1074626865671644,0,108.13869,1
2025-02-26,Extreme Fear,0x8477e447846c758f5a675856001ea72298fd9cb5,108.13869,0.07142857142857142,642.3542857142858,14,0.49049429657794674,0,0.0,0
2025-02-27,Extreme Fear,0x8477e447846c758f5a675856001ea72298fd9cb5,0.0,0.0,2499.69,1,0.8388429752066116,0,268.367925,1
2025-02-28,Extreme Fear,0x8477e447846c758f5a675856001ea72298fd9cb5,268.367925,0.5263157894736842,1126.7694736842104,19,1.0838445807770962,0,468.35197800000003,1
2025-03-03,Fear,0x8477e447846c758f5a675856001ea72298fd9cb5,468.35197800000003,0.3382352941176471,575.8669117647058,68,2.5883777239709445,0,54.2704,1
2025-03-04,Extreme Fear,0x8477e447846c758f5a675856001ea72298fd9cb5,54.2704,0.125,1117.82,8,2.672782874617737,0,34.86435,1
2025-03-05,Extreme Fear,0x8477e447846c758f5a675856001ea72298fd9cb5,34.86435,0.11764705882352941,543.1394117647059,34,0.2918287937743191,0,0.0,0
2025-03-06,Fear,0x8477e447846c758f5a675856001ea72298fd9cb5,0.0,0.0,110.53285714285714,7,0.9537275064267352,0,9.266712,1
2025-03-07,Fear,0x8477e447846c758f5a675856001ea72298fd9cb5,9.266712,0.5,554.57,2,0.9260377358490566,0,969.56792,1
2025-03-09,Fear,0x8477e447846c758f5a675856001ea72298fd9cb5,969.56792,0.9428571428571428,241.43400000000003,35,1.9936842105263157,0,0.0,0
2025-03-10,Extreme Fear,0x8477e447846c758f5a675856001ea72298fd9cb5,0.0,0.0,1666.1666666666667,3,1.1707680835197614,0,94.48255800000001,1
2025-03-11,Extreme Fear,0x8477e447846c758f5a675856001ea72298fd9cb5,94.48255800000001,0.75,1261.5125,8,1.8181818181818181,0,0.0,0
2025-03-12,Fear,0x8477e447846c758f5a675856001ea72298fd9cb5,0.0,0.0,666.82,3,0.7096079276174063,0,0.0,0
2025-03-13,Neutral,0x8477e447846c758f5a675856001ea72298fd9cb5,0.0,0.0,383.9627272727273,11,0.9473684210526315,0,364.03788,1
2025-03-14,Fear,0x8477e447846c758f5a675856001ea72298fd9cb5,364.03788,1.0,1317.608,5,0.15525352848928384,0,185.307189,1
2025-03-18,Fear,0x8477e447846c758f5a675856001ea72298fd9cb5,185.307189,0.5,445.26666666666665,24,0.691683569979716,0,0.0,0
2025-03-19,Fear,0x8477e447846c758f5a675856001ea72298fd9cb5,0.0,0.0,598.3033333333333,9,0.5367016205910391,0,65.297516,1
2025-03-20,Neutral,0x8477e447846c758f5a675856001ea72298fd9cb5,65.297516,0.6363636363636364,483.58363636363634,11,0.44652908067542213,0,0.0,0
2025-03-21,Fear,0x8477e447846c758f5a675856001ea72298fd9cb5,0.0,0.0,443.555,2,0.9829545454545454,0,-41.40918,0
2025-03-22,Fear,0x8477e447846c758f5a675856001ea72298fd9cb5,-41.40918,0.0,287.38,4,0.7092651757188498,0,178.247768,1
2025-03-23,Fear,0x8477e447846c758f5a675856001ea72298fd9cb5,178.247768,0.2972972972972973,554.7635135135135,37,1.8471337579617835,0,0.0,0
2025-03-24,Neutral,0x8477e447846c758f5a675856001ea72298fd9cb5,0.0,0.0,559.9092307692307,78,0.2616707616707617,0,994.196069,1
2025-03-25,Neutral,0x8477e447846c758f5a675856001ea72298fd9cb5,994.196069,0.6944444444444444,1272.072777777778,36,1.1436314363143631,0,27.5033,1
2025-03-26,Neutral,0x8477e447846c758f5a675856001ea72298fd9cb5,27.5033,0.1111111111111111,744.4566666666666,9,1.030104712041885,0,195.60777199999998,1
2025-03-27,Fear,0x8477e447846c758f5a675856001ea72298fd9cb5,195.60777199999998,0.35,1138.75375,40,1.5241157556270097,0,1617.77036,1
2025-03-28,Fear,0x8477e447846c758f5a675856001ea72298fd9cb5,1617.77036,0.6756756756756757,1225.1743243243243,37,2.7333333333333334,0,7.57416,1
2025-03-29,Fear,0x8477e447846c758f5a675856001ea72298fd9cb5,7.57416,0.2,721.253,10,1.1114827201783724,0,267.13403800000003,1
2025-03-30,Fear,0x8477e447846c758f5a675856001ea72298fd9cb5,267.13403800000003,0.75,681.61,8,5.311111111111111,0,92.902727,1
2025-03-31,Fear,0x8477e447846c758f5a675856001ea72298fd9cb5,92.902727,0.42857142857142855,510.28000000000003,7,0.7615658362989324,0,0.0,0
2025-04-03,Fear,0x8477e447846c758f5a675856001ea72298fd9cb5,0.0,0.0,666.2016666666667,6,1.207070707070707,0,586.623362,1
2025-04-04,Fear,0x8477e447846c758f5a675856001ea72298fd9cb5,586.623362,0.3148148148148148,483.5138888888889,54,0.6455368693402329,0,0.0,0
2025-04-05,Fear,0x8477e447846c758f5a675856001ea72298fd9cb5,0.0,0.0,624.745,4,0.6216216216216216,0,67.080809,1
2025-04-06,Fear,0x8477e447846c758f5a675856001ea72298fd9cb5,67.080809,0.14285714285714285,443.69,28,1.8324324324324324,0,632.303024,1
2025-04-07,Extreme Fear,0x8477e447846c758f5a675856001ea72298fd9cb5,632.303024,0.27037037037037037,1849.3804444444443,270,1.0114367405289493,0,81.035707,1
2025-04-08,Extreme Fear,0x8477e447846c758f5a675856001ea72298fd9cb5,81.035707,0.30434782608695654,828.6836956521738,46,0.8382066276803118,0,500.847132,1
2025-04-09,Extreme Fear,0x8477e447846c758f5a675856001ea72298fd9cb5,500.847132,0.19117647058823528,925.8802205882353,136,0.8007262823422605,0,-103.71342200000002,0
2025-04-10,Fear,0x8477e447846c758f5a675856001ea72298fd9cb5,-103.71342200000002,0.267515923566879,874.4072929936306,314,1.1484848484848484,0,19.202581000000002,1
2025-04-11,Fear,0x8477e447846c758f5a675856001ea72298fd9cb5,19.202581000000002,0.19672131147540983,553.0408196721311,61,0.3979591836734694,0,0.0,0
2025-04-12,Fear,0x8477e447846c758f5a675856001ea72298fd9cb5,0.0,0.0,772.8058333333333,24,0.6111535523300229,0,1350.19094,1
2025-04-13,Neutral,0x8477e447846c758f5a675856001ea72298fd9cb5,1350.19094,0.5121951219512195,820.2411846689896,287,1.2697594501718212,0,236.725655,1
2025-04-14,Fear,0x8477e447846c758f5a675856001ea72298fd9cb5,236.725655,0.5217391304347826,932.9834782608696,23,1.386058981233244,0,191.802066,1
2025-04-15,Fear,0x8477e447846c758f5a675856001ea72298fd9cb5,191.802066,0.3684210526315789,520.8728947368421,38,0.4371029224904701,0,71.93199,1
2025-04-16,Fear,0x8477e447846c758f5a675856001ea72298fd9cb5,71.93199,1.0,356.5375,4,1.0802069857697283,0,0.0,0
2025-04-18,Fear,0x8477e447846c758f5a675856001ea72298fd9cb5,0.0,0.0,383.0805,20,0.6628621597892889,0,0.0,0
2025-04-19,Fear,0x8477e447846c758f5a675856001ea72298fd9cb5,0.0,0.0,326.8852631578947,19,0.5590374930050364,0,43.224447,1
2025-04-20,Fear,0x8477e447846c758f5a675856001ea72298fd9cb5,43.224447,0.11363636363636363,328.4611363636364,44,1.194905869324474,0,596.556385,1
2025-04-21,Fear,0x8477e447846c758f5a675856001ea72298fd9cb5,596.556385,0.2962962962962963,498.3961111111111,108,0.5421903052064632,0,-180.07315699999998,0
2025-04-22,Neutral,0x8477e447846c758f5a675856001ea72298fd9cb5,-180.07315699999998,0.16295546558704455,1169.5095344129554,988,0.899873257287706,0,-27087.802198,0
2025-04-23,Greed,0x8477e447846c758f5a675856001ea72298fd9cb5,-27087.802198,0.021025641025641025,636.126676923077,1950,2.1731066460587325,0,2397.669518,1
2025-04-24,Greed,0x8477e447846c758f5a675856001ea72298fd9cb5,2397.669518,0.5128205128205128,658.8346153846153,117,1.2120911793855302,0,36.153454,1
2025-04-25,Greed,0x8477e447846c758f5a675856001ea72298fd9cb5,36.153454,0.00966183574879227,1063.6844444444444,207,0.7006172839506173,0,394.655169,1
2025-04-26,Greed,0x8477e447846c758f5a675856001ea72298fd9cb5,394.655169,0.4714285714285714,1416.666857142857,70,1.146110056925996,0,78.78402200000001,1
2025-04-27,Greed,0x8477e447846c758f5a675856001ea72298fd9cb5,78.78402200000001,0.95,1364.094,20,1.6328125,0,-6424.928118,0
2025-04-28,Neutral,0x8477e447846c758f5a675856001ea72298fd9cb5,-6424.928118,0.0625,2193.325,80,0.8968363136176066,0,-1793.442795,0
2025-04-29,Greed,0x8477e447846c758f5a675856001ea72298fd9cb5,-1793.442795,0.0273972602739726,396.20082191780824,73,0.9710017574692443,0,-1053.418063,0
2025-04-30,Greed,0x8477e447846c758f5a675856001ea72298fd9cb5,-1053.418063,0.25287356321839083,985.3667816091954,87,3.0472727272727274,0,-200.94846,0
2025-05-01,Neutral,0x8477e447846c758f5a675856001ea72298fd9cb5,-200.94846,0.0,309.6568421052632,19,1.2610294117647058,0,,0
2024-12-13,Extreme Greed,0x92f17e8d81a944691c10e753af1b1baae1a2cd0d,0.0,0.0,2468.940987654321,162,1.3601609657947686,0,0.0,0
2024-12-15,Extreme Greed,0x92f17e8d81a944691c10e753af1b1baae1a2cd0d,0.0,0.0,1890.1754237288135,413,1.9982332155477032,0,55.987393,1
2024-12-16,Extreme Greed,0x92f17e8d81a944691c10e753af1b1baae1a2cd0d,55.987393,0.5,55.980000000000004,2,0.6693037974683544,0,0.0,0
2024-12-17,Extreme Greed,0x92f17e8d81a944691c10e753af1b1baae1a2cd0d,0.0,0.0,0.0,1,0.7807339449541284,0,0.0,0
2024-12-22,Greed,0x92f17e8d81a944691c10e753af1b1baae1a2cd0d,0.0,0.0,4111.969186046511,86,1.3742331288343559,0,8639.369933,1
2024-12-23,Greed,0x92f17e8d81a944691c10e753af1b1baae1a2cd0d,8639.369933,0.9,9857.592999999999,60,0.7902364607170099,0,0.0,0
2025-01-19,Extreme Greed,0x92f17e8d81a944691c10e753af1b1baae1a2cd0d,0.0,0.0,2098.6197107438015,484,1.1584022038567494,0,63464.28729,1
2025-01-23,Extreme Greed,0x92f17e8d81a944691c10e753af1b1baae1a2cd0d,63464.28729,0.8870636550308009,3015.5509856262834,487,0.8538812785388128,0,21987.812579,1
2025-01-29,Greed,0x92f17e8d81a944691c10e753af1b1baae1a2cd0d,21987.812579,0.4276729559748428,2604.86213836478,636,0.9279661016949152,0,12245.905048999999,1
2025-02-02,Greed,0x92f17e8d81a944691c10e753af1b1baae1a2cd0d,12245.905048999999,0.4437869822485207,2370.67449704142,169,1.713991769547325,0,0.0,0
2025-02-07,Fear,0x92f17e8d81a944691c10e753af1b1baae1a2cd0d,0.0,0.0,46000.0,2,1.687830687830688,2,0.0,0
2025-02-08,Fear,0x92f17e8d81a944691c10e753af1b1baae1a2cd0d,0.0,0.0,1771.9198684210526,152,3.6370967741935485,0,0.0,0
2025-02-24,Neutral,0x92f17e8d81a944691c10e753af1b1baae1a2cd0d,0.0,0.0,9481.510444444444,45,1.3786531130876747,0,0.0,0
2025-02-25,Fear,0x92f17e8d81a944691c10e753af1b1baae1a2cd0d,0.0,0.0,60250.0,8,2.1074626865671644,2,3425.96095,1
2025-04-07,Extreme Fear,0x92f17e8d81a944691c10e753af1b1baae1a2cd0d,3425.96095,0.4852941176470588,9608.110294117647,68,1.0114367405289493,0,-621.54506,0
2025-04-14,Fear,0x92f17e8d81a944691c10e753af1b1baae1a2cd0d,-621.54506,0.0,20063.1732,25,1.386058981233244,0,0.0,0
2025-04-16,Fear,0x92f17e8d81a944691c10e753af1b1baae1a2cd0d,0.0,0.0,42034.5,4,1.0802069857697283,2,17381.164,1
2025-04-23,Greed,0x92f17e8d81a944691c10e753af1b1baae1a2cd0d,17381.164,0.016129032258064516,6983.216774193548,248,2.1731066460587325,0,,0
2024-12-13,Extreme Greed,0xa0feb3725a9335f49874d7cd8eaad6be45b27416,2270.1241019999998,0.7008547008547008,939.9077777777777,234,1.3601609657947686,0,10281.503571,1
2024-12-14,Extreme Greed,0xa0feb3725a9335f49874d7cd8eaad6be45b27416,10281.503571,0.4333821376281113,1674.4618155197657,683,0.9296875,0,3932.676736,1
2024-12-15,Extreme Greed,0xa0feb3725a9335f49874d7cd8eaad6be45b27416,3932.676736,0.25,1345.2046122994652,748,1.9982332155477032,0,3923.071266,1
2024-12-16,Extreme Greed,0xa0feb3725a9335f49874d7cd8eaad6be45b27416,3923.071266,0.5030674846625767,1710.5239570552149,326,0.6693037974683544,0,9080.193597,1
2024-12-17,Extreme Greed,0xa0feb3725a9335f49874d7cd8eaad6be45b27416,9080.193597,0.4340567612687813,2051.6765609348913,599,0.7807339449541284,0,2755.818564,1
2024-12-18,Extreme Greed,0xa0feb3725a9335f49874d7cd8eaad6be45b27416,2755.818564,0.49044585987261147,1756.5612101910826,314,1.0014005602240896,0,5687.811638,1
2024-12-19,Extreme Greed,0xa0feb3725a9335f49874d7cd8eaad6be45b27416,5687.811638,0.4305239179954442,1937.9936218678815,439,0.5617399438727783,0,5930.482942,1
2024-12-20,Greed,0xa0feb3725a9335f49874d7cd8eaad6be45b27416,5930.482942,0.6707818930041153,1136.9883950617284,243,0.8307579102281089,0,2600.050242,1
2024-12-21,Greed,0xa0feb3725a9335f49874d7cd8eaad6be45b27416,2600.050242,0.31722054380664655,1631.86501510574,331,0.5493087557603686,0,2718.982224,1
2024-12-22,Greed,0xa0feb3725a9335f49874d7cd8eaad6be45b27416,2718.982224,0.27835051546391754,1754.1204123711339,291,1.3742331288343559,0,0.0,0
2024-12-23,Greed,0xa0feb3725a9335f49874d7cd8eaad6be45b27416,0.0,0.0,1403.5600000000002,3,0.7902364607170099,0,0.0,0
2024-12-24,Greed,0xa0feb3725a9335f49874d7cd8eaad6be45b27416,0.0,0.0,2994.6,1,0.5363636363636364,0,0.0,0
2025-01-15,Greed,0xa0feb3725a9335f49874d7cd8eaad6be45b27416,0.0,0.0,522.095,2,0.5344827586206896,0,0.0,0
2025-01-18,Extreme Greed,0xa0feb3725a9335f49874d7cd8eaad6be45b27416,0.0,0.0,1244.2596226415094,53,1.1845637583892616,0,0.0,0
2025-01-20,Extreme Greed,0xa0feb3725a9335f49874d7cd8eaad6be45b27416,0.0,0.0,2999.98,1,1.3482142857142858,0,140.995116,1
2025-01-22,Extreme Greed,0xa0feb3725a9335f49874d7cd8eaad6be45b27416,140.995116,0.1,332.675,20,0.5551401869158878,0,0.0,0
2025-01-23,Extreme Greed,0xa0feb3725a9335f49874d7cd8eaad6be45b27416,0.0,0.0,569.92,6,0.8538812785388128,0,0.0,0
2025-01-24,Extreme Greed,0xa0feb3725a9335f49874d7cd8eaad6be45b27416,0.0,0.0,671.1622222222222,9,0.6937984496124031,0,0.0,0
2025-01-27,Greed,0xa0feb3725a9335f49874d7cd8eaad6be45b27416,0.0,0.0,449.921,20,1.9391634980988592,0,9719.053192,1
2025-01-31,Extreme Greed,0xa0feb3725a9335f49874d7cd8eaad6be45b27416,9719.053192,1.0,2959.078615384615,65,0.4660894660894661,0,923.487443,1
2025-02-01,Greed,0xa0feb3725a9335f49874d7cd8eaad6be45b27416,923.487443,1.0,1390.1038888888888,18,1.24822695035461,0,0.0,0
2025-02-02,Greed,0xa0feb3725a9335f49874d7cd8eaad6be45b27416,0.0,0.0,1210.4648275862069,29,1.713991769547325,0,2161.6751200000003,1
2025-02-03,Fear,0xa0feb3725a9335f49874d7cd8eaad6be45b27416,2161.6751200000003,0.4,8577.862,15,0.8463925523661753,0,4624.583773,1
2025-02-04,Greed,0xa0feb3725a9335f49874d7cd8eaad6be45b27416,4624.583773,0.18878248974008208,1221.8522845417237,731,0.8349159970781592,0,-6194.283149,0
2025-02-05,Neutral,0xa0feb3725a9335f49874d7cd8eaad6be45b27416,-6194.283149,0.12228260869565218,4161.944646739131,368,1.1332236842105263,0,2780.135427,1
2025-02-06,Neutral,0xa0feb3725a9335f49874d7cd8eaad6be45b27416,2780.135427,0.3399503722084367,716.7850620347394,806,2.153703703703704,0,6119.377807,1
2025-02-07,Fear,0xa0feb3725a9335f49874d7cd8eaad6be45b27416,6119.377807,0.25667090216010163,1749.6032401524778,787,1.687830687830688,0,330.039883,1
2025-02-08,Fear,0xa0feb3725a9335f49874d7cd8eaad6be45b27416,330.039883,0.2926829268292683,764.5767682926829,328,3.6370967741935485,0,183.593223,1
2025-02-09,Neutral,0xa0feb3725a9335f49874d7cd8eaad6be45b27416,183.593223,0.1721311475409836,747.8363934426229,122,1.2738095238095237,0,1338.39845,1
2025-02-10,Fear,0xa0feb3725a9335f49874d7cd8eaad6be45b27416,1338.39845,0.6085526315789473,868.6251644736842,304,0.6805293005671077,0,869.757103,1
2025-02-11,Neutral,0xa0feb3725a9335f49874d7cd8eaad6be45b27416,869.757103,0.16939890710382513,1215.386612021858,183,0.7448559670781894,0,0.0,0
2025-02-12,Neutral,0xa0feb3725a9335f49874d7cd8eaad6be45b27416,0.0,0.0,999.666,50,0.6496,0,1312.55815,1
2025-02-13,Neutral,0xa0feb3725a9335f49874d7cd8eaad6be45b27416,1312.55815,0.40100250626566414,2012.0397744360903,399,0.7631917631917632,0,414.743169,1
2025-02-14,Neutral,0xa0feb3725a9335f49874d7cd8eaad6be45b27416,414.743169,0.1111111111111111,1372.3451960784314,306,0.47373107747105964,0,590.73516,1
2025-02-15,Neutral,0xa0feb3725a9335f49874d7cd8eaad6be45b27416,590.73516,0.24248927038626608,787.2578326180258,466,1.5961002785515321,0,819.9958,1
2025-02-16,Neutral,0xa0feb3725a9335f49874d7cd8eaad6be45b27416,819.9958,0.42857142857142855,501.30874725274725,455,1.0267857142857142,0,303.11202,1
2025-02-17,Neutral,0xa0feb3725a9335f49874d7cd8eaad6be45b27416,303.11202,0.4154929577464789,598.8410211267606,284,1.9591194968553458,0,3494.964308,1
2025-02-18,Neutral,0xa0feb3725a9335f49874d7cd8eaad6be45b27416,3494.964308,0.36077481840193704,1209.069588377724,413,1.6816,0,1280.6095579999999,1
2025-02-19,Fear,0xa0feb3725a9335f49874d7cd8eaad6be45b27416,1280.6095579999999,0.335,1091.899,400,1.738430583501006,0,2866.872677,1
2025-02-20,Neutral,0xa0feb3725a9335f49874d7cd8eaad6be45b27416,2866.872677,0.45764462809917356,817.1428202479339,968,0.6437908496732027,0,3417.71341,1
2025-02-21,Greed,0xa0feb3725a9335f49874d7cd8eaad6be45b27416,3417.71341,0.4434330299089727,1031.4382574772433,769,0.6589902568644819,0,101.06290399999999,1
2025-02-22,Neutral,0xa0feb3725a9335f49874d7cd8eaad6be45b27416,101.06290399999999,0.4878048780487805,789.0624390243902,41,1.1042944785276074,0,0.0,0
2025-02-23,Neutral,0xa0feb3725a9335f49874d7cd8eaad6be45b27416,0.0,0.0,226.28509433962265,53,1.1940928270042195,0,0.0,0
2025-02-24,Neutral,0xa0feb3725a9335f49874d7cd8eaad6be45b27416,0.0,0.0,495.59309523809526,42,1.3786531130876747,0,826.548369,1
2025-02-25,Fear,0xa0feb3725a9335f49874d7cd8eaad6be45b27416,826.548369,0.27979274611398963,626.2487046632124,193,2.1074626865671644,0,0.0,0
2025-02-26,Extreme Fear,0xa0feb3725a9335f49874d7cd8eaad6be45b27416,0.0,0.0,749.8255,20,0.49049429657794674,0,0.0,0
2025-02-27,Extreme Fear,0xa0feb3725a9335f49874d7cd8eaad6be45b27416,0.0,0.0,768.6484615384616,13,0.8388429752066116,0,1011.258943,1
2025-02-28,Extreme Fear,0xa0feb3725a9335f49874d7cd8eaad6be45b27416,1011.258943,0.3096446700507614,623.2444670050761,197,1.0838445807770962,0,625.512206,1
2025-03-02,Fear,0xa0feb3725a9335f49874d7cd8eaad6be45b27416,625.512206,0.5,1691.2284375000002,32,1.062015503875969,0,60.171373,1
2025-03-03,Fear,0xa0feb3725a9335f49874d7cd8eaad6be45b27416,60.171373,0.08522727272727272,234.52426136363636,176,2.5883777239709445,0,0.0,0
2025-03-04,Extreme Fear,0xa0feb3725a9335f49874d7cd8eaad6be45b27416,0.0,0.0,369.27675,40,2.672782874617737,0,0.0,0
2025-03-14,Fear,0xa0feb3725a9335f49874d7cd8eaad6be45b27416,0.0,0.0,874.97875,8,0.15525352848928384,0,73.34455,1
2025-04-15,Fear,0xa0feb3725a9335f49874d7cd8eaad6be45b27416,73.34455,0.42857142857142855,917.6357142857142,21,0.4371029224904701,0,100.22198900000001,1
2025-04-16,Fear,0xa0feb3725a9335f49874d7cd8eaad6be45b27416,100.22198900000001,0.3617021276595745,400.05872340425526,47,1.0802069857697283,0,18.57004,1
2025-04-17,Fear,0xa0feb3725a9335f49874d7cd8eaad6be45b27416,18.57004,0.46153846153846156,303.8438461538462,13,0.49420289855072463,0,6653.134804,1
2025-04-23,Greed,0xa0feb3725a9335f49874d7cd8eaad6be45b27416,6653.134804,0.39090909090909093,894.6094181818181,550,2.1731066460587325,0,1279.688605,1
2025-04-24,Greed,0xa0feb3725a9335f49874d7cd8eaad6be45b27416,1279.688605,0.19461077844311378,1325.6926047904192,334,1.2120911793855302,0,4058.112969,1
2025-04-25,Greed,0xa0feb3725a9335f49874d7cd8eaad6be45b27416,4058.112969,0.3115942028985507,1475.0315217391305,138,0.7006172839506173,0,0.0,0
2025-04-26,Greed,0xa0feb3725a9335f49874d7cd8eaad6be45b27416,0.0,0.0,425.9992,50,1.146110056925996,0,147.309165,1
2025-04-27,Greed,0xa0feb3725a9335f49874d7cd8eaad6be45b27416,147.309165,0.08695652173913043,858.3880434782608,46,1.6328125,0,474.245409,1
2025-04-28,Neutral,0xa0feb3725a9335f49874d7cd8eaad6be45b27416,474.245409,0.13548387096774195,1106.0305161290323,155,0.8968363136176066,0,1189.49741,1
2025-04-29,Greed,0xa0feb3725a9335f49874d7cd8eaad6be45b27416,1189.49741,0.43457943925233644,1261.7606542056074,214,0.9710017574692443,0,1555.834562,1
2025-04-30,Greed,0xa0feb3725a9335f49874d7cd8eaad6be45b27416,1555.834562,0.3565217391304348,793.9205507246378,345,3.0472727272727274,0,1449.529436,1
2025-05-01,Neutral,0xa0feb3725a9335f49874d7cd8eaad6be45b27416,1449.529436,0.3506944444444444,1130.8870833333333,288,1.2610294117647058,0,,0
2024-08-03,Fear,0xa520ded057a32086c40e7dd6ed4eb8efb82c00e0,0.0,0.0,9281.686875,16,36.0,0,-14176.51042,0
2024-08-04,Fear,0xa520ded057a32086c40e7dd6ed4eb8efb82c00e0,-14176.51042,0.0,13492.987,10,0.8955223880597015,0,0.0,0
2024-08-05,Fear,0xa520ded057a32086c40e7dd6ed4eb8efb82c00e0,0.0,0.0,10053.805,2,1.0512820512820513,0,0.0,0
2024-08-07,Fear,0xa520ded057a32086c40e7dd6ed4eb8efb82c00e0,0.0,0.0,500.0,1,0.5714285714285714,0,-40.712216999999995,0
2024-08-08,Extreme Fear,0xa520ded057a32086c40e7dd6ed4eb8efb82c00e0,-40.712216999999995,0.0,114.82,4,1.25,0,0.0,0
2024-08-09,Neutral,0xa520ded057a32086c40e7dd6ed4eb8efb82c00e0,0.0,0.0,250.0,2,0.6,0,-288.283113,0
2024-08-17,Fear,0xa520ded057a32086c40e7dd6ed4eb8efb82c00e0,-288.283113,0.0,211.7,1,29.0,0,0.0,0
2024-08-18,Fear,0xa520ded057a32086c40e7dd6ed4eb8efb82c00e0,0.0,0.0,0.01,1,0.0,0,0.0,0
2024-08-21,Fear,0xa520ded057a32086c40e7dd6ed4eb8efb82c00e0,0.0,0.0,1000.14,2,0.6292134831460674,0,0.0,0
2024-09-08,Fear,0xa520ded057a32086c40e7dd6ed4eb8efb82c00e0,0.0,0.0,0.11,1,0.0,0,-219.729659,0
2024-09-10,Fear,0xa520ded057a32086c40e7dd6ed4eb8efb82c00e0,-219.729659,0.0,890.27,2,0.5,0,0.0,0
2024-10-17,Greed,0xa520ded057a32086c40e7dd6ed4eb8efb82c00e0,0.0,0.0,499.72,1,3.5,0,167.28016200000002,1
2024-10-28,Greed,0xa520ded057a32086c40e7dd6ed4eb8efb82c00e0,167.28016200000002,1.0,375.23249999999996,4,0.0,0,3360.9281,1
2024-11-07,Extreme Greed,0xa520ded057a32086c40e7dd6ed4eb8efb82c00e0,3360.9281,0.5052631578947369,208.8205263157895,95,0.8833333333333333,0,0.0,0
2024-11-13,Extreme Greed,0xa520ded057a32086c40e7dd6ed4eb8efb82c00e0,0.0,0.0,200.04,1,0.5,0,693.220788,1
2024-11-18,Extreme Greed,0xa520ded057a32086c40e7dd6ed4eb8efb82c00e0,693.220788,1.0,186.3422222222222,9,0.5656108597285068,0,2.83504,1
2024-11-21,Extreme Greed,0xa520ded057a32086c40e7dd6ed4eb8efb82c00e0,2.83504,1.0,202.87,1,0.7833333333333333,0,0.0,0
2024-11-29,Extreme Greed,0xa520ded057a32086c40e7dd6ed4eb8efb82c00e0,0.0,0.0,5762.356666666667,21,0.6040816326530613,0,34709.852428,1
2024-12-01,Extreme Greed,0xa520ded057a32086c40e7dd6ed4eb8efb82c00e0,34709.852428,0.8032786885245902,856.4519672131147,61,0.5294117647058824,0,0.0,0
2024-12-03,Extreme Greed,0xa520ded057a32086c40e7dd6ed4eb8efb82c00e0,0.0,0.0,2941.1758823529412,34,0.8333333333333334,0,0.0,0
2024-12-10,Extreme Greed,0xa520ded057a32086c40e7dd6ed4eb8efb82c00e0,0.0,0.0,13718.098750000001,8,0.4971857410881801,0,994.238977,1
2024-12-11,Greed,0xa520ded057a32086c40e7dd6ed4eb8efb82c00e0,994.238977,1.0,165.00133333333332,15,0.16285714285714287,0,2512.437585,1
2024-12-12,Extreme Greed,0xa520ded057a32086c40e7dd6ed4eb8efb82c00e0,2512.437585,1.0,1374.4125000000001,4,0.2786234281932495,0,2069.35811,1
2024-12-16,Extreme Greed,0xa520ded057a32086c40e7dd6ed4eb8efb82c00e0,2069.35811,1.0,192.29384615384618,13,0.6693037974683544,0,256.200336,1
2024-12-17,Extreme Greed,0xa520ded057a32086c40e7dd6ed4eb8efb82c00e0,256.200336,1.0,299.74,1,0.7807339449541284,0,23353.625678,1
2024-12-20,Greed,0xa520ded057a32086c40e7dd6ed4eb8efb82c00e0,23353.625678,0.9166666666666666,4763.3358333333335,12,0.8307579102281089,0,556.803152,1
2025-01-04,Greed,0xa520ded057a32086c40e7dd6ed4eb8efb82c00e0,556.803152,1.0,213.09399999999997,5,0.2576271186440678,0,7013.428624,1
2025-01-14,Greed,0xa520ded057a32086c40e7dd6ed4eb8efb82c00e0,7013.428624,1.0,829.285,12,0.5027322404371585,0,2806.434723,1
2025-01-21,Extreme Greed,0xa520ded057a32086c40e7dd6ed4eb8efb82c00e0,2806.434723,1.0,597.6225000000001,8,0.37662337662337664,0,12084.434144,1
2025-01-27,Greed,0xa520ded057a32086c40e7dd6ed4eb8efb82c00e0,12084.434144,1.0,989.8810714285713,56,1.9391634980988592,0,0.0,0
2025-01-28,Greed,0xa520ded057a32086c40e7dd6ed4eb8efb82c00e0,0.0,0.0,0.07666666666666667,3,0.4604105571847507,0,20.596691,1
2025-02-03,Fear,0xa520ded057a32086c40e7dd6ed4eb8efb82c00e0,20.596691,1.0,999.91,1,0.8463925523661753,0,30.785143,1
2025-02-10,Fear,0xa520ded057a32086c40e7dd6ed4eb8efb82c00e0,30.785143,1.0,249.82,2,0.6805293005671077,0,-1121.6509429999999,0
2025-03-08,Fear,0xa520ded057a32086c40e7dd6ed4eb8efb82c00e0,-1121.6509429999999,0.0,1250.705,2,1.1950207468879668,0,-920.33629,0
2025-04-08,Extreme Fear,0xa520ded057a32086c40e7dd6ed4eb8efb82c00e0,-920.33629,0.0,1000.85,1,0.8382066276803118,0,-965.1214130000001,0
2025-04-10,Fear,0xa520ded057a32086c40e7dd6ed4eb8efb82c00e0,-965.1214130000001,0.0,534.0066666666667,3,1.1484848484848484,0,-53.631353999999995,0
2025-04-13,Neutral,0xa520ded057a32086c40e7dd6ed4eb8efb82c00e0,-53.631353999999995,0.0,64.53,2,1.2697594501718212,0,,0
2024-12-02,Extreme Greed,0xae5eacaf9c6b9111fd53034a602c192a04e082ed,0.0,0.0,1779.0295454545455,44,1.368421052631579,0,20925.513222,1
2024-12-03,Extreme Greed,0xae5eacaf9c6b9111fd53034a602c192a04e082ed,20925.513222,0.7241379310344828,3898.738206896552,145,0.8333333333333334,0,0.0,0
2024-12-04,Extreme Greed,0xae5eacaf9c6b9111fd53034a602c192a04e082ed,0.0,0.0,0.1,1,0.4304932735426009,0,0.0,0
2025-03-04,Extreme Fear,0xae5eacaf9c6b9111fd53034a602c192a04e082ed,0.0,0.0,7268.525238095238,21,2.672782874617737,0,0.0,0
2025-03-05,Extreme Fear,0xae5eacaf9c6b9111fd53034a602c192a04e082ed,0.0,0.0,3500.644444444444,9,0.2918287937743191,0,0.0,0
2025-03-11,Extreme Fear,0xae5eacaf9c6b9111fd53034a602c192a04e082ed,0.0,0.0,6911.925,4,1.8181818181818181,0,0.0,0
2025-03-18,Fear,0xae5eacaf9c6b9111fd53034a602c192a04e082ed,0.0,0.0,2461.443421052632,38,0.691683569979716,0,0.0,0
2025-04-08,Extreme Fear,0xae5eacaf9c6b9111fd53034a602c192a04e082ed,0.0,0.0,2865.9021212121215,33,0.8382066276803118,0,622.41079,1
2025-04-09,Extreme Fear,0xae5eacaf9c6b9111fd53034a602c192a04e082ed,622.41079,0.46153846153846156,792.1807692307691,13,0.8007262823422605,0,5615.909695,1
2025-04-10,Fear,0xae5eacaf9c6b9111fd53034a602c192a04e082ed,5615.909695,1.0,2486.837368421053,19,1.1484848484848484,0,2513.430964,1
2025-04-12,Fear,0xae5eacaf9c6b9111fd53034a602c192a04e082ed,2513.430964,0.5333333333333333,2262.842,45,0.6111535523300229,0,0.0,0
2025-04-21,Fear,0xae5eacaf9c6b9111fd53034a602c192a04e082ed,0.0,0.0,2434.7928571428574,21,0.5421903052064632,0,28100.700490000003,1
2025-04-23,Greed,0xae5eacaf9c6b9111fd53034a602c192a04e082ed,28100.700490000003,1.0,2829.6749999999997,28,2.1731066460587325,0,2587.44383,1
2025-04-24,Greed,0xae5eacaf9c6b9111fd53034a602c192a04e082ed,2587.44383,0.19540229885057472,2334.9580459770114,87,1.2120911793855302,0,7480.21054,1
2025-04-25,Greed,0xae5eacaf9c6b9111fd53034a602c192a04e082ed,7480.21054,0.5636363636363636,2564.5469090909096,55,0.7006172839506173,0,,0
2024-12-09,Extreme Greed,0xaf40fdc468c30116bd3307bcbf4a451a7ebf1deb,0.0,0.0,1968.8700000000001,4,5.416666666666667,0,39.7705,1
2024-12-11,Greed,0xaf40fdc468c30116bd3307bcbf4a451a7ebf1deb,39.7705,1.0,7158.62,1,0.16285714285714287,0,15.24474,1
2024-12-12,Extreme Greed,0xaf40fdc468c30116bd3307bcbf4a451a7ebf1deb,15.24474,1.0,771.87,1,0.2786234281932495,0,0.0,0
2024-12-23,Greed,0xaf40fdc468c30116bd3307bcbf4a451a7ebf1deb,0.0,0.0,320.1333333333333,3,0.7902364607170099,0,3.43,1
2024-12-24,Greed,0xaf40fdc468c30116bd3307bcbf4a451a7ebf1deb,3.43,1.0,963.83,1,0.5363636363636364,0,-1017.424213,0
2025-03-16,Fear,0xaf40fdc468c30116bd3307bcbf4a451a7ebf1deb,-1017.424213,0.144,5323.34248,125,1.345132743362832,0,-1646.3529,0
2025-03-17,Fear,0xaf40fdc468c30116bd3307bcbf4a451a7ebf1deb,-1646.3529,0.0,9477.486,35,1.105263157894737,0,0.0,0
2025-03-18,Fear,0xaf40fdc468c30116bd3307bcbf4a451a7ebf1deb,0.0,0.0,3925.5247619047623,21,0.691683569979716,0,5304.480047,1
2025-03-19,Fear,0xaf40fdc468c30116bd3307bcbf4a451a7ebf1deb,5304.480047,0.691358024691358,4703.033148148148,162,0.5367016205910391,0,0.0,0
2025-03-20,Neutral,0xaf40fdc468c30116bd3307bcbf4a451a7ebf1deb,0.0,0.0,84870.0,1,0.44652908067542213,2,5070.619785,1
2025-03-24,Neutral,0xaf40fdc468c30116bd3307bcbf4a451a7ebf1deb,5070.619785,0.7391304347826086,15004.912173913042,23,0.2616707616707617,0,0.0,0
2025-03-25,Neutral,0xaf40fdc468c30116bd3307bcbf4a451a7ebf1deb,0.0,0.0,87100.0,1,1.1436314363143631,2,2087.063794,1
2025-03-26,Neutral,0xaf40fdc468c30116bd3307bcbf4a451a7ebf1deb,2087.063794,0.1111111111111111,16199.963333333333,27,1.030104712041885,0,894.0,1
2025-03-27,Fear,0xaf40fdc468c30116bd3307bcbf4a451a7ebf1deb,894.0,0.2857142857142857,16543.90380952381,21,1.5241157556270097,0,1342.0,1
2025-03-28,Fear,0xaf40fdc468c30116bd3307bcbf4a451a7ebf1deb,1342.0,0.07407407407407407,6430.7037037037035,54,2.7333333333333334,0,2020.0,1
2025-04-03,Fear,0xaf40fdc468c30116bd3307bcbf4a451a7ebf1deb,2020.0,0.125,42527.5,8,1.207070707070707,2,2400.0,1
2025-04-05,Fear,0xaf40fdc468c30116bd3307bcbf4a451a7ebf1deb,2400.0,0.125,41637.49875,8,0.6216216216216216,2,0.0,0
2025-04-07,Extreme Fear,0xaf40fdc468c30116bd3307bcbf4a451a7ebf1deb,0.0,0.0,2238.4694117647055,17,1.0114367405289493,0,5246.0,1
2025-04-11,Fear,0xaf40fdc468c30116bd3307bcbf4a451a7ebf1deb,5246.0,1.0,29785.714285714286,7,0.3979591836734694,2,0.0,0
2025-04-12,Fear,0xaf40fdc468c30116bd3307bcbf4a451a7ebf1deb,0.0,0.0,1435.7078571428572,14,0.6111535523300229,0,,0
2023-12-05,Extreme Greed,0xb1231a4a2dd02f2276fa3c5e2a2f3436e6bfed23,0.0,0.0,5556.203333333334,9,3.5,0,-205.43473700000007,0
2023-12-14,Greed,0xb1231a4a2dd02f2276fa3c5e2a2f3436e6bfed23,-205.43473700000007,0.36363636363636365,10291.213636363636,11,0.8333333333333334,0,-24.632033999999997,0
2023-12-15,Greed,0xb1231a4a2dd02f2276fa3c5e2a2f3436e6bfed23,-24.632033999999997,0.0,5304.975,2,inf,0,0.0,0
2023-12-16,Greed,0xb1231a4a2dd02f2276fa3c5e2a2f3436e6bfed23,0.0,0.0,5116.256666666667,3,inf,0,304.982785,1
2023-12-17,Greed,0xb1231a4a2dd02f2276fa3c5e2a2f3436e6bfed23,304.982785,0.5,8305.572857142857,14,0.2727272727272727,0,0.0,0
2023-12-18,Greed,0xb1231a4a2dd02f2276fa3c5e2a2f3436e6bfed23,0.0,0.0,15582.089999999998,2,inf,0,1000.5386120000001,1
2023-12-19,Greed,0xb1231a4a2dd02f2276fa3c5e2a2f3436e6bfed23,1000.5386120000001,0.6666666666666666,6106.827333333334,15,0.5,0,162.732282,1
2023-12-20,Greed,0xb1231a4a2dd02f2276fa3c5e2a2f3436e6bfed23,162.732282,0.4444444444444444,7868.710555555556,18,1.25,0,537.211402,1
2023-12-21,Greed,0xb1231a4a2dd02f2276fa3c5e2a2f3436e6bfed23,537.211402,0.5306122448979592,2555.795306122449,49,0.8148148148148148,0,141.832675,1
2023-12-22,Greed,0xb1231a4a2dd02f2276fa3c5e2a2f3436e6bfed23,141.832675,0.2,8887.428,10,4.0,0,146.936704,1
2023-12-23,Greed,0xb1231a4a2dd02f2276fa3c5e2a2f3436e6bfed23,146.936704,0.6153846153846154,6033.711538461538,13,0.625,0,1008.619956,1
2023-12-24,Greed,0xb1231a4a2dd02f2276fa3c5e2a2f3436e6bfed23,1008.619956,0.38461538461538464,10332.177948717948,39,1.1666666666666667,0,-245.081348,0
2023-12-25,Greed,0xb1231a4a2dd02f2276fa3c5e2a2f3436e6bfed23,-245.081348,0.0,19982.836666666666,3,2.0,0,-704.8892269999999,0
2023-12-27,Greed,0xb1231a4a2dd02f2276fa3c5e2a2f3436e6bfed23,-704.8892269999999,0.14285714285714285,6121.823571428571,28,1.1538461538461537,0,-970.730876,0
2023-12-28,Greed,0xb1231a4a2dd02f2276fa3c5e2a2f3436e6bfed23,-970.730876,0.0,4352.923913043478,23,0.7692307692307693,0,508.92214299999995,1
2023-12-29,Greed,0xb1231a4a2dd02f2276fa3c5e2a2f3436e6bfed23,508.92214299999995,0.3,11391.1944,50,1.631578947368421,0,354.998648,1
2023-12-30,Greed,0xb1231a4a2dd02f2276fa3c5e2a2f3436e6bfed23,354.998648,0.4423076923076923,13510.58096153846,52,0.625,0,-129.53146,0
2024-01-01,Greed,0xb1231a4a2dd02f2276fa3c5e2a2f3436e6bfed23,-129.53146,0.05555555555555555,14679.973888888888,18,1.25,0,783.979116,1
2024-01-02,Greed,0xb1231a4a2dd02f2276fa3c5e2a2f3436e6bfed23,783.979116,0.47058823529411764,7138.1611764705885,17,1.125,0,866.015507,1
2024-01-03,Greed,0xb1231a4a2dd02f2276fa3c5e2a2f3436e6bfed23,866.015507,0.417910447761194,5888.050149253731,67,0.9142857142857143,0,-67.60364,0
2024-01-04,Greed,0xb1231a4a2dd02f2276fa3c5e2a2f3436e6bfed23,-67.60364,0.0,19958.508,5,0.6666666666666666,0,164.141565,1
2024-01-05,Greed,0xb1231a4a2dd02f2276fa3c5e2a2f3436e6bfed23,164.141565,0.19696969696969696,25817.31303030303,66,0.8857142857142857,2,135.58166400000002,1
2024-01-06,Greed,0xb1231a4a2dd02f2276fa3c5e2a2f3436e6bfed23,135.58166400000002,0.45454545454545453,13569.154545454547,22,1.0,0,-835.681235,0
2024-01-07,Greed,0xb1231a4a2dd02f2276fa3c5e2a2f3436e6bfed23,-835.681235,0.09278350515463918,10812.887216494846,97,1.1555555555555554,0,-269.874439,0
2024-01-08,Greed,0xb1231a4a2dd02f2276fa3c5e2a2f3436e6bfed23,-269.874439,0.25,11894.159609375,128,0.45454545454545453,0,-826.349863,0
2024-01-09,Extreme Greed,0xb1231a4a2dd02f2276fa3c5e2a2f3436e6bfed23,-826.349863,0.2571428571428571,12429.313857142857,70,0.6666666666666666,0,-1517.091342,0
2024-01-10,Greed,0xb1231a4a2dd02f2276fa3c5e2a2f3436e6bfed23,-1517.091342,0.21243523316062177,10660.515440414507,193,0.9108910891089109,0,-164.08950099999998,0
2024-01-11,Extreme Greed,0xb1231a4a2dd02f2276fa3c5e2a2f3436e6bfed23,-164.08950099999998,0.2631578947368421,13641.064736842105,19,1.625,0,-1925.519024,0
2024-01-12,Greed,0xb1231a4a2dd02f2276fa3c5e2a2f3436e6bfed23,-1925.519024,0.0,28583.181428571428,7,2.5,2,0.0,0
2024-01-15,Neutral,0xb1231a4a2dd02f2276fa3c5e2a2f3436e6bfed23,0.0,0.0,10001.248,5,0.5555555555555556,0,939.6285419999999,1
2024-01-16,Greed,0xb1231a4a2dd02f2276fa3c5e2a2f3436e6bfed23,939.6285419999999,1.0,17648.416666666668,3,0.8,0,813.2741110000001,1
2024-01-17,Greed,0xb1231a4a2dd02f2276fa3c5e2a2f3436e6bfed23,813.2741110000001,0.20754716981132076,15110.019433962265,53,1.4090909090909092,0,68.93319,1
2024-01-18,Greed,0xb1231a4a2dd02f2276fa3c5e2a2f3436e6bfed23,68.93319,0.06521739130434782,9231.120217391304,46,0.6428571428571429,0,-385.215235,0
2024-01-19,Neutral,0xb1231a4a2dd02f2276fa3c5e2a2f3436e6bfed23,-385.215235,0.1282051282051282,10946.209230769231,39,1.8235294117647058,0,-146.57487000000003,0
2024-01-20,Neutral,0xb1231a4a2dd02f2276fa3c5e2a2f3436e6bfed23,-146.57487000000003,0.14150943396226415,10095.193490566038,106,1.3043478260869565,0,266.58114600000005,1
2024-01-21,Greed,0xb1231a4a2dd02f2276fa3c5e2a2f3436e6bfed23,266.58114600000005,0.2727272727272727,9375.43090909091,11,0.375,0,209.39217099999996,1
2024-01-22,Greed,0xb1231a4a2dd02f2276fa3c5e2a2f3436e6bfed23,209.39217099999996,0.24324324324324326,7671.794864864864,37,1.5,0,-369.2447299999998,0
2024-01-23,Neutral,0xb1231a4a2dd02f2276fa3c5e2a2f3436e6bfed23,-369.2447299999998,0.24444444444444444,9211.531777777778,45,2.75,0,-2808.353815,0
2024-01-24,Neutral,0xb1231a4a2dd02f2276fa3c5e2a2f3436e6bfed23,-2808.353815,0.14705882352941177,14192.42044117647,68,0.6585365853658537,0,-3093.6293849999997,0
2024-01-25,Neutral,0xb1231a4a2dd02f2276fa3c5e2a2f3436e6bfed23,-3093.6293849999997,0.0,11094.355000000001,6,0.0,0,0.0,0
2024-01-26,Neutral,0xb1231a4a2dd02f2276fa3c5e2a2f3436e6bfed23,0.0,0.0,839.1366666666667,3,4.0,0,484.847102,1
2024-01-29,Greed,0xb1231a4a2dd02f2276fa3c5e2a2f3436e6bfed23,484.847102,0.6111111111111112,5724.157222222222,72,0.39622641509433965,0,-173.65419100000003,0
2024-01-30,Greed,0xb1231a4a2dd02f2276fa3c5e2a2f3436e6bfed23,-173.65419100000003,0.10204081632653061,8183.905714285715,49,1.3333333333333333,0,-799.840817,0
2024-01-31,Greed,0xb1231a4a2dd02f2276fa3c5e2a2f3436e6bfed23,-799.840817,0.2689173457508731,7340.683504074505,859,1.2082262210796915,0,0.0,0
2024-02-01,Greed,0xb1231a4a2dd02f2276fa3c5e2a2f3436e6bfed23,0.0,0.0,334.69666666666666,6,inf,0,456.423473,1
2024-02-02,Greed,0xb1231a4a2dd02f2276fa3c5e2a2f3436e6bfed23,456.423473,0.30952380952380953,11292.343571428572,42,0.8260869565217391,0,223.30918699999998,1
2024-02-03,Greed,0xb1231a4a2dd02f2276fa3c5e2a2f3436e6bfed23,223.30918699999998,0.10714285714285714,10782.5,56,0.47368421052631576,0,47.62389499999999,1
2024-02-04,Greed,0xb1231a4a2dd02f2276fa3c5e2a2f3436e6bfed23,47.62389499999999,0.2571428571428571,5805.358,35,1.1875,0,-33.45419400000003,0
2024-02-05,Greed,0xb1231a4a2dd02f2276fa3c5e2a2f3436e6bfed23,-33.45419400000003,0.19444444444444445,10697.198055555556,72,0.8461538461538461,0,-215.615907,0
2024-02-06,Greed,0xb1231a4a2dd02f2276fa3c5e2a2f3436e6bfed23,-215.615907,0.1645220588235294,7396.280707720588,1088,0.9087719298245615,0,241.24212,1
2024-02-07,Greed,0xb1231a4a2dd02f2276fa3c5e2a2f3436e6bfed23,241.24212,0.13333333333333333,450.582,15,0.875,0,770.756024,1
2024-02-08,Greed,0xb1231a4a2dd02f2276fa3c5e2a2f3436e6bfed23,770.756024,0.4,2605.112,10,0.25,0,983.443176,1
2024-02-11,Greed,0xb1231a4a2dd02f2276fa3c5e2a2f3436e6bfed23,983.443176,0.20588235294117646,6244.465294117647,34,2.090909090909091,0,913.8817869999998,1
2024-02-12,Greed,0xb1231a4a2dd02f2276fa3c5e2a2f3436e6bfed23,913.8817869999998,0.375,14202.981249999999,16,2.2,0,559.44389,1
2024-02-13,Extreme Greed,0xb1231a4a2dd02f2276fa3c5e2a2f3436e6bfed23,559.44389,1.0,142.85642857142858,14,0.0,0,191.29666400000002,1
2024-02-14,Greed,0xb1231a4a2dd02f2276fa3c5e2a2f3436e6bfed23,191.29666400000002,0.17391304347826086,4465.268695652174,23,0.44155844155844154,0,816.0903969999999,1
2024-02-15,Greed,0xb1231a4a2dd02f2276fa3c5e2a2f3436e6bfed23,816.0903969999999,0.7272727272727273,9886.378181818181,11,4.7272727272727275,0,0.0,0
2024-02-16,Greed,0xb1231a4a2dd02f2276fa3c5e2a2f3436e6bfed23,0.0,0.0,8396.053333333333,12,1.7164179104477613,0,259.62944200000004,1
2024-02-17,Extreme Greed,0xb1231a4a2dd02f2276fa3c5e2a2f3436e6bfed23,259.62944200000004,0.23333333333333334,6791.962666666667,30,1.1363636363636365,0,-8.05898,0
2024-02-19,Extreme Greed,0xb1231a4a2dd02f2276fa3c5e2a2f3436e6bfed23,-8.05898,0.16666666666666666,8333.848333333333,6,0.6833333333333333,0,210.315294,1
2024-02-20,Greed,0xb1231a4a2dd02f2276fa3c5e2a2f3436e6bfed23,210.315294,1.0,427.575,4,0.5,0,0.0,0
2024-02-21,Extreme Greed,0xb1231a4a2dd02f2276fa3c5e2a2f3436e6bfed23,0.0,0.0,10005.6,1,0.4666666666666667,0,0.0,0
2024-02-22,Greed,0xb1231a4a2dd02f2276fa3c5e2a2f3436e6bfed23,0.0,0.0,2500.32,2,0.660377358490566,0,0.0,0
2024-02-26,Greed,0xb1231a4a2dd02f2276fa3c5e2a2f3436e6bfed23,0.0,0.0,249.98499999999999,2,2.25,0,576.38114,1
2024-02-27,Extreme Greed,0xb1231a4a2dd02f2276fa3c5e2a2f3436e6bfed23,576.38114,0.875,322.04,8,1.1,0,1320.804256,1
2024-02-29,Extreme Greed,0xb1231a4a2dd02f2276fa3c5e2a2f3436e6bfed23,1320.804256,0.42857142857142855,3546.727142857143,7,1.0714285714285714,0,-1443.814567,0
2024-03-02,Extreme Greed,0xb1231a4a2dd02f2276fa3c5e2a2f3436e6bfed23,-1443.814567,0.0,420.5385714285714,7,9.333333333333334,0,1026.004099,1
2024-03-04,Extreme Greed,0xb1231a4a2dd02f2276fa3c5e2a2f3436e6bfed23,1026.004099,1.0,290.5161538461538,13,1.158273381294964,0,388.830831,1
2024-03-15,Extreme Greed,0xb1231a4a2dd02f2276fa3c5e2a2f3436e6bfed23,388.830831,0.42105263157894735,3995.254210526316,19,0.7222222222222222,0,0.0,0
2024-03-16,Extreme Greed,0xb1231a4a2dd02f2276fa3c5e2a2f3436e6bfed23,0.0,0.0,5000.0,2,1.6666666666666667,0,0.0,0
2024-03-17,Extreme Greed,0xb1231a4a2dd02f2276fa3c5e2a2f3436e6bfed23,0.0,0.0,3751.305,2,3.6,0,212.3193,1
2024-03-18,Extreme Greed,0xb1231a4a2dd02f2276fa3c5e2a2f3436e6bfed23,212.3193,1.0,5214.47,1,2.1666666666666665,0,-174.00152,0
2024-03-19,Extreme Greed,0xb1231a4a2dd02f2276fa3c5e2a2f3436e6bfed23,-174.00152,0.0,2982.842,10,2.4285714285714284,0,3829.986976,1
2024-03-20,Greed,0xb1231a4a2dd02f2276fa3c5e2a2f3436e6bfed23,3829.986976,0.4,7134.341,10,0.725,0,238.326075,1
2024-03-21,Extreme Greed,0xb1231a4a2dd02f2276fa3c5e2a2f3436e6bfed23,238.326075,0.25,2560.8025000000002,4,13.0,0,0.0,0
2024-04-02,Extreme Greed,0xb1231a4a2dd02f2276fa3c5e2a2f3436e6bfed23,0.0,0.0,3749.9725,4,0.3225806451612903,0,0.0,0
2024-04-03,Greed,0xb1231a4a2dd02f2276fa3c5e2a2f3436e6bfed23,0.0,0.0,4999.83,2,3.0,0,965.5522159999999,1
2024-04-05,Extreme Greed,0xb1231a4a2dd02f2276fa3c5e2a2f3436e6bfed23,965.5522159999999,1.0,3245.635,8,0.20481927710843373,0,-2830.444513,0
2024-04-12,Extreme Greed,0xb1231a4a2dd02f2276fa3c5e2a2f3436e6bfed23,-2830.444513,0.0,2021.84,15,0.5,0,0.0,0
2024-04-26,Greed,0xb1231a4a2dd02f2276fa3c5e2a2f3436e6bfed23,0.0,0.0,1662.7633333333335,3,0.0,0,0.0,0
2024-04-28,Greed,0xb1231a4a2dd02f2276fa3c5e2a2f3436e6bfed23,0.0,0.0,339.7238,50,0.0,0,0.0,0
2024-04-29,Greed,0xb1231a4a2dd02f2276fa3c5e2a2f3436e6bfed23,0.0,0.0,301.70142857142855,14,1.1428571428571428,0,0.0,0
2024-05-03,Neutral,0xb1231a4a2dd02f2276fa3c5e2a2f3436e6bfed23,0.0,0.0,829.8083333333334,6,0.09090909090909091,0,0.0,0
2024-05-04,Greed,0xb1231a4a2dd02f2276fa3c5e2a2f3436e6bfed23,0.0,0.0,1666.47,3,0.0,0,227.320653,1
2024-05-07,Greed,0xb1231a4a2dd02f2276fa3c5e2a2f3436e6bfed23,227.320653,0.2857142857142857,1395.532857142857,7,0.5,0,0.0,0
2024-05-09,Greed,0xb1231a4a2dd02f2276fa3c5e2a2f3436e6bfed23,0.0,0.0,1658.5133333333333,3,0.47368421052631576,0,0.0,0
2024-05-12,Greed,0xb1231a4a2dd02f2276fa3c5e2a2f3436e6bfed23,0.0,0.0,782.6861538461538,13,2.8333333333333335,0,0.0,0
2024-05-13,Greed,0xb1231a4a2dd02f2276fa3c5e2a2f3436e6bfed23,0.0,0.0,1658.2700000000002,3,0.21739130434782608,0,0.0,0
2024-05-16,Greed,0xb1231a4a2dd02f2276fa3c5e2a2f3436e6bfed23,0.0,0.0,1280.0233333333333,3,1.0769230769230769,0,-74.818442,0
2024-05-20,Greed,0xb1231a4a2dd02f2276fa3c5e2a2f3436e6bfed23,-74.818442,0.0,1707.1166666666668,3,2.3333333333333335,0,1272.088356,1
2024-05-21,Extreme Greed,0xb1231a4a2dd02f2276fa3c5e2a2f3436e6bfed23,1272.088356,0.09722222222222222,8594.73125,72,0.3020833333333333,0,0.0,0
2024-05-23,Extreme Greed,0xb1231a4a2dd02f2276fa3c5e2a2f3436e6bfed23,0.0,0.0,3896.7610526315784,19,1.3897058823529411,0,821.949278,1
2024-05-24,Greed,0xb1231a4a2dd02f2276fa3c5e2a2f3436e6bfed23,821.949278,1.0,25405.949999999997,2,0.0,2,0.0,0
2024-05-25,Extreme Greed,0xb1231a4a2dd02f2276fa3c5e2a2f3436e6bfed23,0.0,0.0,12503.574999999999,2,0.7777777777777778,0,773.4582,1
2024-05-26,Extreme Greed,0xb1231a4a2dd02f2276fa3c5e2a2f3436e6bfed23,773.4582,0.2222222222222222,5640.383333333334,9,0.14285714285714285,0,0.0,0
2024-06-07,Extreme Greed,0xb1231a4a2dd02f2276fa3c5e2a2f3436e6bfed23,0.0,0.0,77.5807142857143,14,0.6988416988416989,0,0.0,0
2024-06-09,Extreme Greed,0xb1231a4a2dd02f2276fa3c5e2a2f3436e6bfed23,0.0,0.0,117.52166666666666,12,inf,0,4269.550668,1
2024-06-11,Greed,0xb1231a4a2dd02f2276fa3c5e2a2f3436e6bfed23,4269.550668,0.10666666666666667,1046.24,75,12.666666666666666,0,0.0,0
2024-06-12,Greed,0xb1231a4a2dd02f2276fa3c5e2a2f3436e6bfed23,0.0,0.0,41.1072972972973,37,0.8273381294964028,0,6634.160155,1
2024-06-13,Greed,0xb1231a4a2dd02f2276fa3c5e2a2f3436e6bfed23,6634.160155,0.24358974358974358,1699.554487179487,78,25.333333333333332,0,10258.592609,1
2024-06-14,Greed,0xb1231a4a2dd02f2276fa3c5e2a2f3436e6bfed23,10258.592609,1.0,2791.98,15,inf,0,1285.5244400000001,1
2024-06-15,Greed,0xb1231a4a2dd02f2276fa3c5e2a2f3436e6bfed23,1285.5244400000001,0.225,3156.3154999999997,40,0.13043478260869565,0,0.0,0
2024-06-16,Greed,0xb1231a4a2dd02f2276fa3c5e2a2f3436e6bfed23,0.0,0.0,2294.0981818181817,11,0.0,0,9330.743339,1
2024-06-17,Greed,0xb1231a4a2dd02f2276fa3c5e2a2f3436e6bfed23,9330.743339,0.875,4828.689166666667,24,5.333333333333333,0,282.57636,1
2024-06-18,Greed,0xb1231a4a2dd02f2276fa3c5e2a2f3436e6bfed23,282.57636,0.2222222222222222,11128.698333333334,18,5.25,0,2833.6833,1
2024-06-19,Greed,0xb1231a4a2dd02f2276fa3c5e2a2f3436e6bfed23,2833.6833,0.34146341463414637,4971.736829268292,41,0.05172413793103448,0,0.0,0
2024-06-20,Greed,0xb1231a4a2dd02f2276fa3c5e2a2f3436e6bfed23,0.0,0.0,314.2848148148148,27,0.0,0,0.0,0
2024-06-21,Greed,0xb1231a4a2dd02f2276fa3c5e2a2f3436e6bfed23,0.0,0.0,1478.9595652173912,69,5.666666666666667,0,756.876565,1
2024-06-22,Neutral,0xb1231a4a2dd02f2276fa3c5e2a2f3436e6bfed23,756.876565,0.38095238095238093,7218.764761904762,21,0.2,0,0.0,0
2024-06-23,Greed,0xb1231a4a2dd02f2276fa3c5e2a2f3436e6bfed23,0.0,0.0,358.424,5,0.0,0,0.0,0
2024-06-24,Neutral,0xb1231a4a2dd02f2276fa3c5e2a2f3436e6bfed23,0.0,0.0,15099.543,10,4.166666666666667,0,4869.353105,1
2024-06-25,Fear,0xb1231a4a2dd02f2276fa3c5e2a2f3436e6bfed23,4869.353105,0.22448979591836735,2104.062857142857,49,0.2894736842105263,0,0.0,0
2024-06-26,Neutral,0xb1231a4a2dd02f2276fa3c5e2a2f3436e6bfed23,0.0,0.0,24.288292682926826,41,1.3225806451612903,0,0.0,0
2024-06-27,Fear,0xb1231a4a2dd02f2276fa3c5e2a2f3436e6bfed23,0.0,0.0,583.1594444444444,18,0.6666666666666666,0,4307.587820000001,1
2024-06-29,Fear,0xb1231a4a2dd02f2276fa3c5e2a2f3436e6bfed23,4307.587820000001,0.1896551724137931,975.2437931034483,58,0.875,0,0.0,0
2024-06-30,Neutral,0xb1231a4a2dd02f2276fa3c5e2a2f3436e6bfed23,0.0,0.0,47.401818181818186,11,0.5555555555555556,0,3863.351096,1
2024-07-01,Neutral,0xb1231a4a2dd02f2276fa3c5e2a2f3436e6bfed23,3863.351096,0.3333333333333333,5205.286274509804,51,0.10344827586206896,0,2421.253116,1
2024-07-02,Neutral,0xb1231a4a2dd02f2276fa3c5e2a2f3436e6bfed23,2421.253116,0.7222222222222222,1852.6372222222224,18,2.6,0,0.0,0
2024-07-03,Neutral,0xb1231a4a2dd02f2276fa3c5e2a2f3436e6bfed23,0.0,0.0,9465.0725,8,inf,0,0.0,0
2024-07-04,Fear,0xb1231a4a2dd02f2276fa3c5e2a2f3436e6bfed23,0.0,0.0,15958.708181818183,11,inf,0,0.0,0
2024-07-05,Fear,0xb1231a4a2dd02f2276fa3c5e2a2f3436e6bfed23,0.0,0.0,165.92916666666667,12,inf,0,108.87217799999999,1
2024-07-06,Fear,0xb1231a4a2dd02f2276fa3c5e2a2f3436e6bfed23,108.87217799999999,0.2916666666666667,103.75708333333334,24,2.4285714285714284,0,61.428942,1
2024-07-07,Fear,0xb1231a4a2dd02f2276fa3c5e2a2f3436e6bfed23,61.428942,1.0,49.875,10,0.0,0,0.0,0
2024-07-08,Fear,0xb1231a4a2dd02f2276fa3c5e2a2f3436e6bfed23,0.0,0.0,497.64,1,inf,0,648.984412,1
2024-07-09,Fear,0xb1231a4a2dd02f2276fa3c5e2a2f3436e6bfed23,648.984412,1.0,182.42999999999998,15,0.0,0,382.10788099999996,1
2024-07-10,Fear,0xb1231a4a2dd02f2276fa3c5e2a2f3436e6bfed23,382.10788099999996,0.38461538461538464,1229.4692307692308,13,0.21739130434782608,0,1412.314654,1
2024-07-12,Fear,0xb1231a4a2dd02f2276fa3c5e2a2f3436e6bfed23,1412.314654,1.0,1508.48,9,inf,0,234.778463,1
2024-07-13,Fear,0xb1231a4a2dd02f2276fa3c5e2a2f3436e6bfed23,234.778463,1.0,124.795,4,0.0,0,0.0,0
2024-07-17,Greed,0xb1231a4a2dd02f2276fa3c5e2a2f3436e6bfed23,0.0,0.0,1427.2385714285715,7,0.7908163265306123,0,0.0,0
2024-07-24,Greed,0xb1231a4a2dd02f2276fa3c5e2a2f3436e6bfed23,0.0,0.0,170.22400000000002,35,1.5,0,916.7382600000001,1
2024-07-25,Greed,0xb1231a4a2dd02f2276fa3c5e2a2f3436e6bfed23,916.7382600000001,0.8333333333333334,764.4941666666667,12,77.0,0,2425.262989,1
2024-07-26,Greed,0xb1231a4a2dd02f2276fa3c5e2a2f3436e6bfed23,2425.262989,0.9666666666666667,8415.887666666667,30,0.3944954128440367,0,112.946925,1
2024-07-29,Greed,0xb1231a4a2dd02f2276fa3c5e2a2f3436e6bfed23,112.946925,0.4583333333333333,12510.05625,24,0.8571428571428571,0,0.0,0
2024-08-01,Neutral,0xb1231a4a2dd02f2276fa3c5e2a2f3436e6bfed23,0.0,0.0,3896.047777777778,9,4.7,0,554.12049,1
2024-08-02,Greed,0xb1231a4a2dd02f2276fa3c5e2a2f3436e6bfed23,554.12049,0.4166666666666667,5882.177500000001,12,2.0,0,0.0,0
2024-08-03,Fear,0xb1231a4a2dd02f2276fa3c5e2a2f3436e6bfed23,0.0,0.0,4168.69,6,36.0,0,0.0,0
2024-08-04,Fear,0xb1231a4a2dd02f2276fa3c5e2a2f3436e6bfed23,0.0,0.0,5002.563703703704,27,0.8955223880597015,0,-8394.889856,0
2024-08-05,Fear,0xb1231a4a2dd02f2276fa3c5e2a2f3436e6bfed23,-8394.889856,0.5909090909090909,3331.070909090909,44,1.0512820512820513,0,51.56325,1
2024-08-06,Extreme Fear,0xb1231a4a2dd02f2276fa3c5e2a2f3436e6bfed23,51.56325,0.0625,758.8422499999999,80,2.4516129032258065,0,188.789255,1
2024-08-07,Fear,0xb1231a4a2dd02f2276fa3c5e2a2f3436e6bfed23,188.789255,0.47619047619047616,94.89190476190477,21,0.5714285714285714,0,0.0,0
2024-08-08,Extreme Fear,0xb1231a4a2dd02f2276fa3c5e2a2f3436e6bfed23,0.0,0.0,3168.014,5,1.25,0,6783.078347,1
2024-08-09,Neutral,0xb1231a4a2dd02f2276fa3c5e2a2f3436e6bfed23,6783.078347,0.2833333333333333,5447.171666666666,60,0.6,0,0.0,0
2024-08-10,Fear,0xb1231a4a2dd02f2276fa3c5e2a2f3436e6bfed23,0.0,0.0,130.32885057471265,87,87.0,0,0.0,0
2024-08-11,Fear,0xb1231a4a2dd02f2276fa3c5e2a2f3436e6bfed23,0.0,0.0,211.8975,16,2.0,0,0.0,0
2024-08-12,Fear,0xb1231a4a2dd02f2276fa3c5e2a2f3436e6bfed23,0.0,0.0,323.4293548387097,31,4.333333333333333,0,212.08102,1
2024-08-13,Fear,0xb1231a4a2dd02f2276fa3c5e2a2f3436e6bfed23,212.08102,0.47058823529411764,488.06470588235294,17,6.666666666666667,0,0.0,0
2024-08-14,Fear,0xb1231a4a2dd02f2276fa3c5e2a2f3436e6bfed23,0.0,0.0,136.21066666666667,15,3.1666666666666665,0,0.0,0
2024-08-15,Fear,0xb1231a4a2dd02f2276fa3c5e2a2f3436e6bfed23,0.0,0.0,126.86416666666668,12,inf,0,825.230544,1
2024-08-16,Fear,0xb1231a4a2dd02f2276fa3c5e2a2f3436e6bfed23,825.230544,0.09090909090909091,4663.112424242424,33,10.666666666666666,0,339.69958299999996,1
2024-08-19,Fear,0xb1231a4a2dd02f2276fa3c5e2a2f3436e6bfed23,339.69958299999996,0.625,12539.37875,8,0.6,0,0.0,0
2024-08-24,Greed,0xb1231a4a2dd02f2276fa3c5e2a2f3436e6bfed23,0.0,0.0,3999.9199999999996,5,0.0,0,0.0,0
2024-08-25,Neutral,0xb1231a4a2dd02f2276fa3c5e2a2f3436e6bfed23,0.0,0.0,534.9192307692308,13,0.8888888888888888,0,0.0,0
2024-08-26,Greed,0xb1231a4a2dd02f2276fa3c5e2a2f3436e6bfed23,0.0,0.0,347.75,1,inf,0,0.0,0
2024-08-27,Neutral,0xb1231a4a2dd02f2276fa3c5e2a2f3436e6bfed23,0.0,0.0,121.97604651162791,43,49.0,0,1333.359645,1
2024-08-28,Fear,0xb1231a4a2dd02f2276fa3c5e2a2f3436e6bfed23,1333.359645,1.0,11832.755000000001,2,inf,0,0.0,0
2024-08-29,Fear,0xb1231a4a2dd02f2276fa3c5e2a2f3436e6bfed23,0.0,0.0,9995.85,1,0.0,0,256.464,1
2024-08-30,Fear,0xb1231a4a2dd02f2276fa3c5e2a2f3436e6bfed23,256.464,1.0,9739.38,1,2.0,0,0.0,0
2024-08-31,Fear,0xb1231a4a2dd02f2276fa3c5e2a2f3436e6bfed23,0.0,0.0,11111.126666666667,9,0.4782608695652174,0,1065.785132,1
2024-09-04,Fear,0xb1231a4a2dd02f2276fa3c5e2a2f3436e6bfed23,1065.785132,0.15151515151515152,2923.5148484848487,33,10.333333333333334,0,-1104.856765,0
2024-09-06,Extreme Fear,0xb1231a4a2dd02f2276fa3c5e2a2f3436e6bfed23,-1104.856765,0.0,106.74815789473683,38,0.10526315789473684,0,0.0,0
2024-09-09,Fear,0xb1231a4a2dd02f2276fa3c5e2a2f3436e6bfed23,0.0,0.0,2007.2150000000001,2,inf,0,0.0,0
2024-09-10,Fear,0xb1231a4a2dd02f2276fa3c5e2a2f3436e6bfed23,0.0,0.0,766.74,1,0.5,0,0.0,0
2024-09-14,Neutral,0xb1231a4a2dd02f2276fa3c5e2a2f3436e6bfed23,0.0,0.0,101.415,10,10.0,0,-878.684794,0
2024-09-18,Neutral,0xb1231a4a2dd02f2276fa3c5e2a2f3436e6bfed23,-878.684794,0.0,94.02413793103449,145,0.08208955223880597,0,0.0,0
2024-09-19,Neutral,0xb1231a4a2dd02f2276fa3c5e2a2f3436e6bfed23,0.0,0.0,80.09842105263158,19,inf,0,0.0,0
2024-09-24,Neutral,0xb1231a4a2dd02f2276fa3c5e2a2f3436e6bfed23,0.0,0.0,111.67333333333335,9,9.0,0,0.0,0
2024-10-04,Fear,0xb1231a4a2dd02f2276fa3c5e2a2f3436e6bfed23,0.0,0.0,0.34,1,0.0,0,0.0,0
2024-10-08,Neutral,0xb1231a4a2dd02f2276fa3c5e2a2f3436e6bfed23,0.0,0.0,0.58,1,17.0,0,274999.139393,1
2024-12-04,Extreme Greed,0xb1231a4a2dd02f2276fa3c5e2a2f3436e6bfed23,274999.139393,1.0,6249.985227272727,44,0.4304932735426009,0,49999.876084999996,1
2024-12-05,Extreme Greed,0xb1231a4a2dd02f2276fa3c5e2a2f3436e6bfed23,49999.876084999996,1.0,12499.98,4,0.7272727272727273,0,74999.848329,1
2024-12-06,Greed,0xb1231a4a2dd02f2276fa3c5e2a2f3436e6bfed23,74999.848329,1.0,2999.9956,25,1.0353535353535352,0,74999.62263,1
2024-12-07,Extreme Greed,0xb1231a4a2dd02f2276fa3c5e2a2f3436e6bfed23,74999.62263,0.6,15999.469999999998,5,0.5670103092783505,0,0.0,0
2024-12-08,Extreme Greed,0xb1231a4a2dd02f2276fa3c5e2a2f3436e6bfed23,0.0,0.0,3572.0706206896552,145,0.24260355029585798,0,274998.942584,1
2024-12-11,Greed,0xb1231a4a2dd02f2276fa3c5e2a2f3436e6bfed23,274998.942584,1.0,1762.8148717948718,156,0.16285714285714287,0,449328.107544,1
2024-12-12,Extreme Greed,0xb1231a4a2dd02f2276fa3c5e2a2f3436e6bfed23,449328.107544,1.0,1430.9824522292993,314,0.2786234281932495,0,100273.248286,1
2024-12-14,Extreme Greed,0xb1231a4a2dd02f2276fa3c5e2a2f3436e6bfed23,100273.248286,1.0,2005.4666,50,0.9296875,0,49955.768945,1
2024-12-15,Extreme Greed,0xb1231a4a2dd02f2276fa3c5e2a2f3436e6bfed23,49955.768945,1.0,1921.375769230769,26,1.9982332155477032,0,50346.757308,1
2024-12-17,Extreme Greed,0xb1231a4a2dd02f2276fa3c5e2a2f3436e6bfed23,50346.757308,0.7894736842105263,2640.7076315789473,38,0.7807339449541284,0,2222.47801,1
2024-12-18,Extreme Greed,0xb1231a4a2dd02f2276fa3c5e2a2f3436e6bfed23,2222.47801,1.0,2654.303888888889,18,1.0014005602240896,0,0.0,0
2024-12-20,Greed,0xb1231a4a2dd02f2276fa3c5e2a2f3436e6bfed23,0.0,0.0,2321.7200000000003,43,0.8307579102281089,0,0.0,0
2024-12-21,Greed,0xb1231a4a2dd02f2276fa3c5e2a2f3436e6bfed23,0.0,0.0,1608.8398387096772,62,0.5493087557603686,0,20549.813184,1
2024-12-23,Greed,0xb1231a4a2dd02f2276fa3c5e2a2f3436e6bfed23,20549.813184,0.6984126984126984,3635.03126984127,63,0.7902364607170099,0,0.0,0
2024-12-24,Greed,0xb1231a4a2dd02f2276fa3c5e2a2f3436e6bfed23,0.0,0.0,10714.267142857143,7,0.5363636363636364,0,10371.049075,1
2024-12-26,Extreme Greed,0xb1231a4a2dd02f2276fa3c5e2a2f3436e6bfed23,10371.049075,1.0,1878.7534426229506,61,1.1512345679012346,0,0.0,0
2024-12-30,Greed,0xb1231a4a2dd02f2276fa3c5e2a2f3436e6bfed23,0.0,0.0,3301.7203999999997,25,1.512396694214876,0,0.0,0
2025-01-02,Greed,0xb1231a4a2dd02f2276fa3c5e2a2f3436e6bfed23,0.0,0.0,1666.6133333333335,6,0.421259842519685,0,0.0,0
2025-01-03,Greed,0xb1231a4a2dd02f2276fa3c5e2a2f3436e6bfed23,0.0,0.0,557.795,18,0.49852507374631266,0,1659.7995640000001,1
2025-01-04,Greed,0xb1231a4a2dd02f2276fa3c5e2a2f3436e6bfed23,1659.7995640000001,0.6842105263157895,1695.0778947368422,19,0.2576271186440678,0,956.5545050000001,1
2025-01-05,Greed,0xb1231a4a2dd02f2276fa3c5e2a2f3436e6bfed23,956.5545050000001,0.9696969696969697,332.21393939393937,33,0.3735632183908046,0,281.45074800000003,1
2025-01-06,Extreme Greed,0xb1231a4a2dd02f2276fa3c5e2a2f3436e6bfed23,281.45074800000003,0.32941176470588235,237.78799999999998,85,0.34823529411764703,0,0.0,0
2025-01-08,Greed,0xb1231a4a2dd02f2276fa3c5e2a2f3436e6bfed23,0.0,0.0,944.90625,16,2.5340136054421767,0,5383.278555,1
2025-01-15,Greed,0xb1231a4a2dd02f2276fa3c5e2a2f3436e6bfed23,5383.278555,1.0,491.1363636363636,11,0.5344827586206896,0,897.284184,1
2025-01-16,Extreme Greed,0xb1231a4a2dd02f2276fa3c5e2a2f3436e6bfed23,897.284184,0.4782608695652174,1393.2204347826087,23,0.44357976653696496,0,7393.785411,1
2025-01-18,Extreme Greed,0xb1231a4a2dd02f2276fa3c5e2a2f3436e6bfed23,7393.785411,0.38613861386138615,1905.1814851485146,101,1.1845637583892616,0,3867.854339,1
2025-01-19,Extreme Greed,0xb1231a4a2dd02f2276fa3c5e2a2f3436e6bfed23,3867.854339,1.0,6311.63,3,1.1584022038567494,0,0.0,0
2025-01-20,Extreme Greed,0xb1231a4a2dd02f2276fa3c5e2a2f3436e6bfed23,0.0,0.0,1310.68,23,1.3482142857142858,0,2997.363771,1
2025-01-21,Extreme Greed,0xb1231a4a2dd02f2276fa3c5e2a2f3436e6bfed23,2997.363771,0.4230769230769231,1598.0225,52,0.37662337662337664,0,0.0,0
2025-01-22,Extreme Greed,0xb1231a4a2dd02f2276fa3c5e2a2f3436e6bfed23,0.0,0.0,1799.2789189189189,111,0.5551401869158878,0,25224.994585,1
2025-01-23,Extreme Greed,0xb1231a4a2dd02f2276fa3c5e2a2f3436e6bfed23,25224.994585,1.0,2493.861,90,0.8538812785388128,0,0.0,0
2025-01-25,Extreme Greed,0xb1231a4a2dd02f2276fa3c5e2a2f3436e6bfed23,0.0,0.0,1004.8726666666666,15,1.649214659685864,0,0.0,0
2025-01-27,Greed,0xb1231a4a2dd02f2276fa3c5e2a2f3436e6bfed23,0.0,0.0,3464.2846153846153,13,1.9391634980988592,0,0.0,0
2025-01-29,Greed,0xb1231a4a2dd02f2276fa3c5e2a2f3436e6bfed23,0.0,0.0,305.256,40,0.9279661016949152,0,2503.8204370000003,1
2025-01-30,Greed,0xb1231a4a2dd02f2276fa3c5e2a2f3436e6bfed23,2503.8204370000003,0.008928571428571428,1614.6436011904761,336,0.33375,0,0.0,0
2025-01-31,Extreme Greed,0xb1231a4a2dd02f2276fa3c5e2a2f3436e6bfed23,0.0,0.0,1723.3093103448277,58,0.4660894660894661,0,15452.344326,1
2025-02-01,Greed,0xb1231a4a2dd02f2276fa3c5e2a2f3436e6bfed23,15452.344326,0.2727272727272727,1400.39,11,1.24822695035461,0,69051.70619,1
2025-02-02,Greed,0xb1231a4a2dd02f2276fa3c5e2a2f3436e6bfed23,69051.70619,0.8068181818181818,6537.665,88,1.713991769547325,0,46742.288748,1
2025-02-03,Fear,0xb1231a4a2dd02f2276fa3c5e2a2f3436e6bfed23,46742.288748,0.3449612403100775,1333.0556976744185,258,0.8463925523661753,0,16102.444634,1
2025-02-04,Greed,0xb1231a4a2dd02f2276fa3c5e2a2f3436e6bfed23,16102.444634,0.3600605143721634,2456.432904689864,661,0.8349159970781592,0,14644.100674,1
2025-02-05,Neutral,0xb1231a4a2dd02f2276fa3c5e2a2f3436e6bfed23,14644.100674,0.42201834862385323,2359.758899082569,218,1.1332236842105263,0,51100.947505,1
2025-02-06,Neutral,0xb1231a4a2dd02f2276fa3c5e2a2f3436e6bfed23,51100.947505,0.847255369928401,1617.0732696897373,419,2.153703703703704,0,1831.9529619999998,1
2025-02-07,Fear,0xb1231a4a2dd02f2276fa3c5e2a2f3436e6bfed23,1831.9529619999998,0.3356643356643357,1073.4656643356643,143,1.687830687830688,0,115791.92916,1
2025-02-09,Neutral,0xb1231a4a2dd02f2276fa3c5e2a2f3436e6bfed23,115791.92916,0.1791044776119403,2647.2844776119405,67,1.2738095238095237,0,0.0,0
2025-02-10,Fear,0xb1231a4a2dd02f2276fa3c5e2a2f3436e6bfed23,0.0,0.0,1960.124705882353,17,0.6805293005671077,0,0.0,0
2025-02-11,Neutral,0xb1231a4a2dd02f2276fa3c5e2a2f3436e6bfed23,0.0,0.0,2285.4152892561983,121,0.7448559670781894,0,8664.933786,1
2025-02-12,Neutral,0xb1231a4a2dd02f2276fa3c5e2a2f3436e6bfed23,8664.933786,0.31275720164609055,1698.3335802469135,243,0.6496,0,0.0,0
2025-02-13,Neutral,0xb1231a4a2dd02f2276fa3c5e2a2f3436e6bfed23,0.0,0.0,1735.2890476190476,168,0.7631917631917632,0,0.0,0
2025-02-14,Neutral,0xb1231a4a2dd02f2276fa3c5e2a2f3436e6bfed23,0.0,0.0,1615.370303030303,165,0.47373107747105964,0,73677.453556,1
2025-02-18,Neutral,0xb1231a4a2dd02f2276fa3c5e2a2f3436e6bfed23,73677.453556,1.0,2654.748446969697,264,1.6816,0,3350.218775,1
2025-02-19,Fear,0xb1231a4a2dd02f2276fa3c5e2a2f3436e6bfed23,3350.218775,0.3058823529411765,2310.5601176470586,85,1.738430583501006,0,0.0,0
2025-02-20,Neutral,0xb1231a4a2dd02f2276fa3c5e2a2f3436e6bfed23,0.0,0.0,1452.1574910394265,279,0.6437908496732027,0,3056.449155,1
2025-02-21,Greed,0xb1231a4a2dd02f2276fa3c5e2a2f3436e6bfed23,3056.449155,0.5344827586206896,4768.487241379311,58,0.6589902568644819,0,5628.488702,1
2025-02-22,Neutral,0xb1231a4a2dd02f2276fa3c5e2a2f3436e6bfed23,5628.488702,0.7322834645669292,1574.8144094488189,127,1.1042944785276074,0,8934.09502,1
2025-02-23,Neutral,0xb1231a4a2dd02f2276fa3c5e2a2f3436e6bfed23,8934.09502,1.0,2278.3786363636364,88,1.1940928270042195,0,10841.97075,1
2025-02-24,Neutral,0xb1231a4a2dd02f2276fa3c5e2a2f3436e6bfed23,10841.97075,0.6057692307692307,1111.8584134615385,208,1.3786531130876747,0,0.0,0
2025-02-25,Fear,0xb1231a4a2dd02f2276fa3c5e2a2f3436e6bfed23,0.0,0.0,1418.0078873239436,71,2.1074626865671644,0,0.0,0
2025-02-26,Extreme Fear,0xb1231a4a2dd02f2276fa3c5e2a2f3436e6bfed23,0.0,0.0,66.875,26,0.49049429657794674,0,0.0,0
2025-02-27,Extreme Fear,0xb1231a4a2dd02f2276fa3c5e2a2f3436e6bfed23,0.0,0.0,1508.357,10,0.8388429752066116,0,0.0,0
2025-03-04,Extreme Fear,0xb1231a4a2dd02f2276fa3c5e2a2f3436e6bfed23,0.0,0.0,1769.9948051948052,77,2.672782874617737,0,4647.056049,1
2025-03-05,Extreme Fear,0xb1231a4a2dd02f2276fa3c5e2a2f3436e6bfed23,4647.056049,0.6404494382022472,2021.519213483146,89,0.2918287937743191,0,698.036952,1
2025-03-06,Fear,0xb1231a4a2dd02f2276fa3c5e2a2f3436e6bfed23,698.036952,0.4393939393939394,1905.741818181818,66,0.9537275064267352,0,0.0,0
2025-03-07,Fear,0xb1231a4a2dd02f2276fa3c5e2a2f3436e6bfed23,0.0,0.0,2891.8463265306123,49,0.9260377358490566,0,2923.553302,1
2025-03-08,Fear,0xb1231a4a2dd02f2276fa3c5e2a2f3436e6bfed23,2923.553302,0.8478260869565217,1772.4605797101449,138,1.1950207468879668,0,2752.480766,1
2025-03-09,Fear,0xb1231a4a2dd02f2276fa3c5e2a2f3436e6bfed23,2752.480766,0.30405405405405406,1777.5894594594595,296,1.9936842105263157,0,0.0,0
2025-03-10,Extreme Fear,0xb1231a4a2dd02f2276fa3c5e2a2f3436e6bfed23,0.0,0.0,2392.7903278688523,61,1.1707680835197614,0,2349.7162,1
2025-03-11,Extreme Fear,0xb1231a4a2dd02f2276fa3c5e2a2f3436e6bfed23,2349.7162,0.47619047619047616,1993.2828205128203,273,1.8181818181818181,0,1215.156099,1
2025-03-12,Fear,0xb1231a4a2dd02f2276fa3c5e2a2f3436e6bfed23,1215.156099,0.10179640718562874,1351.2349101796408,334,0.7096079276174063,0,0.0,0
2025-03-13,Neutral,0xb1231a4a2dd02f2276fa3c5e2a2f3436e6bfed23,0.0,0.0,1190.9719047619049,42,0.9473684210526315,0,22911.093812,1
2025-03-14,Fear,0xb1231a4a2dd02f2276fa3c5e2a2f3436e6bfed23,22911.093812,1.0,1309.496439628483,323,0.15525352848928384,0,646.346496,1
2025-03-17,Fear,0xb1231a4a2dd02f2276fa3c5e2a2f3436e6bfed23,646.346496,0.26548672566371684,718.1312389380531,113,1.105263157894737,0,824.5402799999999,1
2025-03-20,Neutral,0xb1231a4a2dd02f2276fa3c5e2a2f3436e6bfed23,824.5402799999999,0.3333333333333333,1638.5426666666667,30,0.44652908067542213,0,0.0,0
2025-03-24,Neutral,0xb1231a4a2dd02f2276fa3c5e2a2f3436e6bfed23,0.0,0.0,1314.4001754385965,57,0.2616707616707617,0,2597.947325,1
2025-03-26,Neutral,0xb1231a4a2dd02f2276fa3c5e2a2f3436e6bfed23,2597.947325,1.0,1903.2236842105262,38,1.030104712041885,0,0.0,0
2025-04-03,Fear,0xb1231a4a2dd02f2276fa3c5e2a2f3436e6bfed23,0.0,0.0,5555.549999999999,9,1.207070707070707,0,2242.086667,1
2025-04-04,Fear,0xb1231a4a2dd02f2276fa3c5e2a2f3436e6bfed23,2242.086667,0.6565656565656566,1138.8816161616162,99,0.6455368693402329,0,3601.4274,1
2025-04-07,Extreme Fear,0xb1231a4a2dd02f2276fa3c5e2a2f3436e6bfed23,3601.4274,0.475,1713.7372500000001,80,1.0114367405289493,0,0.0,0
2025-04-11,Fear,0xb1231a4a2dd02f2276fa3c5e2a2f3436e6bfed23,0.0,0.0,1665.941,20,0.3979591836734694,0,0.0,0
2025-04-12,Fear,0xb1231a4a2dd02f2276fa3c5e2a2f3436e6bfed23,0.0,0.0,3918.2294117647057,17,0.6111535523300229,0,0.0,0
2025-04-13,Neutral,0xb1231a4a2dd02f2276fa3c5e2a2f3436e6bfed23,0.0,0.0,1111.095,30,1.2697594501718212,0,0.0,0
2025-04-15,Fear,0xb1231a4a2dd02f2276fa3c5e2a2f3436e6bfed23,0.0,0.0,1466.164,50,0.4371029224904701,0,0.0,0
2025-04-17,Fear,0xb1231a4a2dd02f2276fa3c5e2a2f3436e6bfed23,0.0,0.0,1174.1429523809522,105,0.49420289855072463,0,0.0,0
2025-04-18,Fear,0xb1231a4a2dd02f2276fa3c5e2a2f3436e6bfed23,0.0,0.0,1165.7812,50,0.6628621597892889,0,0.0,0
2025-04-19,Fear,0xb1231a4a2dd02f2276fa3c5e2a2f3436e6bfed23,0.0,0.0,1444.9214285714284,98,0.5590374930050364,0,0.0,0
2025-04-20,Fear,0xb1231a4a2dd02f2276fa3c5e2a2f3436e6bfed23,0.0,0.0,1140.8187671232877,73,1.194905869324474,0,0.0,0
2025-04-22,Neutral,0xb1231a4a2dd02f2276fa3c5e2a2f3436e6bfed23,0.0,0.0,1461.1758904109588,73,0.899873257287706,0,0.0,0
2025-04-23,Greed,0xb1231a4a2dd02f2276fa3c5e2a2f3436e6bfed23,0.0,0.0,9722.050000000001,6,2.1731066460587325,0,102460.17164,1
2025-05-01,Neutral,0xb1231a4a2dd02f2276fa3c5e2a2f3436e6bfed23,102460.17164,0.7808219178082192,3462.1106849315065,73,1.2610294117647058,0,,0
2025-02-28,Extreme Fear,0xb899e522b5715391ae1d4f137653e7906c5e2115,-72.202951,0.0,735.4342857142857,7,1.0838445807770962,0,34795.678173,1
2025-03-02,Fear,0xb899e522b5715391ae1d4f137653e7906c5e2115,34795.678173,0.4838709677419355,24787.07348387097,155,1.062015503875969,2,535.4072209999999,1
2025-03-03,Fear,0xb899e522b5715391ae1d4f137653e7906c5e2115,535.4072209999999,0.45161290322580644,16874.44419354839,31,2.5883777239709445,0,4578.655427,1
2025-03-04,Extreme Fear,0xb899e522b5715391ae1d4f137653e7906c5e2115,4578.655427,0.5080645161290323,17691.147903225807,124,2.672782874617737,0,2036.224492,1
2025-03-05,Extreme Fear,0xb899e522b5715391ae1d4f137653e7906c5e2115,2036.224492,0.38,17587.334199999998,100,0.2918287937743191,0,5348.989502,1
2025-03-06,Fear,0xb899e522b5715391ae1d4f137653e7906c5e2115,5348.989502,0.608,13031.173493333332,375,0.9537275064267352,0,5348.62711,1
2025-03-07,Fear,0xb899e522b5715391ae1d4f137653e7906c5e2115,5348.62711,0.4597875569044006,19006.84864946889,659,0.9260377358490566,0,10760.578324,1
2025-03-09,Fear,0xb899e522b5715391ae1d4f137653e7906c5e2115,10760.578324,0.6095238095238096,13882.096698412699,630,1.9936842105263157,0,9163.142483,1
2025-03-10,Extreme Fear,0xb899e522b5715391ae1d4f137653e7906c5e2115,9163.142483,0.33519553072625696,21399.0256424581,358,1.1707680835197614,0,-57956.282957999996,0
2025-03-11,Extreme Fear,0xb899e522b5715391ae1d4f137653e7906c5e2115,-57956.282957999996,0.19098712446351931,15135.68212446352,466,1.8181818181818181,0,4544.583988,1
2025-03-12,Fear,0xb899e522b5715391ae1d4f137653e7906c5e2115,4544.583988,0.5816733067729084,28258.839880478085,251,0.7096079276174063,2,3896.9493979999997,1
2025-03-13,Neutral,0xb899e522b5715391ae1d4f137653e7906c5e2115,3896.9493979999997,0.5609756097560976,27309.887804878046,41,0.9473684210526315,2,1188.74187,1
2025-03-14,Fear,0xb899e522b5715391ae1d4f137653e7906c5e2115,1188.74187,0.5609756097560976,40522.281463414634,82,0.15525352848928384,2,594.5722,1
2025-03-15,Neutral,0xb899e522b5715391ae1d4f137653e7906c5e2115,594.5722,0.5692307692307692,29067.860615384616,65,1.439252336448598,2,-16453.702941,0
2025-03-16,Fear,0xb899e522b5715391ae1d4f137653e7906c5e2115,-16453.702941,0.21138211382113822,37204.39219512195,246,1.345132743362832,2,812.52566,1
2025-03-17,Fear,0xb899e522b5715391ae1d4f137653e7906c5e2115,812.52566,0.7254901960784313,31991.233333333337,51,1.105263157894737,2,1157.213435,1
2025-03-18,Fear,0xb899e522b5715391ae1d4f137653e7906c5e2115,1157.213435,0.34375,49549.2075,32,0.691683569979716,2,38.9845,1
2025-03-20,Neutral,0xb899e522b5715391ae1d4f137653e7906c5e2115,38.9845,0.5,2217.9049999999997,2,0.44652908067542213,0,829.63013,1
2025-03-21,Fear,0xb899e522b5715391ae1d4f137653e7906c5e2115,829.63013,0.5,55552.7575,28,0.9829545454545454,2,907.21938,1
2025-03-23,Fear,0xb899e522b5715391ae1d4f137653e7906c5e2115,907.21938,0.3,81858.2115,20,1.8471337579617835,2,-836.051084,0
2025-03-25,Neutral,0xb899e522b5715391ae1d4f137653e7906c5e2115,-836.051084,0.23157894736842105,35299.146315789476,95,1.1436314363143631,2,-774.039828,0
2025-03-26,Neutral,0xb899e522b5715391ae1d4f137653e7906c5e2115,-774.039828,0.0,10956.067912087912,91,1.030104712041885,0,685.277142,1
2025-03-30,Fear,0xb899e522b5715391ae1d4f137653e7906c5e2115,685.277142,0.5,27852.182083333333,48,5.311111111111111,2,361.071464,1
2025-04-03,Fear,0xb899e522b5715391ae1d4f137653e7906c5e2115,361.071464,0.2916666666666667,28371.712916666667,24,1.207070707070707,2,0.0,0
2025-04-04,Fear,0xb899e522b5715391ae1d4f137653e7906c5e2115,0.0,0.0,16948.606666666667,6,0.6455368693402329,0,611.49348,1
2025-04-05,Fear,0xb899e522b5715391ae1d4f137653e7906c5e2115,611.49348,1.0,20460.626,5,0.6216216216216216,0,254.093244,1
2025-04-06,Fear,0xb899e522b5715391ae1d4f137653e7906c5e2115,254.093244,0.68,19103.7724,25,1.8324324324324324,0,1291.1500099999998,1
2025-04-07,Extreme Fear,0xb899e522b5715391ae1d4f137653e7906c5e2115,1291.1500099999998,0.26548672566371684,23639.45185840708,113,1.0114367405289493,2,936.6942779999999,1
2025-04-08,Extreme Fear,0xb899e522b5715391ae1d4f137653e7906c5e2115,936.6942779999999,0.4117647058823529,27027.108770053474,187,0.8382066276803118,2,6800.812401,1
2025-04-09,Extreme Fear,0xb899e522b5715391ae1d4f137653e7906c5e2115,6800.812401,0.509009009009009,27989.12873873874,222,0.8007262823422605,2,-117.61638999999997,0
2025-04-10,Fear,0xb899e522b5715391ae1d4f137653e7906c5e2115,-117.61638999999997,0.5517241379310345,27220.127586206894,116,1.1484848484848484,2,-482.407981,0
2025-04-11,Fear,0xb899e522b5715391ae1d4f137653e7906c5e2115,-482.407981,0.3828125,40357.236015625,128,0.3979591836734694,2,50.56792,1
2025-04-12,Fear,0xb899e522b5715391ae1d4f137653e7906c5e2115,50.56792,0.5714285714285714,23303.475714285716,7,0.6111535523300229,2,1097.533742,1
2025-04-13,Neutral,0xb899e522b5715391ae1d4f137653e7906c5e2115,1097.533742,0.15,10551.1865,20,1.2697594501718212,0,554.38798,1
2025-04-15,Fear,0xb899e522b5715391ae1d4f137653e7906c5e2115,554.38798,0.7142857142857143,35885.474642857145,28,0.4371029224904701,2,,0
2024-12-28,Greed,0xbaaaf6571ab7d571043ff1e313a9609a10637864,-0.06076,0.0,86.5075,4,0.5480769230769231,0,31.42038,1
2025-02-19,Fear,0xbaaaf6571ab7d571043ff1e313a9609a10637864,31.42038,0.01652892561983471,4940.588512396694,121,1.738430583501006,0,35262.804627,1
2025-02-20,Neutral,0xbaaaf6571ab7d571043ff1e313a9609a10637864,35262.804627,1.0,3421.6945405405404,185,0.6437908496732027,0,22037.667762,1
2025-02-24,Neutral,0xbaaaf6571ab7d571043ff1e313a9609a10637864,22037.667762,0.446730345334313,1645.9218834190547,4083,1.3786531130876747,0,5672.328492,1
2025-02-25,Fear,0xbaaaf6571ab7d571043ff1e313a9609a10637864,5672.328492,0.16859052247873632,3167.5804404617256,3292,2.1074626865671644,0,23589.520054,1
2025-02-26,Extreme Fear,0xbaaaf6571ab7d571043ff1e313a9609a10637864,23589.520054,1.0,7136.707680851064,470,0.49049429657794674,0,0.0,0
2025-03-04,Extreme Fear,0xbaaaf6571ab7d571043ff1e313a9609a10637864,0.0,0.0,6625.281438721137,563,2.672782874617737,0,229058.684298,1
2025-03-05,Extreme Fear,0xbaaaf6571ab7d571043ff1e313a9609a10637864,229058.684298,0.91353001017294,4677.476866734486,983,0.2918287937743191,0,0.0,0
2025-03-06,Fear,0xbaaaf6571ab7d571043ff1e313a9609a10637864,0.0,0.0,9899.837042253523,71,0.9537275064267352,0,87405.926823,1
2025-03-07,Fear,0xbaaaf6571ab7d571043ff1e313a9609a10637864,87405.926823,0.6803377563329313,4768.31558504222,829,0.9260377358490566,0,10.184488,1
2025-03-09,Fear,0xbaaaf6571ab7d571043ff1e313a9609a10637864,10.184488,0.1702127659574468,1697.1225531914893,47,1.9936842105263157,0,5832.316116,1
2025-03-10,Extreme Fear,0xbaaaf6571ab7d571043ff1e313a9609a10637864,5832.316116,0.3118440779610195,5033.190044977511,667,1.1707680835197614,0,1058.58,1
2025-03-11,Extreme Fear,0xbaaaf6571ab7d571043ff1e313a9609a10637864,1058.58,0.04663840096910963,2186.8561296184134,1651,1.8181818181818181,0,289639.089112,1
2025-03-12,Fear,0xbaaaf6571ab7d571043ff1e313a9609a10637864,289639.089112,0.6526557126480703,3118.5291555215895,2617,0.7096079276174063,0,66.447417,1
2025-03-13,Neutral,0xbaaaf6571ab7d571043ff1e313a9609a10637864,66.447417,1.0,22791.99,1,0.9473684210526315,2,16591.266757,1
2025-03-14,Fear,0xbaaaf6571ab7d571043ff1e313a9609a10637864,16591.266757,0.8892900120336944,2140.244061371841,1662,0.15525352848928384,0,18422.612928,1
2025-03-27,Fear,0xbaaaf6571ab7d571043ff1e313a9609a10637864,18422.612928,0.19727891156462585,5352.478163265307,147,1.5241157556270097,0,0.0,0
2025-03-28,Fear,0xbaaaf6571ab7d571043ff1e313a9609a10637864,0.0,0.0,1783.29622754491,167,2.7333333333333334,0,720.749699,1
2025-03-29,Fear,0xbaaaf6571ab7d571043ff1e313a9609a10637864,720.749699,0.41,2584.3467833333334,600,1.1114827201783724,0,0.0,0
2025-03-30,Fear,0xbaaaf6571ab7d571043ff1e313a9609a10637864,0.0,0.0,3000.0830508474573,354,5.311111111111111,0,0.0,0
2025-03-31,Fear,0xbaaaf6571ab7d571043ff1e313a9609a10637864,0.0,0.0,8569.022424242425,33,0.7615658362989324,0,188114.980392,1
2025-04-02,Fear,0xbaaaf6571ab7d571043ff1e313a9609a10637864,188114.980392,1.0,3804.6953432032305,743,0.1350210970464135,0,3869.208803,1
2025-04-03,Fear,0xbaaaf6571ab7d571043ff1e313a9609a10637864,3869.208803,0.5080042689434365,4677.174855923159,937,1.207070707070707,0,9367.872074,1
2025-04-04,Fear,0xbaaaf6571ab7d571043ff1e313a9609a10637864,9367.872074,0.6792452830188679,2198.7353773584905,318,0.6455368693402329,0,1026.735896,1
2025-04-06,Fear,0xbaaaf6571ab7d571043ff1e313a9609a10637864,1026.735896,0.34468937875751504,2739.437655310621,499,1.8324324324324324,0,2378.877324,1
2025-04-07,Extreme Fear,0xbaaaf6571ab7d571043ff1e313a9609a10637864,2378.877324,0.3219178082191781,8733.045479452056,146,1.0114367405289493,0,4.733218,1
2025-04-30,Greed,0xbaaaf6571ab7d571043ff1e313a9609a10637864,4.733218,1.0,10.14,1,3.0472727272727274,0,1.86032,1
2025-05-01,Neutral,0xbaaaf6571ab7d571043ff1e313a9609a10637864,1.86032,1.0,3.9,1,1.2610294117647058,0,,0
2024-12-10,Extreme Greed,0xbd5fead7180a9c139fa51a103cb6a2ce86ddb5c3,0.0,0.0,2798.660769230769,52,0.4971857410881801,0,0.0,0
2024-12-11,Greed,0xbd5fead7180a9c139fa51a103cb6a2ce86ddb5c3,0.0,0.0,637.4164705882353,17,0.16285714285714287,0,0.0,0
2024-12-12,Extreme Greed,0xbd5fead7180a9c139fa51a103cb6a2ce86ddb5c3,0.0,0.0,5158.5,1,0.2786234281932495,0,0.0,0
2024-12-15,Extreme Greed,0xbd5fead7180a9c139fa51a103cb6a2ce86ddb5c3,0.0,0.0,1122.5670689655171,58,1.9982332155477032,0,0.0,0
2024-12-16,Extreme Greed,0xbd5fead7180a9c139fa51a103cb6a2ce86ddb5c3,0.0,0.0,663.0799999999999,4,0.6693037974683544,0,0.0,0
2024-12-17,Extreme Greed,0xbd5fead7180a9c139fa51a103cb6a2ce86ddb5c3,0.0,0.0,1744.65,2,0.7807339449541284,0,0.0,0
2024-12-18,Extreme Greed,0xbd5fead7180a9c139fa51a103cb6a2ce86ddb5c3,0.0,0.0,2207.8585714285714,14,1.0014005602240896,0,-128.0,0
2024-12-19,Extreme Greed,0xbd5fead7180a9c139fa51a103cb6a2ce86ddb5c3,-128.0,0.0,6080.864864864865,37,0.5617399438727783,0,11799.68,1
2024-12-20,Greed,0xbd5fead7180a9c139fa51a103cb6a2ce86ddb5c3,11799.68,0.6212121212121212,2843.038636363636,66,0.8307579102281089,0,0.0,0
2024-12-23,Greed,0xbd5fead7180a9c139fa51a103cb6a2ce86ddb5c3,0.0,0.0,3216.5875,16,0.7902364607170099,0,0.0,0
2024-12-24,Greed,0xbd5fead7180a9c139fa51a103cb6a2ce86ddb5c3,0.0,0.0,1070.0,10,0.5363636363636364,0,0.0,0
2024-12-29,Greed,0xbd5fead7180a9c139fa51a103cb6a2ce86ddb5c3,0.0,0.0,2453.2941025641026,39,0.5227272727272727,0,0.0,0
2025-01-03,Greed,0xbd5fead7180a9c139fa51a103cb6a2ce86ddb5c3,0.0,0.0,1834.7278688524589,61,0.49852507374631266,0,1023.27508,1
2025-01-08,Greed,0xbd5fead7180a9c139fa51a103cb6a2ce86ddb5c3,1023.27508,0.9545454545454546,1200.6454545454546,22,2.5340136054421767,0,0.0,0
2025-01-14,Greed,0xbd5fead7180a9c139fa51a103cb6a2ce86ddb5c3,0.0,0.0,1589.0237499999998,8,0.5027322404371585,0,0.0,0
2025-01-15,Greed,0xbd5fead7180a9c139fa51a103cb6a2ce86ddb5c3,0.0,0.0,1128.8333333333333,3,0.5344827586206896,0,0.0,0
2025-01-16,Extreme Greed,0xbd5fead7180a9c139fa51a103cb6a2ce86ddb5c3,0.0,0.0,910.4933333333333,3,0.44357976653696496,0,0.0,0
2025-01-17,Extreme Greed,0xbd5fead7180a9c139fa51a103cb6a2ce86ddb5c3,0.0,0.0,1519.4399999999998,3,0.6643356643356644,0,-10750.654828,0
2025-01-18,Extreme Greed,0xbd5fead7180a9c139fa51a103cb6a2ce86ddb5c3,-10750.654828,0.0,7729.219166666667,12,1.1845637583892616,0,-7963.5855,0
2025-01-19,Extreme Greed,0xbd5fead7180a9c139fa51a103cb6a2ce86ddb5c3,-7963.5855,0.0,2508.4396666666667,30,1.1584022038567494,0,24895.400898,1
2025-01-20,Extreme Greed,0xbd5fead7180a9c139fa51a103cb6a2ce86ddb5c3,24895.400898,0.7878787878787878,4336.907878787879,33,1.3482142857142858,0,20428.824,1
2025-01-27,Greed,0xbd5fead7180a9c139fa51a103cb6a2ce86ddb5c3,20428.824,1.0,2342.7495652173916,23,1.9391634980988592,0,0.0,0
2025-01-31,Extreme Greed,0xbd5fead7180a9c139fa51a103cb6a2ce86ddb5c3,0.0,0.0,1589.025081967213,61,0.4660894660894661,0,160022.95082600001,1
2025-02-03,Fear,0xbd5fead7180a9c139fa51a103cb6a2ce86ddb5c3,160022.95082600001,1.0,3243.988695652174,69,0.8463925523661753,0,0.0,0
2025-02-04,Greed,0xbd5fead7180a9c139fa51a103cb6a2ce86ddb5c3,0.0,0.0,3777.777777777778,18,0.8349159970781592,0,-24500.0,0
2025-02-06,Neutral,0xbd5fead7180a9c139fa51a103cb6a2ce86ddb5c3,-24500.0,0.0,18423.076923076922,13,2.153703703703704,0,0.0,0
2025-02-09,Neutral,0xbd5fead7180a9c139fa51a103cb6a2ce86ddb5c3,0.0,0.0,625.8133333333334,3,1.2738095238095237,0,0.0,0
2025-02-10,Fear,0xbd5fead7180a9c139fa51a103cb6a2ce86ddb5c3,0.0,0.0,591.3531818181818,22,0.6805293005671077,0,0.0,0
2025-02-15,Neutral,0xbd5fead7180a9c139fa51a103cb6a2ce86ddb5c3,0.0,0.0,805.4399999999999,4,1.5961002785515321,0,0.0,0
2025-02-21,Greed,0xbd5fead7180a9c139fa51a103cb6a2ce86ddb5c3,0.0,0.0,4675.215454545454,33,0.6589902568644819,0,15074.26913,1
2025-02-22,Neutral,0xbd5fead7180a9c139fa51a103cb6a2ce86ddb5c3,15074.26913,0.2608695652173913,7487.178405797102,138,1.1042944785276074,0,0.0,0
2025-02-23,Neutral,0xbd5fead7180a9c139fa51a103cb6a2ce86ddb5c3,0.0,0.0,2502.296301369863,73,1.1940928270042195,0,0.0,0
2025-02-24,Neutral,0xbd5fead7180a9c139fa51a103cb6a2ce86ddb5c3,0.0,0.0,1796.1407142857145,28,1.3786531130876747,0,3859.44,1
2025-02-25,Fear,0xbd5fead7180a9c139fa51a103cb6a2ce86ddb5c3,3859.44,0.6071428571428571,2181.2564285714284,28,2.1074626865671644,0,-871.1949999999999,0
2025-02-26,Extreme Fear,0xbd5fead7180a9c139fa51a103cb6a2ce86ddb5c3,-871.1949999999999,0.023809523809523808,3619.3485714285716,42,0.49049429657794674,0,-48309.11776,0
2025-02-27,Extreme Fear,0xbd5fead7180a9c139fa51a103cb6a2ce86ddb5c3,-48309.11776,0.011111111111111112,8859.279777777778,90,0.8388429752066116,0,67673.757678,1
2025-02-28,Extreme Fear,0xbd5fead7180a9c139fa51a103cb6a2ce86ddb5c3,67673.757678,0.9661016949152542,8249.914915254238,59,1.0838445807770962,0,-2632.65866,0
2025-03-02,Fear,0xbd5fead7180a9c139fa51a103cb6a2ce86ddb5c3,-2632.65866,0.0,12216.244880952381,84,1.062015503875969,0,57561.35367,1
2025-03-03,Fear,0xbd5fead7180a9c139fa51a103cb6a2ce86ddb5c3,57561.35367,0.8235294117647058,8611.731764705883,136,2.5883777239709445,0,0.0,0
2025-03-04,Extreme Fear,0xbd5fead7180a9c139fa51a103cb6a2ce86ddb5c3,0.0,0.0,86000.0,2,2.672782874617737,2,3677.4,1
2025-03-05,Extreme Fear,0xbd5fead7180a9c139fa51a103cb6a2ce86ddb5c3,3677.4,1.0,22375.0,8,0.2918287937743191,2,0.0,0
2025-03-06,Fear,0xbd5fead7180a9c139fa51a103cb6a2ce86ddb5c3,0.0,0.0,2433.409375,16,0.9537275064267352,0,43861.966536,1
2025-03-07,Fear,0xbd5fead7180a9c139fa51a103cb6a2ce86ddb5c3,43861.966536,0.6598639455782312,9958.719795918369,147,0.9260377358490566,0,5836.8743,1
2025-03-08,Fear,0xbd5fead7180a9c139fa51a103cb6a2ce86ddb5c3,5836.8743,1.0,1318.431388888889,36,1.1950207468879668,0,0.0,0
2025-03-11,Extreme Fear,0xbd5fead7180a9c139fa51a103cb6a2ce86ddb5c3,0.0,0.0,4591.028571428572,7,1.8181818181818181,0,-15387.62119,0
2025-03-12,Fear,0xbd5fead7180a9c139fa51a103cb6a2ce86ddb5c3,-15387.62119,0.0,24693.342631578947,57,0.7096079276174063,2,-120.432,0
2025-03-18,Fear,0xbd5fead7180a9c139fa51a103cb6a2ce86ddb5c3,-120.432,0.0,17589.48851851852,27,0.691683569979716,0,0.0,0
2025-03-19,Fear,0xbd5fead7180a9c139fa51a103cb6a2ce86ddb5c3,0.0,0.0,4414.302692307692,26,0.5367016205910391,0,0.0,0
2025-03-26,Neutral,0xbd5fead7180a9c139fa51a103cb6a2ce86ddb5c3,0.0,0.0,32793.78333333333,3,1.030104712041885,2,0.0,0
2025-03-27,Fear,0xbd5fead7180a9c139fa51a103cb6a2ce86ddb5c3,0.0,0.0,24814.283809523808,21,1.5241157556270097,2,-8320.5,0
2025-03-31,Fear,0xbd5fead7180a9c139fa51a103cb6a2ce86ddb5c3,-8320.5,0.0,138666.66666666666,3,0.7615658362989324,2,-9311.892185,0
2025-04-01,Fear,0xbd5fead7180a9c139fa51a103cb6a2ce86ddb5c3,-9311.892185,0.0,5608.603928571429,28,0.92,0,2676.6850000000004,1
2025-04-02,Fear,0xbd5fead7180a9c139fa51a103cb6a2ce86ddb5c3,2676.6850000000004,0.9393939393939394,2821.9739393939394,66,0.1350210970464135,0,-5862.0887760000005,0
2025-04-03,Fear,0xbd5fead7180a9c139fa51a103cb6a2ce86ddb5c3,-5862.0887760000005,0.0,7051.005833333334,12,1.207070707070707,0,-43753.361578,0
2025-04-04,Fear,0xbd5fead7180a9c139fa51a103cb6a2ce86ddb5c3,-43753.361578,0.18181818181818182,5448.201969696969,132,0.6455368693402329,0,51942.142881,1
2025-04-07,Extreme Fear,0xbd5fead7180a9c139fa51a103cb6a2ce86ddb5c3,51942.142881,0.2777777777777778,15608.295185185187,108,1.0114367405289493,0,-36400.46439,0
2025-04-09,Extreme Fear,0xbd5fead7180a9c139fa51a103cb6a2ce86ddb5c3,-36400.46439,0.0,5228.704647887324,71,0.8007262823422605,0,19858.73334,1
2025-04-10,Fear,0xbd5fead7180a9c139fa51a103cb6a2ce86ddb5c3,19858.73334,1.0,2053.538692307692,130,1.1484848484848484,0,0.0,0
2025-04-12,Fear,0xbd5fead7180a9c139fa51a103cb6a2ce86ddb5c3,0.0,0.0,53073.62666666667,24,0.6111535523300229,2,32724.19729,1
2025-04-13,Neutral,0xbd5fead7180a9c139fa51a103cb6a2ce86ddb5c3,32724.19729,0.8857142857142857,24908.65857142857,35,1.2697594501718212,2,0.0,0
2025-04-14,Fear,0xbd5fead7180a9c139fa51a103cb6a2ce86ddb5c3,0.0,0.0,985.0413725490196,51,1.386058981233244,0,18951.678454,1
2025-04-15,Fear,0xbd5fead7180a9c139fa51a103cb6a2ce86ddb5c3,18951.678454,1.0,23060.654814814818,27,0.4371029224904701,2,9556.6,1
2025-04-16,Fear,0xbd5fead7180a9c139fa51a103cb6a2ce86ddb5c3,9556.6,1.0,17059.466,15,1.0802069857697283,0,0.0,0
2025-04-17,Fear,0xbd5fead7180a9c139fa51a103cb6a2ce86ddb5c3,0.0,0.0,1086.4290909090907,11,0.49420289855072463,0,0.0,0
2025-04-19,Fear,0xbd5fead7180a9c139fa51a103cb6a2ce86ddb5c3,0.0,0.0,8027.694615384616,13,0.5590374930050364,0,-2993.575225,0
2025-04-23,Greed,0xbd5fead7180a9c139fa51a103cb6a2ce86ddb5c3,-2993.575225,0.0,1538.6438235294117,34,2.1731066460587325,0,-113601.02013799999,0
2025-05-01,Neutral,0xbd5fead7180a9c139fa51a103cb6a2ce86ddb5c3,-113601.02013799999,0.008620689655172414,16681.46775862069,116,1.2610294117647058,0,,0
2024-12-08,Extreme Greed,0xbee1707d6b44d4d52bfe19e41f8a828645437aab,15206.395076,0.9130434782608695,3401.4840217391306,92,0.24260355029585798,0,2397.068675,1
2024-12-09,Extreme Greed,0xbee1707d6b44d4d52bfe19e41f8a828645437aab,2397.068675,0.06293706293706294,3120.5087412587413,143,5.416666666666667,0,26600.990442,1
2024-12-10,Extreme Greed,0xbee1707d6b44d4d52bfe19e41f8a828645437aab,26600.990442,0.5765086206896551,1859.9979202586208,928,0.4971857410881801,0,24663.690943,1
2024-12-11,Greed,0xbee1707d6b44d4d52bfe19e41f8a828645437aab,24663.690943,0.9792452830188679,1207.490075471698,530,0.16285714285714287,0,130826.491662,1
2024-12-12,Extreme Greed,0xbee1707d6b44d4d52bfe19e41f8a828645437aab,130826.491662,0.8146013448607109,2596.416272814601,1041,0.2786234281932495,0,9405.233313,1
2024-12-13,Extreme Greed,0xbee1707d6b44d4d52bfe19e41f8a828645437aab,9405.233313,0.2527075812274368,2702.6475451263536,277,1.3601609657947686,0,1294.450646,1
2024-12-14,Extreme Greed,0xbee1707d6b44d4d52bfe19e41f8a828645437aab,1294.450646,0.05714285714285714,6203.194285714286,70,0.9296875,0,1703.2571850000002,1
2024-12-15,Extreme Greed,0xbee1707d6b44d4d52bfe19e41f8a828645437aab,1703.2571850000002,0.2222222222222222,2227.3388888888894,9,1.9982332155477032,0,126852.290809,1
2024-12-16,Extreme Greed,0xbee1707d6b44d4d52bfe19e41f8a828645437aab,126852.290809,0.47346938775510206,4090.4684897959187,245,0.6693037974683544,0,128648.384642,1
2024-12-17,Extreme Greed,0xbee1707d6b44d4d52bfe19e41f8a828645437aab,128648.384642,0.5651260504201681,3056.9325000000003,476,0.7807339449541284,0,2139.192941,1
2024-12-18,Extreme Greed,0xbee1707d6b44d4d52bfe19e41f8a828645437aab,2139.192941,0.26900584795321636,2279.296023391813,342,1.0014005602240896,0,27888.195088,1
2024-12-19,Extreme Greed,0xbee1707d6b44d4d52bfe19e41f8a828645437aab,27888.195088,0.708092485549133,2272.286083815029,2076,0.5617399438727783,0,139628.47633,1
2024-12-20,Greed,0xbee1707d6b44d4d52bfe19e41f8a828645437aab,139628.47633,0.5337569499602859,2917.238474980143,1259,0.8307579102281089,0,103460.844587,1
2024-12-21,Greed,0xbee1707d6b44d4d52bfe19e41f8a828645437aab,103460.844587,0.6931677018633541,3172.574695652174,805,0.5493087557603686,0,19694.301887,1
2024-12-22,Greed,0xbee1707d6b44d4d52bfe19e41f8a828645437aab,19694.301887,0.75,5072.932685185185,108,1.3742331288343559,0,-76194.26162399999,0
2024-12-23,Greed,0xbee1707d6b44d4d52bfe19e41f8a828645437aab,-76194.26162399999,0.20040485829959515,3278.057968960864,1482,0.7902364607170099,0,-5527.285214,0
2024-12-24,Greed,0xbee1707d6b44d4d52bfe19e41f8a828645437aab,-5527.285214,0.04938271604938271,3502.3662962962962,81,0.5363636363636364,0,-1059.724367,0
2024-12-25,Greed,0xbee1707d6b44d4d52bfe19e41f8a828645437aab,-1059.724367,0.0,5163.3108571428575,35,0.7049180327868853,0,3103.720794,1
2024-12-26,Extreme Greed,0xbee1707d6b44d4d52bfe19e41f8a828645437aab,3103.720794,0.5786350148367952,4189.758931750742,337,1.1512345679012346,0,0.0,0
2024-12-27,Greed,0xbee1707d6b44d4d52bfe19e41f8a828645437aab,0.0,0.0,0.06,1,1.113821138211382,0,0.0,0
2025-01-10,Neutral,0xbee1707d6b44d4d52bfe19e41f8a828645437aab,0.0,0.0,2999.81,2,0.8079470198675497,0,65.42769200000001,1
2025-01-11,Greed,0xbee1707d6b44d4d52bfe19e41f8a828645437aab,65.42769200000001,0.2222222222222222,1165.4522222222222,9,1.4188034188034189,0,0.0,0
2025-01-13,Greed,0xbee1707d6b44d4d52bfe19e41f8a828645437aab,0.0,0.0,1488.3963636363637,11,1.4285714285714286,0,5103.198502,1
2025-01-14,Greed,0xbee1707d6b44d4d52bfe19e41f8a828645437aab,5103.198502,0.6268656716417911,1344.250895522388,67,0.5027322404371585,0,66.63180299999999,1
2025-01-15,Greed,0xbee1707d6b44d4d52bfe19e41f8a828645437aab,66.63180299999999,0.375,908.50375,8,0.5344827586206896,0,0.0,0
2025-01-16,Extreme Greed,0xbee1707d6b44d4d52bfe19e41f8a828645437aab,0.0,0.0,1587.855,2,0.44357976653696496,0,77.26888,1
2025-01-17,Extreme Greed,0xbee1707d6b44d4d52bfe19e41f8a828645437aab,77.26888,0.42857142857142855,1463.1599999999999,7,0.6643356643356644,0,0.0,0
2025-01-18,Extreme Greed,0xbee1707d6b44d4d52bfe19e41f8a828645437aab,0.0,0.0,2035.5961538461538,13,1.1845637583892616,0,512.9694489999999,1
2025-01-19,Extreme Greed,0xbee1707d6b44d4d52bfe19e41f8a828645437aab,512.9694489999999,0.8275862068965517,983.9131034482758,29,1.1584022038567494,0,-4968.452873,0
2025-01-20,Extreme Greed,0xbee1707d6b44d4d52bfe19e41f8a828645437aab,-4968.452873,0.17277486910994763,791.7238219895288,191,1.3482142857142858,0,1343.189535,1
2025-01-21,Extreme Greed,0xbee1707d6b44d4d52bfe19e41f8a828645437aab,1343.189535,0.84,721.1088000000001,50,0.37662337662337664,0,554.298224,1
2025-01-22,Extreme Greed,0xbee1707d6b44d4d52bfe19e41f8a828645437aab,554.298224,0.6923076923076923,767.0084615384616,13,0.5551401869158878,0,-133.631755,0
2025-01-23,Extreme Greed,0xbee1707d6b44d4d52bfe19e41f8a828645437aab,-133.631755,0.0625,989.034375,16,0.8538812785388128,0,2109.118305,1
2025-01-24,Extreme Greed,0xbee1707d6b44d4d52bfe19e41f8a828645437aab,2109.118305,0.5476190476190477,921.5711904761904,84,0.6937984496124031,0,107.54725099999999,1
2025-01-25,Extreme Greed,0xbee1707d6b44d4d52bfe19e41f8a828645437aab,107.54725099999999,0.09090909090909091,742.9863636363636,33,1.649214659685864,0,1012.208613,1
2025-01-26,Greed,0xbee1707d6b44d4d52bfe19e41f8a828645437aab,1012.208613,0.48148148148148145,1029.6403703703704,27,0.64,0,-220.548198,0
2025-01-27,Greed,0xbee1707d6b44d4d52bfe19e41f8a828645437aab,-220.548198,0.017857142857142856,1004.7960714285715,56,1.9391634980988592,0,6959.984986,1
2025-01-28,Greed,0xbee1707d6b44d4d52bfe19e41f8a828645437aab,6959.984986,0.6859504132231405,1173.1775206611571,121,0.4604105571847507,0,1193.2639530000001,1
2025-01-29,Greed,0xbee1707d6b44d4d52bfe19e41f8a828645437aab,1193.2639530000001,0.7236842105263158,967.4096052631579,76,0.9279661016949152,0,1072.220367,1
2025-01-30,Greed,0xbee1707d6b44d4d52bfe19e41f8a828645437aab,1072.220367,0.2947761194029851,1278.6088059701492,268,0.33375,0,3143.489896,1
2025-01-31,Extreme Greed,0xbee1707d6b44d4d52bfe19e41f8a828645437aab,3143.489896,0.6184738955823293,1556.0202409638553,249,0.4660894660894661,0,2954.521713,1
2025-02-01,Greed,0xbee1707d6b44d4d52bfe19e41f8a828645437aab,2954.521713,0.7112299465240641,1204.9785026737968,187,1.24822695035461,0,-329.680689,0
2025-02-02,Greed,0xbee1707d6b44d4d52bfe19e41f8a828645437aab,-329.680689,0.2900763358778626,1839.5793129770993,131,1.713991769547325,0,5803.573999,1
2025-02-03,Fear,0xbee1707d6b44d4d52bfe19e41f8a828645437aab,5803.573999,0.4246153846153846,1758.0771384615382,325,0.8463925523661753,0,806.765131,1
2025-02-04,Greed,0xbee1707d6b44d4d52bfe19e41f8a828645437aab,806.765131,0.2862903225806452,1351.8856048387097,248,0.8349159970781592,0,713.82809,1
2025-02-05,Neutral,0xbee1707d6b44d4d52bfe19e41f8a828645437aab,713.82809,0.7857142857142857,3668.815,14,1.1332236842105263,0,1212.452697,1
2025-02-06,Neutral,0xbee1707d6b44d4d52bfe19e41f8a828645437aab,1212.452697,0.896551724137931,1363.3675862068965,29,2.153703703703704,0,2631.225181,1
2025-02-07,Fear,0xbee1707d6b44d4d52bfe19e41f8a828645437aab,2631.225181,0.4,2059.84464,125,1.687830687830688,0,-189.463436,0
2025-02-08,Fear,0xbee1707d6b44d4d52bfe19e41f8a828645437aab,-189.463436,0.07692307692307693,2671.7584615384617,13,3.6370967741935485,0,204.72190899999998,1
2025-02-09,Neutral,0xbee1707d6b44d4d52bfe19e41f8a828645437aab,204.72190899999998,0.375,1334.912142857143,56,1.2738095238095237,0,3796.008199,1
2025-02-10,Fear,0xbee1707d6b44d4d52bfe19e41f8a828645437aab,3796.008199,0.65,1484.4517857142857,140,0.6805293005671077,0,1901.6318190000002,1
2025-02-11,Neutral,0xbee1707d6b44d4d52bfe19e41f8a828645437aab,1901.6318190000002,0.34615384615384615,1947.8190384615384,52,0.7448559670781894,0,1747.1899090000002,1
2025-02-12,Neutral,0xbee1707d6b44d4d52bfe19e41f8a828645437aab,1747.1899090000002,0.6338028169014085,1623.5340845070423,71,0.6496,0,5096.967096,1
2025-02-13,Neutral,0xbee1707d6b44d4d52bfe19e41f8a828645437aab,5096.967096,0.5064102564102564,1561.7910256410255,156,0.7631917631917632,0,-1818.156466,0
2025-02-14,Neutral,0xbee1707d6b44d4d52bfe19e41f8a828645437aab,-1818.156466,0.006024096385542169,1363.292951807229,166,0.47373107747105964,0,3822.79759,1
2025-02-15,Neutral,0xbee1707d6b44d4d52bfe19e41f8a828645437aab,3822.79759,0.4153846153846154,1798.402076923077,130,1.5961002785515321,0,321.733978,1
2025-02-16,Neutral,0xbee1707d6b44d4d52bfe19e41f8a828645437aab,321.733978,0.7037037037037037,1193.8803703703704,54,1.0267857142857142,0,111.69658399999999,1
2025-02-17,Neutral,0xbee1707d6b44d4d52bfe19e41f8a828645437aab,111.69658399999999,0.31788079470198677,1591.1465562913907,151,1.9591194968553458,0,3935.153067,1
2025-02-18,Neutral,0xbee1707d6b44d4d52bfe19e41f8a828645437aab,3935.153067,0.48828125,1823.6225390625,512,1.6816,0,5930.986467,1
2025-02-19,Fear,0xbee1707d6b44d4d52bfe19e41f8a828645437aab,5930.986467,0.5665024630541872,1708.6227586206896,406,1.738430583501006,0,819.221222,1
2025-02-20,Neutral,0xbee1707d6b44d4d52bfe19e41f8a828645437aab,819.221222,0.38271604938271603,1142.087962962963,162,0.6437908496732027,0,4483.141317,1
2025-02-21,Greed,0xbee1707d6b44d4d52bfe19e41f8a828645437aab,4483.141317,0.4549019607843137,1669.3589019607844,255,0.6589902568644819,0,1391.928432,1
2025-02-22,Neutral,0xbee1707d6b44d4d52bfe19e41f8a828645437aab,1391.928432,0.6833333333333333,1097.3101666666666,60,1.1042944785276074,0,383.135241,1
2025-02-23,Neutral,0xbee1707d6b44d4d52bfe19e41f8a828645437aab,383.135241,0.5555555555555556,2283.7915555555555,45,1.1940928270042195,0,-10373.274402000001,0
2025-02-24,Neutral,0xbee1707d6b44d4d52bfe19e41f8a828645437aab,-10373.274402000001,0.1478494623655914,1398.9927284946236,744,1.3786531130876747,0,-23384.358492,0
2025-02-25,Fear,0xbee1707d6b44d4d52bfe19e41f8a828645437aab,-23384.358492,0.27161997563946405,1441.9933982947625,1642,2.1074626865671644,0,2617.069579,1
2025-02-26,Extreme Fear,0xbee1707d6b44d4d52bfe19e41f8a828645437aab,2617.069579,0.40609137055837563,1509.370609137056,394,0.49049429657794674,0,2886.786952,1
2025-02-27,Extreme Fear,0xbee1707d6b44d4d52bfe19e41f8a828645437aab,2886.786952,0.3058321479374111,1449.1966998577525,703,0.8388429752066116,0,2642.770468,1
2025-02-28,Extreme Fear,0xbee1707d6b44d4d52bfe19e41f8a828645437aab,2642.770468,0.44370860927152317,1355.6750662251654,302,1.0838445807770962,0,446.358633,1
2025-03-01,Extreme Fear,0xbee1707d6b44d4d52bfe19e41f8a828645437aab,446.358633,0.3137254901960784,1384.9447058823528,51,1.5217391304347827,0,2576.6453030000002,1
2025-03-02,Fear,0xbee1707d6b44d4d52bfe19e41f8a828645437aab,2576.6453030000002,0.5392156862745098,1921.2604901960785,102,1.062015503875969,0,2448.046511,1
2025-03-03,Fear,0xbee1707d6b44d4d52bfe19e41f8a828645437aab,2448.046511,0.6575342465753424,1970.5965753424655,73,2.5883777239709445,0,-4934.6700519999995,0
2025-03-04,Extreme Fear,0xbee1707d6b44d4d52bfe19e41f8a828645437aab,-4934.6700519999995,0.38508682328907046,1496.3304392236976,979,2.672782874617737,0,12814.770318,1
2025-03-05,Extreme Fear,0xbee1707d6b44d4d52bfe19e41f8a828645437aab,12814.770318,0.6237623762376238,1811.146831683168,202,0.2918287937743191,0,601.486585,1
2025-03-06,Fear,0xbee1707d6b44d4d52bfe19e41f8a828645437aab,601.486585,0.42045454545454547,1406.2047727272727,88,0.9537275064267352,0,9142.064849,1
2025-03-07,Fear,0xbee1707d6b44d4d52bfe19e41f8a828645437aab,9142.064849,0.5104333868378812,1885.9940930979135,623,0.9260377358490566,0,2219.262399,1
2025-03-08,Fear,0xbee1707d6b44d4d52bfe19e41f8a828645437aab,2219.262399,0.3880597014925373,1190.7070895522388,134,1.1950207468879668,0,805.6551000000001,1
2025-03-09,Fear,0xbee1707d6b44d4d52bfe19e41f8a828645437aab,805.6551000000001,0.24719101123595505,1607.242191011236,178,1.9936842105263157,0,9791.668235,1
2025-03-10,Extreme Fear,0xbee1707d6b44d4d52bfe19e41f8a828645437aab,9791.668235,0.5091036414565826,1381.5543347338937,1428,1.1707680835197614,0,-136.41741799999994,0
2025-03-11,Extreme Fear,0xbee1707d6b44d4d52bfe19e41f8a828645437aab,-136.41741799999994,0.34534534534534533,1225.6175075075075,333,1.8181818181818181,0,8096.937709,1
2025-03-12,Fear,0xbee1707d6b44d4d52bfe19e41f8a828645437aab,8096.937709,0.4918625678119349,1791.739095840868,553,0.7096079276174063,0,5090.880874,1
2025-03-13,Neutral,0xbee1707d6b44d4d52bfe19e41f8a828645437aab,5090.880874,0.5681159420289855,1461.4744347826086,690,0.9473684210526315,0,-49.67229100000003,0
2025-03-14,Fear,0xbee1707d6b44d4d52bfe19e41f8a828645437aab,-49.67229100000003,0.17391304347826086,1729.6968478260867,92,0.15525352848928384,0,1764.258791,1
2025-03-15,Neutral,0xbee1707d6b44d4d52bfe19e41f8a828645437aab,1764.258791,0.6133333333333333,1705.1933333333334,75,1.439252336448598,0,5.068941999999993,1
2025-03-16,Fear,0xbee1707d6b44d4d52bfe19e41f8a828645437aab,5.068941999999993,0.1134020618556701,1426.0048453608247,97,1.345132743362832,0,390.08642000000003,1
2025-03-17,Fear,0xbee1707d6b44d4d52bfe19e41f8a828645437aab,390.08642000000003,0.36929460580912865,1349.2339834024897,241,1.105263157894737,0,1930.871511,1
2025-03-18,Fear,0xbee1707d6b44d4d52bfe19e41f8a828645437aab,1930.871511,0.31954887218045114,1325.5640225563911,266,0.691683569979716,0,5253.432742,1
2025-03-19,Fear,0xbee1707d6b44d4d52bfe19e41f8a828645437aab,5253.432742,0.4880546075085324,1873.024300341297,879,0.5367016205910391,0,-682.2653320000001,0
2025-03-20,Neutral,0xbee1707d6b44d4d52bfe19e41f8a828645437aab,-682.2653320000001,0.045936395759717315,1533.3633215547704,283,0.44652908067542213,0,4866.15672,1
2025-03-21,Fear,0xbee1707d6b44d4d52bfe19e41f8a828645437aab,4866.15672,0.5072727272727273,1152.8391272727274,550,0.9829545454545454,0,1637.832293,1
2025-03-22,Fear,0xbee1707d6b44d4d52bfe19e41f8a828645437aab,1637.832293,0.2558139534883721,1502.8190988372094,344,0.7092651757188498,0,882.848973,1
2025-03-23,Fear,0xbee1707d6b44d4d52bfe19e41f8a828645437aab,882.848973,0.10112359550561797,972.4924719101124,178,1.8471337579617835,0,7122.965048,1
2025-03-24,Neutral,0xbee1707d6b44d4d52bfe19e41f8a828645437aab,7122.965048,0.604,1389.18776,500,0.2616707616707617,0,1256.867824,1
2025-03-25,Neutral,0xbee1707d6b44d4d52bfe19e41f8a828645437aab,1256.867824,0.4411764705882353,1210.40545751634,306,1.1436314363143631,0,-6062.660109,0
2025-03-26,Neutral,0xbee1707d6b44d4d52bfe19e41f8a828645437aab,-6062.660109,0.2297138377107017,1854.422602900823,2551,1.030104712041885,0,1743.483217,1
2025-03-27,Fear,0xbee1707d6b44d4d52bfe19e41f8a828645437aab,1743.483217,0.6176470588235294,1246.1119852941176,136,1.5241157556270097,0,1841.802102,1
2025-03-28,Fear,0xbee1707d6b44d4d52bfe19e41f8a828645437aab,1841.802102,0.3333333333333333,1143.3873983739836,246,2.7333333333333334,0,-3661.1103980000003,0
2025-03-29,Fear,0xbee1707d6b44d4d52bfe19e41f8a828645437aab,-3661.1103980000003,0.31917098445595854,1381.2940414507773,965,1.1114827201783724,0,536.150767,1
2025-03-30,Fear,0xbee1707d6b44d4d52bfe19e41f8a828645437aab,536.150767,0.49056603773584906,1635.4145283018868,53,5.311111111111111,0,41.27745400000002,1
2025-03-31,Fear,0xbee1707d6b44d4d52bfe19e41f8a828645437aab,41.27745400000002,0.691358024691358,809.165061728395,81,0.7615658362989324,0,147.445788,1
2025-04-01,Fear,0xbee1707d6b44d4d52bfe19e41f8a828645437aab,147.445788,0.7714285714285715,1226.783142857143,35,0.92,0,1842.839943,1
2025-04-02,Fear,0xbee1707d6b44d4d52bfe19e41f8a828645437aab,1842.839943,0.6440677966101694,991.0424576271186,118,0.1350210970464135,0,-3368.876326,0
2025-04-03,Fear,0xbee1707d6b44d4d52bfe19e41f8a828645437aab,-3368.876326,0.0,1706.5415708812259,261,1.207070707070707,0,-4513.160132,0
2025-04-04,Fear,0xbee1707d6b44d4d52bfe19e41f8a828645437aab,-4513.160132,0.15950920245398773,1419.9448159509202,326,0.6455368693402329,0,1113.761229,1
2025-04-05,Fear,0xbee1707d6b44d4d52bfe19e41f8a828645437aab,1113.761229,0.3,1116.7745555555557,90,0.6216216216216216,0,1828.77716,1
2025-04-06,Fear,0xbee1707d6b44d4d52bfe19e41f8a828645437aab,1828.77716,0.2894736842105263,2081.839298245614,114,1.8324324324324324,0,-9593.258137,0
2025-04-07,Extreme Fear,0xbee1707d6b44d4d52bfe19e41f8a828645437aab,-9593.258137,0.05181347150259067,1632.7632383419689,386,1.0114367405289493,0,11735.32104,1
2025-04-08,Extreme Fear,0xbee1707d6b44d4d52bfe19e41f8a828645437aab,11735.32104,0.7485029940119761,1521.912754491018,167,0.8382066276803118,0,2503.69251,1
2025-04-09,Extreme Fear,0xbee1707d6b44d4d52bfe19e41f8a828645437aab,2503.69251,0.6268656716417911,1143.0998507462687,134,0.8007262823422605,0,35.58096,1
2025-04-10,Fear,0xbee1707d6b44d4d52bfe19e41f8a828645437aab,35.58096,0.5384615384615384,962.6380769230769,52,1.1484848484848484,0,857.60294,1
2025-04-11,Fear,0xbee1707d6b44d4d52bfe19e41f8a828645437aab,857.60294,0.23577235772357724,1340.7579674796746,123,0.3979591836734694,0,4358.599132,1
2025-04-12,Fear,0xbee1707d6b44d4d52bfe19e41f8a828645437aab,4358.599132,0.3745928338762215,1530.1273615635178,307,0.6111535523300229,0,2319.824156,1
2025-04-13,Neutral,0xbee1707d6b44d4d52bfe19e41f8a828645437aab,2319.824156,0.315028901734104,1441.715028901734,346,1.2697594501718212,0,6100.692122,1
2025-04-14,Fear,0xbee1707d6b44d4d52bfe19e41f8a828645437aab,6100.692122,0.5026315789473684,1437.8765263157893,380,1.386058981233244,0,920.056063,1
2025-04-15,Fear,0xbee1707d6b44d4d52bfe19e41f8a828645437aab,920.056063,0.625,2489.536,40,0.4371029224904701,0,1958.056487,1
2025-04-16,Fear,0xbee1707d6b44d4d52bfe19e41f8a828645437aab,1958.056487,0.2762237762237762,1250.2118181818182,286,1.0802069857697283,0,3359.966896,1
2025-04-17,Fear,0xbee1707d6b44d4d52bfe19e41f8a828645437aab,3359.966896,0.4200680272108844,1417.4413265306123,588,0.49420289855072463,0,2945.701617,1
2025-04-18,Fear,0xbee1707d6b44d4d52bfe19e41f8a828645437aab,2945.701617,0.5587188612099644,1507.8099822064057,562,0.6628621597892889,0,976.5105639999999,1
2025-04-19,Fear,0xbee1707d6b44d4d52bfe19e41f8a828645437aab,976.5105639999999,0.19773429454170957,1419.0301441812564,971,0.5590374930050364,0,807.262731,1
2025-04-20,Fear,0xbee1707d6b44d4d52bfe19e41f8a828645437aab,807.262731,0.6507936507936508,1074.8039682539682,63,1.194905869324474,0,711.68096,1
2025-04-21,Fear,0xbee1707d6b44d4d52bfe19e41f8a828645437aab,711.68096,0.5272727272727272,1553.0632727272728,55,0.5421903052064632,0,1463.173211,1
2025-04-22,Neutral,0xbee1707d6b44d4d52bfe19e41f8a828645437aab,1463.173211,0.48711943793911006,1607.504824355972,427,0.899873257287706,0,1700.638677,1
2025-04-23,Greed,0xbee1707d6b44d4d52bfe19e41f8a828645437aab,1700.638677,0.3252279635258359,1806.9595136778116,329,2.1731066460587325,0,-45.94597,0
2025-04-24,Greed,0xbee1707d6b44d4d52bfe19e41f8a828645437aab,-45.94597,0.0,3645.04,2,1.2120911793855302,0,1101.511718,1
2025-04-25,Greed,0xbee1707d6b44d4d52bfe19e41f8a828645437aab,1101.511718,0.42207792207792205,1040.8414935064934,154,0.7006172839506173,0,18.390524,1
2025-04-26,Greed,0xbee1707d6b44d4d52bfe19e41f8a828645437aab,18.390524,0.06896551724137931,1771.744827586207,29,1.146110056925996,0,1709.194807,1
2025-04-27,Greed,0xbee1707d6b44d4d52bfe19e41f8a828645437aab,1709.194807,0.3902439024390244,2153.8593902439025,82,1.6328125,0,4008.588908,1
2025-04-28,Neutral,0xbee1707d6b44d4d52bfe19e41f8a828645437aab,4008.588908,0.3930232558139535,1495.5384186046513,430,0.8968363136176066,0,8561.771838,1
2025-04-29,Greed,0xbee1707d6b44d4d52bfe19e41f8a828645437aab,8561.771838,0.44124168514412415,1939.7399889135254,902,0.9710017574692443,0,2520.773814,1
2025-04-30,Greed,0xbee1707d6b44d4d52bfe19e41f8a828645437aab,2520.773814,0.52,1748.8053333333332,75,3.0472727272727274,0,1364.022527,1
2025-05-01,Neutral,0xbee1707d6b44d4d52bfe19e41f8a828645437aab,1364.022527,0.3282442748091603,2448.466488549618,131,1.2610294117647058,0,,0
